image_id,label
0,0
1,0
2,0
3,0
4,0
5,0
6,0
7,0
8,0
9,0
10,0
11,0
12,0
13,0
14,0
15,0
16,0
17,0
18,0
19,0
20,0
21,0
22,0
23,0
24,0
25,0
26,0
27,0
28,0
29,0
30,0
31,0
32,0
33,0
34,0
35,0
36,0
37,0
38,0
39,0
40,0
41,0
42,0
43,0
44,0
45,0
46,0
47,0
48,0
49,0
50,0
51,0
52,0
53,0
54,0
55,0
56,0
57,0
58,0
59,0
60,0
61,0
62,0
63,0
64,0
65,0
66,0
67,0
68,0
69,0
70,0
71,0
72,0
73,0
74,0
75,0
76,0
77,0
78,0
79,0
80,0
81,0
82,0
83,0
84,0
85,0
86,0
87,0
88,0
89,0
90,0
91,0
92,0
93,0
94,0
95,0
96,0
97,0
98,0
99,0
100,0
101,0
102,0
103,0
104,0
105,0
106,0
107,0
108,0
109,0
110,0
111,0
112,0
113,0
114,0
115,0
116,0
117,0
118,0
119,0
120,0
121,0
122,0
123,0
124,0
125,0
126,0
127,0
128,0
129,0
130,0
131,0
132,0
133,0
134,0
135,0
136,0
137,0
138,0
139,0
140,0
141,0
142,0
143,0
144,0
145,0
146,0
147,0
148,0
149,0
150,0
151,0
152,0
153,0
154,0
155,0
156,0
157,0
158,0
159,0
160,0
161,0
162,0
163,0
164,0
165,0
166,0
167,0
168,0
169,0
170,0
171,0
172,0
173,0
174,0
175,0
176,0
177,0
178,0
179,0
180,0
181,0
182,0
183,0
184,0
185,0
186,0
187,0
188,0
189,0
190,0
191,0
192,0
193,0
194,0
195,0
196,0
197,0
198,0
199,0
200,0
201,0
202,0
203,0
204,0
205,0
206,0
207,0
208,0
209,0
210,0
211,0
212,0
213,0
214,0
215,0
216,0
217,0
218,0
219,0
220,0
221,0
222,0
223,0
224,0
225,0
226,0
227,0
228,0
229,0
230,0
231,0
232,0
233,0
234,0
235,0
236,0
237,0
238,0
239,0
240,0
241,0
242,0
243,0
244,0
245,0
246,0
247,0
248,0
249,0
250,0
251,0
252,0
253,0
254,0
255,0
256,0
257,0
258,0
259,0
260,0
261,0
262,0
263,0
264,0
265,0
266,0
267,0
268,0
269,0
270,0
271,0
272,0
273,0
274,0
275,0
276,0
277,0
278,0
279,0
280,0
281,0
282,0
283,0
284,0
285,0
286,0
287,0
288,0
289,0
290,0
291,0
292,0
293,0
294,0
295,0
296,0
297,0
298,0
299,0
300,0
301,0
302,0
303,0
304,0
305,0
306,0
307,0
308,0
309,0
310,0
311,0
312,0
313,0
314,0
315,0
316,0
317,0
318,0
319,0
320,0
321,0
322,0
323,0
324,0
325,0
326,0
327,0
328,0
329,0
330,0
331,0
332,0
333,0
334,0
335,0
336,0
337,0
338,0
339,0
340,0
341,0
342,0
343,0
344,0
345,0
346,0
347,0
348,0
349,0
350,0
351,0
352,0
353,0
354,0
355,0
356,0
357,0
358,0
359,0
360,0
361,0
362,0
363,0
364,0
365,0
366,0
367,0
368,0
369,0
370,0
371,0
372,0
373,0
374,0
375,0
376,0
377,0
378,0
379,0
380,0
381,0
382,0
383,0
384,0
385,0
386,0
387,0
388,0
389,0
390,0
391,0
392,0
393,0
394,0
395,0
396,0
397,0
398,0
399,0
400,0
401,0
402,0
403,0
404,0
405,0
406,0
407,0
408,0
409,0
410,0
411,0
412,0
413,0
414,0
415,0
416,0
417,0
418,0
419,0
420,0
421,0
422,0
423,0
424,0
425,0
426,0
427,0
428,0
429,0
430,0
431,0
432,0
433,0
434,0
435,0
436,0
437,0
438,0
439,0
440,0
441,0
442,0
443,0
444,0
445,0
446,0
447,0
448,0
449,0
450,0
451,0
452,0
453,0
454,0
455,0
456,0
457,0
458,0
459,0
460,0
461,0
462,0
463,0
464,0
465,0
466,0
467,0
468,0
469,0
470,0
471,0
472,0
473,0
474,0
475,0
476,0
477,0
478,0
479,0
480,0
481,0
482,0
483,0
484,0
485,0
486,0
487,0
488,0
489,0
490,0
491,0
492,0
493,0
494,0
495,0
496,0
497,0
498,0
499,0
500,0
501,0
502,0
503,0
504,0
505,0
506,0
507,0
508,0
509,0
510,0
511,0
512,0
513,0
514,0
515,0
516,0
517,0
518,0
519,0
520,0
521,0
522,0
523,0
524,0
525,0
526,0
527,0
528,0
529,0
530,0
531,0
532,0
533,0
534,0
535,0
536,0
537,0
538,0
539,0
540,0
541,0
542,0
543,0
544,0
545,0
546,0
547,0
548,0
549,0
550,0
551,0
552,0
553,0
554,0
555,0
556,0
557,0
558,0
559,0
560,0
561,0
562,0
563,0
564,0
565,0
566,0
567,0
568,0
569,0
570,0
571,0
572,0
573,0
574,0
575,0
576,0
577,0
578,0
579,0
580,0
581,0
582,0
583,0
584,0
585,0
586,0
587,0
588,0
589,0
590,0
591,0
592,0
593,0
594,0
595,0
596,0
597,0
598,0
599,0
600,0
601,0
602,0
603,0
604,0
605,0
606,0
607,0
608,0
609,0
610,0
611,0
612,0
613,0
614,0
615,0
616,0
617,0
618,0
619,0
620,0
621,0
622,0
623,0
624,0
625,0
626,0
627,0
628,0
629,0
630,0
631,0
632,0
633,0
634,0
635,0
636,0
637,0
638,0
639,0
640,0
641,0
642,0
643,0
644,0
645,0
646,0
647,0
648,0
649,0
650,0
651,0
652,0
653,0
654,0
655,0
656,0
657,0
658,0
659,0
660,0
661,0
662,0
663,0
664,0
665,0
666,0
667,0
668,0
669,0
670,0
671,0
672,0
673,0
674,0
675,0
676,0
677,0
678,0
679,0
680,0
681,0
682,0
683,0
684,0
685,0
686,0
687,0
688,0
689,0
690,0
691,0
692,0
693,0
694,0
695,0
696,0
697,0
698,0
699,0
700,0
701,0
702,0
703,0
704,0
705,0
706,0
707,0
708,0
709,0
710,0
711,0
712,0
713,0
714,0
715,0
716,0
717,0
718,0
719,0
720,0
721,0
722,0
723,0
724,0
725,0
726,0
727,0
728,0
729,0
730,0
731,0
732,0
733,0
734,0
735,0
736,0
737,0
738,0
739,0
740,0
741,0
742,0
743,0
744,0
745,0
746,0
747,0
748,0
749,0
750,0
751,0
752,0
753,0
754,0
755,0
756,0
757,0
758,0
759,0
760,0
761,0
762,0
763,0
764,0
765,0
766,0
767,0
768,0
769,0
770,0
771,0
772,0
773,0
774,0
775,0
776,0
777,0
778,0
779,0
780,0
781,0
782,0
783,0
784,0
785,0
786,0
787,0
788,0
789,0
790,0
791,0
792,0
793,0
794,0
795,0
796,0
797,0
798,0
799,0
800,0
801,0
802,0
803,0
804,0
805,0
806,0
807,0
808,0
809,0
810,0
811,0
812,0
813,0
814,0
815,0
816,0
817,0
818,0
819,0
820,0
821,0
822,0
823,0
824,0
825,0
826,0
827,0
828,0
829,0
830,0
831,0
832,0
833,0
834,0
835,0
836,0
837,0
838,0
839,0
840,0
841,0
842,0
843,0
844,0
845,0
846,0
847,0
848,0
849,0
850,0
851,0
852,0
853,0
854,0
855,0
856,0
857,0
858,0
859,0
860,0
861,0
862,0
863,0
864,0
865,0
866,0
867,0
868,0
869,0
870,0
871,0
872,0
873,0
874,0
875,0
876,0
877,0
878,0
879,0
880,0
881,0
882,0
883,0
884,0
885,0
886,0
887,0
888,0
889,0
890,0
891,0
892,0
893,0
894,0
895,0
896,0
897,0
898,0
899,0
900,0
901,0
902,0
903,0
904,0
905,0
906,0
907,0
908,0
909,0
910,0
911,0
912,0
913,0
914,0
915,0
916,0
917,0
918,0
919,0
920,0
921,0
922,0
923,0
924,0
925,0
926,0
927,0
928,0
929,0
930,0
931,0
932,0
933,0
934,0
935,0
936,0
937,0
938,0
939,0
940,0
941,0
942,0
943,0
944,0
945,0
946,0
947,0
948,0
949,0
950,0
951,0
952,0
953,0
954,0
955,0
956,0
957,0
958,0
959,0
960,0
961,0
962,0
963,0
964,0
965,0
966,0
967,0
968,0
969,0
970,0
971,0
972,0
973,0
974,0
975,0
976,0
977,0
978,0
979,0
980,0
981,0
982,0
983,0
984,0
985,0
986,0
987,0
988,0
989,0
990,0
991,0
992,0
993,0
994,0
995,0
996,0
997,0
998,0
999,0
1000,0
1001,0
1002,0
1003,0
1004,0
1005,0
1006,0
1007,0
1008,0
1009,0
1010,0
1011,0
1012,0
1013,0
1014,0
1015,0
1016,0
1017,0
1018,0
1019,0
1020,0
1021,0
1022,0
1023,0
1024,0
1025,0
1026,0
1027,0
1028,0
1029,0
1030,0
1031,0
1032,0
1033,0
1034,0
1035,0
1036,0
1037,0
1038,0
1039,0
1040,0
1041,0
1042,0
1043,0
1044,0
1045,0
1046,0
1047,0
1048,0
1049,0
1050,0
1051,0
1052,0
1053,0
1054,0
1055,0
1056,0
1057,0
1058,0
1059,0
1060,0
1061,0
1062,0
1063,0
1064,0
1065,0
1066,0
1067,0
1068,0
1069,0
1070,0
1071,0
1072,0
1073,0
1074,0
1075,0
1076,0
1077,0
1078,0
1079,0
1080,0
1081,0
1082,0
1083,0
1084,0
1085,0
1086,0
1087,0
1088,0
1089,0
1090,0
1091,0
1092,0
1093,0
1094,0
1095,0
1096,0
1097,0
1098,0
1099,0
1100,0
1101,0
1102,0
1103,0
1104,0
1105,0
1106,0
1107,0
1108,0
1109,0
1110,0
1111,0
1112,0
1113,0
1114,0
1115,0
1116,0
1117,0
1118,0
1119,0
1120,0
1121,0
1122,0
1123,0
1124,0
1125,0
1126,0
1127,0
1128,0
1129,0
1130,0
1131,0
1132,0
1133,0
1134,0
1135,0
1136,0
1137,0
1138,0
1139,0
1140,0
1141,0
1142,0
1143,0
1144,0
1145,0
1146,0
1147,0
1148,0
1149,0
1150,0
1151,0
1152,0
1153,0
1154,0
1155,0
1156,0
1157,0
1158,0
1159,0
1160,0
1161,0
1162,0
1163,0
1164,0
1165,0
1166,0
1167,0
1168,0
1169,0
1170,0
1171,0
1172,0
1173,0
1174,0
1175,0
1176,0
1177,0
1178,0
1179,0
1180,0
1181,0
1182,0
1183,0
1184,0
1185,0
1186,0
1187,0
1188,0
1189,0
1190,0
1191,0
1192,0
1193,0
1194,0
1195,0
1196,0
1197,0
1198,0
1199,0
1200,0
1201,0
1202,0
1203,0
1204,0
1205,0
1206,0
1207,0
1208,0
1209,0
1210,0
1211,0
1212,0
1213,0
1214,0
1215,0
1216,0
1217,0
1218,0
1219,0
1220,0
1221,0
1222,0
1223,0
1224,0
1225,0
1226,0
1227,0
1228,0
1229,0
1230,0
1231,0
1232,0
1233,0
1234,0
1235,0
1236,0
1237,0
1238,0
1239,0
1240,0
1241,0
1242,0
1243,0
1244,0
1245,0
1246,0
1247,0
1248,0
1249,0
1250,0
1251,0
1252,0
1253,0
1254,0
1255,0
1256,0
1257,0
1258,0
1259,0
1260,0
1261,0
1262,0
1263,0
1264,0
1265,0
1266,0
1267,0
1268,0
1269,0
1270,0
1271,0
1272,0
1273,0
1274,0
1275,0
1276,0
1277,0
1278,0
1279,0
1280,0
1281,0
1282,0
1283,0
1284,0
1285,0
1286,0
1287,0
1288,0
1289,0
1290,0
1291,0
1292,0
1293,0
1294,0
1295,0
1296,0
1297,0
1298,0
1299,0
1300,0
1301,0
1302,0
1303,0
1304,0
1305,0
1306,0
1307,0
1308,0
1309,0
1310,0
1311,0
1312,0
1313,0
1314,0
1315,0
1316,0
1317,0
1318,0
1319,0
1320,0
1321,0
1322,0
1323,0
1324,0
1325,0
1326,0
1327,0
1328,0
1329,0
1330,0
1331,0
1332,0
1333,0
1334,0
1335,0
1336,0
1337,0
1338,0
1339,0
1340,0
1341,0
1342,0
1343,0
1344,0
1345,0
1346,0
1347,0
1348,0
1349,0
1350,0
1351,0
1352,0
1353,0
1354,0
1355,0
1356,0
1357,0
1358,0
1359,0
1360,0
1361,0
1362,0
1363,0
1364,0
1365,0
1366,0
1367,0
1368,0
1369,0
1370,0
1371,0
1372,0
1373,0
1374,0
1375,0
1376,0
1377,0
1378,0
1379,0
1380,0
1381,0
1382,0
1383,0
1384,0
1385,0
1386,0
1387,0
1388,0
1389,0
1390,0
1391,0
1392,0
1393,0
1394,0
1395,0
1396,0
1397,0
1398,0
1399,0
1400,0
1401,0
1402,0
1403,0
1404,0
1405,0
1406,0
1407,0
1408,0
1409,0
1410,0
1411,0
1412,0
1413,0
1414,0
1415,0
1416,0
1417,0
1418,0
1419,0
1420,0
1421,0
1422,0
1423,0
1424,0
1425,0
1426,0
1427,0
1428,0
1429,0
1430,0
1431,0
1432,0
1433,0
1434,0
1435,0
1436,0
1437,0
1438,0
1439,0
1440,0
1441,0
1442,0
1443,0
1444,0
1445,0
1446,0
1447,0
1448,0
1449,0
1450,0
1451,0
1452,0
1453,0
1454,0
1455,0
1456,0
1457,0
1458,0
1459,0
1460,0
1461,0
1462,0
1463,0
1464,0
1465,0
1466,0
1467,0
1468,0
1469,0
1470,0
1471,0
1472,0
1473,0
1474,0
1475,0
1476,0
1477,0
1478,0
1479,0
1480,0
1481,0
1482,0
1483,0
1484,0
1485,0
1486,0
1487,0
1488,0
1489,0
1490,0
1491,0
1492,0
1493,0
1494,0
1495,0
1496,0
1497,0
1498,0
1499,0
1500,0
1501,0
1502,0
1503,0
1504,0
1505,0
1506,0
1507,0
1508,0
1509,0
1510,0
1511,0
1512,0
1513,0
1514,0
1515,0
1516,0
1517,0
1518,0
1519,0
1520,0
1521,0
1522,0
1523,0
1524,0
1525,0
1526,0
1527,0
1528,0
1529,0
1530,0
1531,0
1532,0
1533,0
1534,0
1535,0
1536,0
1537,0
1538,0
1539,0
1540,0
1541,0
1542,0
1543,0
1544,0
1545,0
1546,0
1547,0
1548,0
1549,0
1550,0
1551,0
1552,0
1553,0
1554,0
1555,0
1556,0
1557,0
1558,0
1559,0
1560,0
1561,0
1562,0
1563,0
1564,0
1565,0
1566,0
1567,0
1568,0
1569,0
1570,0
1571,0
1572,0
1573,0
1574,0
1575,0
1576,0
1577,0
1578,0
1579,0
1580,0
1581,0
1582,0
1583,0
1584,0
1585,0
1586,0
1587,0
1588,0
1589,0
1590,0
1591,0
1592,0
1593,0
1594,0
1595,0
1596,0
1597,0
1598,0
1599,0
1600,0
1601,0
1602,0
1603,0
1604,0
1605,0
1606,0
1607,0
1608,0
1609,0
1610,0
1611,0
1612,0
1613,0
1614,0
1615,0
1616,0
1617,0
1618,0
1619,0
1620,0
1621,0
1622,0
1623,0
1624,0
1625,0
1626,0
1627,0
1628,0
1629,0
1630,0
1631,0
1632,0
1633,0
1634,0
1635,0
1636,0
1637,0
1638,0
1639,0
1640,0
1641,0
1642,0
1643,0
1644,0
1645,0
1646,0
1647,0
1648,0
1649,0
1650,0
1651,0
1652,0
1653,0
1654,0
1655,0
1656,0
1657,0
1658,0
1659,0
1660,0
1661,0
1662,0
1663,0
1664,0
1665,0
1666,0
1667,0
1668,0
1669,0
1670,0
1671,0
1672,0
1673,0
1674,0
1675,0
1676,0
1677,0
1678,0
1679,0
1680,0
1681,0
1682,0
1683,0
1684,0
1685,0
1686,0
1687,0
1688,0
1689,0
1690,0
1691,0
1692,0
1693,0
1694,0
1695,0
1696,0
1697,0
1698,0
1699,0
1700,0
1701,0
1702,0
1703,0
1704,0
1705,0
1706,0
1707,0
1708,0
1709,0
1710,0
1711,0
1712,0
1713,0
1714,0
1715,0
1716,0
1717,0
1718,0
1719,0
1720,0
1721,0
1722,0
1723,0
1724,0
1725,0
1726,0
1727,0
1728,0
1729,0
1730,0
1731,0
1732,0
1733,0
1734,0
1735,0
1736,0
1737,0
1738,0
1739,0
1740,0
1741,0
1742,0
1743,0
1744,0
1745,0
1746,0
1747,0
1748,0
1749,0
1750,0
1751,0
1752,0
1753,0
1754,0
1755,0
1756,0
1757,0
1758,0
1759,0
1760,0
1761,0
1762,0
1763,0
1764,0
1765,0
1766,0
1767,0
1768,0
1769,0
1770,0
1771,0
1772,0
1773,0
1774,0
1775,0
1776,0
1777,0
1778,0
1779,0
1780,0
1781,0
1782,0
1783,0
1784,0
1785,0
1786,0
1787,0
1788,0
1789,0
1790,0
1791,0
1792,0
1793,0
1794,0
1795,0
1796,0
1797,0
1798,0
1799,0
1800,0
1801,0
1802,0
1803,0
1804,0
1805,0
1806,0
1807,0
1808,0
1809,0
1810,0
1811,0
1812,0
1813,0
1814,0
1815,0
1816,0
1817,0
1818,0
1819,0
1820,0
1821,0
1822,0
1823,0
1824,0
1825,0
1826,0
1827,0
1828,0
1829,0
1830,0
1831,0
1832,0
1833,0
1834,0
1835,0
1836,0
1837,0
1838,0
1839,0
1840,0
1841,0
1842,0
1843,0
1844,0
1845,0
1846,0
1847,0
1848,0
1849,0
1850,0
1851,0
1852,0
1853,0
1854,0
1855,0
1856,0
1857,0
1858,0
1859,0
1860,0
1861,0
1862,0
1863,0
1864,0
1865,0
1866,0
1867,0
1868,0
1869,0
1870,0
1871,0
1872,0
1873,0
1874,0
1875,0
1876,0
1877,0
1878,0
1879,0
1880,0
1881,0
1882,0
1883,0
1884,0
1885,0
1886,0
1887,0
1888,0
1889,0
1890,0
1891,0
1892,0
1893,0
1894,0
1895,0
1896,0
1897,0
1898,0
1899,0
1900,0
1901,0
1902,0
1903,0
1904,0
1905,0
1906,0
1907,0
1908,0
1909,0
1910,0
1911,0
1912,0
1913,0
1914,0
1915,0
1916,0
1917,0
1918,0
1919,0
1920,0
1921,0
1922,0
1923,0
1924,0
1925,0
1926,0
1927,0
1928,0
1929,0
1930,0
1931,0
1932,0
1933,0
1934,0
1935,0
1936,0
1937,0
1938,0
1939,0
1940,0
1941,0
1942,0
1943,0
1944,0
1945,0
1946,0
1947,0
1948,0
1949,0
1950,0
1951,0
1952,0
1953,0
1954,0
1955,0
1956,0
1957,0
1958,0
1959,0
1960,0
1961,0
1962,0
1963,0
1964,0
1965,0
1966,0
1967,0
1968,0
1969,0
1970,0
1971,0
1972,0
1973,0
1974,0
1975,0
1976,0
1977,0
1978,0
1979,0
1980,0
1981,0
1982,0
1983,0
1984,0
1985,0
1986,0
1987,0
1988,0
1989,0
1990,0
1991,0
1992,0
1993,0
1994,0
1995,0
1996,0
1997,0
1998,0
1999,0
2000,0
2001,0
2002,0
2003,0
2004,0
2005,0
2006,0
2007,0
2008,0
2009,0
2010,0
2011,0
2012,0
2013,0
2014,0
2015,0
2016,0
2017,0
2018,0
2019,0
2020,0
2021,0
2022,0
2023,0
2024,0
2025,0
2026,0
2027,0
2028,0
2029,0
2030,0
2031,0
2032,0
2033,0
2034,0
2035,0
2036,0
2037,0
2038,0
2039,0
2040,0
2041,0
2042,0
2043,0
2044,0
2045,0
2046,0
2047,0
2048,0
2049,0
2050,0
2051,0
2052,0
2053,0
2054,0
2055,0
2056,0
2057,0
2058,0
2059,0
2060,0
2061,0
2062,0
2063,0
2064,0
2065,0
2066,0
2067,0
2068,0
2069,0
2070,0
2071,0
2072,0
2073,0
2074,0
2075,0
2076,0
2077,0
2078,0
2079,0
2080,0
2081,0
2082,0
2083,0
2084,0
2085,0
2086,0
2087,0
2088,0
2089,0
2090,0
2091,0
2092,0
2093,0
2094,0
2095,0
2096,0
2097,0
2098,0
2099,0
2100,0
2101,0
2102,0
2103,0
2104,0
2105,0
2106,0
2107,0
2108,0
2109,0
2110,0
2111,0
2112,0
2113,0
2114,0
2115,0
2116,0
2117,0
2118,0
2119,0
2120,0
2121,0
2122,0
2123,0
2124,0
2125,0
2126,0
2127,0
2128,0
2129,0
2130,0
2131,0
2132,0
2133,0
2134,0
2135,0
2136,0
2137,0
2138,0
2139,0
2140,0
2141,0
2142,0
2143,0
2144,0
2145,0
2146,0
2147,0
2148,0
2149,0
2150,0
2151,0
2152,0
2153,0
2154,0
2155,0
2156,0
2157,0
2158,0
2159,0
2160,0
2161,0
2162,0
2163,0
2164,0
2165,0
2166,0
2167,0
2168,0
2169,0
2170,0
2171,0
2172,0
2173,0
2174,0
2175,0
2176,0
2177,0
2178,0
2179,0
2180,0
2181,0
2182,0
2183,0
2184,0
2185,0
2186,0
2187,0
2188,0
2189,0
2190,0
2191,0
2192,0
2193,0
2194,0
2195,0
2196,0
2197,0
2198,0
2199,0
2200,0
2201,0
2202,0
2203,0
2204,0
2205,0
2206,0
2207,0
2208,0
2209,0
2210,0
2211,0
2212,0
2213,0
2214,0
2215,0
2216,0
2217,0
2218,0
2219,0
2220,0
2221,0
2222,0
2223,0
2224,0
2225,0
2226,0
2227,0
2228,0
2229,0
2230,0
2231,0
2232,0
2233,0
2234,0
2235,0
2236,0
2237,0
2238,0
2239,0
2240,0
2241,0
2242,0
2243,0
2244,0
2245,0
2246,0
2247,0
2248,0
2249,0
2250,0
2251,0
2252,0
2253,0
2254,0
2255,0
2256,0
2257,0
2258,0
2259,0
2260,0
2261,0
2262,0
2263,0
2264,0
2265,0
2266,0
2267,0
2268,0
2269,0
2270,0
2271,0
2272,0
2273,0
2274,0
2275,0
2276,0
2277,0
2278,0
2279,0
2280,0
2281,0
2282,0
2283,0
2284,0
2285,0
2286,0
2287,0
2288,0
2289,0
2290,0
2291,0
2292,0
2293,0
2294,0
2295,0
2296,0
2297,0
2298,0
2299,0
2300,0
2301,0
2302,0
2303,0
2304,0
2305,0
2306,0
2307,0
2308,0
2309,0
2310,0
2311,0
2312,0
2313,0
2314,0
2315,0
2316,0
2317,0
2318,0
2319,0
2320,0
2321,0
2322,0
2323,0
2324,0
2325,0
2326,0
2327,0
2328,0
2329,0
2330,0
2331,0
2332,0
2333,0
2334,0
2335,0
2336,0
2337,0
2338,0
2339,0
2340,0
2341,0
2342,0
2343,0
2344,0
2345,0
2346,0
2347,0
2348,0
2349,0
2350,0
2351,0
2352,0
2353,0
2354,0
2355,0
2356,0
2357,0
2358,0
2359,0
2360,0
2361,0
2362,0
2363,0
2364,0
2365,0
2366,0
2367,0
2368,0
2369,0
2370,0
2371,0
2372,0
2373,0
2374,0
2375,0
2376,0
2377,0
2378,0
2379,0
2380,0
2381,0
2382,0
2383,0
2384,0
2385,0
2386,0
2387,0
2388,0
2389,0
2390,0
2391,0
2392,0
2393,0
2394,0
2395,0
2396,0
2397,0
2398,0
2399,0
2400,0
2401,0
2402,0
2403,0
2404,0
2405,0
2406,0
2407,0
2408,0
2409,0
2410,0
2411,0
2412,0
2413,0
2414,0
2415,0
2416,0
2417,0
2418,0
2419,0
2420,0
2421,0
2422,0
2423,0
2424,0
2425,0
2426,0
2427,0
2428,0
2429,0
2430,0
2431,0
2432,0
2433,0
2434,0
2435,0
2436,0
2437,0
2438,0
2439,0
2440,0
2441,0
2442,0
2443,0
2444,0
2445,0
2446,0
2447,0
2448,0
2449,0
2450,0
2451,0
2452,0
2453,0
2454,0
2455,0
2456,0
2457,0
2458,0
2459,0
2460,0
2461,0
2462,0
2463,0
2464,0
2465,0
2466,0
2467,0
2468,0
2469,0
2470,0
2471,0
2472,0
2473,0
2474,0
2475,0
2476,0
2477,0
2478,0
2479,0
2480,0
2481,0
2482,0
2483,0
2484,0
2485,0
2486,0
2487,0
2488,0
2489,0
2490,0
2491,0
2492,0
2493,0
2494,0
2495,0
2496,0
2497,0
2498,0
2499,0
2500,0
2501,0
2502,0
2503,0
2504,0
2505,0
2506,0
2507,0
2508,0
2509,0
2510,0
2511,0
2512,0
2513,0
2514,0
2515,0
2516,0
2517,0
2518,0
2519,0
2520,0
2521,0
2522,0
2523,0
2524,0
2525,0
2526,0
2527,0
2528,0
2529,0
2530,0
2531,0
2532,0
2533,0
2534,0
2535,0
2536,0
2537,0
2538,0
2539,0
2540,0
2541,0
2542,0
2543,0
2544,0
2545,0
2546,0
2547,0
2548,0
2549,0
2550,0
2551,0
2552,0
2553,0
2554,0
2555,0
2556,0
2557,0
2558,0
2559,0
2560,0
2561,0
2562,0
2563,0
2564,0
2565,0
2566,0
2567,0
2568,0
2569,0
2570,0
2571,0
2572,0
2573,0
2574,0
2575,0
2576,0
2577,0
2578,0
2579,0
2580,0
2581,0
2582,0
2583,0
2584,0
2585,0
2586,0
2587,0
2588,0
2589,0
2590,0
2591,0
2592,0
2593,0
2594,0
2595,0
2596,0
2597,0
2598,0
2599,0
2600,0
2601,0
2602,0
2603,0
2604,0
2605,0
2606,0
2607,0
2608,0
2609,0
2610,0
2611,0
2612,0
2613,0
2614,0
2615,0
2616,0
2617,0
2618,0
2619,0
2620,0
2621,0
2622,0
2623,0
2624,0
2625,0
2626,0
2627,0
2628,0
2629,0
2630,0
2631,0
2632,0
2633,0
2634,0
2635,0
2636,0
2637,0
2638,0
2639,0
2640,0
2641,0
2642,0
2643,0
2644,0
2645,0
2646,0
2647,0
2648,0
2649,0
2650,0
2651,0
2652,0
2653,0
2654,0
2655,0
2656,0
2657,0
2658,0
2659,0
2660,0
2661,0
2662,0
2663,0
2664,0
2665,0
2666,0
2667,0
2668,0
2669,0
2670,0
2671,0
2672,0
2673,0
2674,0
2675,0
2676,0
2677,0
2678,0
2679,0
2680,0
2681,0
2682,0
2683,0
2684,0
2685,0
2686,0
2687,0
2688,0
2689,0
2690,0
2691,0
2692,0
2693,0
2694,0
2695,0
2696,0
2697,0
2698,0
2699,0
2700,0
2701,0
2702,0
2703,0
2704,0
2705,0
2706,0
2707,0
2708,0
2709,0
2710,0
2711,0
2712,0
2713,0
2714,0
2715,0
2716,0
2717,0
2718,0
2719,0
2720,0
2721,0
2722,0
2723,0
2724,0
2725,0
2726,0
2727,0
2728,0
2729,0
2730,0
2731,0
2732,0
2733,0
2734,0
2735,0
2736,0
2737,0
2738,0
2739,0
2740,0
2741,0
2742,0
2743,0
2744,0
2745,0
2746,0
2747,0
2748,0
2749,0
2750,0
2751,0
2752,0
2753,0
2754,0
2755,0
2756,0
2757,0
2758,0
2759,0
2760,0
2761,0
2762,0
2763,0
2764,0
2765,0
2766,0
2767,0
2768,0
2769,0
2770,0
2771,0
2772,0
2773,0
2774,0
2775,0
2776,0
2777,0
2778,0
2779,0
2780,0
2781,0
2782,0
2783,0
2784,0
2785,0
2786,0
2787,0
2788,0
2789,0
2790,0
2791,0
2792,0
2793,0
2794,0
2795,0
2796,0
2797,0
2798,0
2799,0
2800,0
2801,0
2802,0
2803,0
2804,0
2805,0
2806,0
2807,0
2808,0
2809,0
2810,0
2811,0
2812,0
2813,0
2814,0
2815,0
2816,0
2817,0
2818,0
2819,0
2820,0
2821,0
2822,0
2823,0
2824,0
2825,0
2826,0
2827,0
2828,0
2829,0
2830,0
2831,0
2832,0
2833,0
2834,0
2835,0
2836,0
2837,0
2838,0
2839,0
2840,0
2841,0
2842,0
2843,0
2844,0
2845,0
2846,0
2847,0
2848,0
2849,0
2850,0
2851,0
2852,0
2853,0
2854,0
2855,0
2856,0
2857,0
2858,0
2859,0
2860,0
2861,0
2862,0
2863,0
2864,0
2865,0
2866,0
2867,0
2868,0
2869,0
2870,0
2871,0
2872,0
2873,0
2874,0
2875,0
2876,0
2877,0
2878,0
2879,0
2880,0
2881,0
2882,0
2883,0
2884,0
2885,0
2886,0
2887,0
2888,0
2889,0
2890,0
2891,0
2892,0
2893,0
2894,0
2895,0
2896,0
2897,0
2898,0
2899,0
2900,0
2901,0
2902,0
2903,0
2904,0
2905,0
2906,0
2907,0
2908,0
2909,0
2910,0
2911,0
2912,0
2913,0
2914,0
2915,0
2916,0
2917,0
2918,0
2919,0
2920,0
2921,0
2922,0
2923,0
2924,0
2925,0
2926,0
2927,0
2928,0
2929,0
2930,0
2931,0
2932,0
2933,0
2934,0
2935,0
2936,0
2937,0
2938,0
2939,0
2940,0
2941,0
2942,0
2943,0
2944,0
2945,0
2946,0
2947,0
2948,0
2949,0
2950,0
2951,0
2952,0
2953,0
2954,0
2955,0
2956,0
2957,0
2958,0
2959,0
2960,0
2961,0
2962,0
2963,0
2964,0
2965,0
2966,0
2967,0
2968,0
2969,0
2970,0
2971,0
2972,0
2973,0
2974,0
2975,0
2976,0
2977,0
2978,0
2979,0
2980,0
2981,0
2982,0
2983,0
2984,0
2985,0
2986,0
2987,0
2988,0
2989,0
2990,0
2991,0
2992,0
2993,0
2994,0
2995,0
2996,0
2997,0
2998,0
2999,0
3000,0
3001,0
3002,0
3003,0
3004,0
3005,0
3006,0
3007,0
3008,0
3009,0
3010,0
3011,0
3012,0
3013,0
3014,0
3015,0
3016,0
3017,0
3018,0
3019,0
3020,0
3021,0
3022,0
3023,0
3024,0
3025,0
3026,0
3027,0
3028,0
3029,0
3030,0
3031,0
3032,0
3033,0
3034,0
3035,0
3036,0
3037,0
3038,0
3039,0
3040,0
3041,0
3042,0
3043,0
3044,0
3045,0
3046,0
3047,0
3048,0
3049,0
3050,0
3051,0
3052,0
3053,0
3054,0
3055,0
3056,0
3057,0
3058,0
3059,0
3060,0
3061,0
3062,0
3063,0
3064,0
3065,0
3066,0
3067,0
3068,0
3069,0
3070,0
3071,0
3072,0
3073,0
3074,0
3075,0
3076,0
3077,0
3078,0
3079,0
3080,0
3081,0
3082,0
3083,0
3084,0
3085,0
3086,0
3087,0
3088,0
3089,0
3090,0
3091,0
3092,0
3093,0
3094,0
3095,0
3096,0
3097,0
3098,0
3099,0
3100,0
3101,0
3102,0
3103,0
3104,0
3105,0
3106,0
3107,0
3108,0
3109,0
3110,0
3111,0
3112,0
3113,0
3114,0
3115,0
3116,0
3117,0
3118,0
3119,0
3120,0
3121,0
3122,0
3123,0
3124,0
3125,0
3126,0
3127,0
3128,0
3129,0
3130,0
3131,0
3132,0
3133,0
3134,0
3135,0
3136,0
3137,0
3138,0
3139,0
3140,0
3141,0
3142,0
3143,0
3144,0
3145,0
3146,0
3147,0
3148,0
3149,0
3150,0
3151,0
3152,0
3153,0
3154,0
3155,0
3156,0
3157,0
3158,0
3159,0
3160,0
3161,0
3162,0
3163,0
3164,0
3165,0
3166,0
3167,0
3168,0
3169,0
3170,0
3171,0
3172,0
3173,0
3174,0
3175,0
3176,0
3177,0
3178,0
3179,0
3180,0
3181,0
3182,0
3183,0
3184,0
3185,0
3186,0
3187,0
3188,0
3189,0
3190,0
3191,0
3192,0
3193,0
3194,0
3195,0
3196,0
3197,0
3198,0
3199,0
3200,0
3201,0
3202,0
3203,0
3204,0
3205,0
3206,0
3207,0
3208,0
3209,0
3210,0
3211,0
3212,0
3213,0
3214,0
3215,0
3216,0
3217,0
3218,0
3219,0
3220,0
3221,0
3222,0
3223,0
3224,0
3225,0
3226,0
3227,0
3228,0
3229,0
3230,0
3231,0
3232,0
3233,0
3234,0
3235,0
3236,0
3237,0
3238,0
3239,0
3240,0
3241,0
3242,0
3243,0
3244,0
3245,0
3246,0
3247,0
3248,0
3249,0
3250,0
3251,0
3252,0
3253,0
3254,0
3255,0
3256,0
3257,0
3258,0
3259,0
3260,0
3261,0
3262,0
3263,0
3264,0
3265,0
3266,0
3267,0
3268,0
3269,0
3270,0
3271,0
3272,0
3273,0
3274,0
3275,0
3276,0
3277,0
3278,0
3279,0
3280,0
3281,0
3282,0
3283,0
3284,0
3285,0
3286,0
3287,0
3288,0
3289,0
3290,0
3291,0
3292,0
3293,0
3294,0
3295,0
3296,0
3297,0
3298,0
3299,0
3300,0
3301,0
3302,0
3303,0
3304,0
3305,0
3306,0
3307,0
3308,0
3309,0
3310,0
3311,0
3312,0
3313,0
3314,0
3315,0
3316,0
3317,0
3318,0
3319,0
3320,0
3321,0
3322,0
3323,0
3324,0
3325,0
3326,0
3327,0
3328,0
3329,0
3330,0
3331,0
3332,0
3333,0
3334,0
3335,0
3336,0
3337,0
3338,0
3339,0
3340,0
3341,0
3342,0
3343,0
3344,0
3345,0
3346,0
3347,0
3348,0
3349,0
3350,0
3351,0
3352,0
3353,0
3354,0
3355,0
3356,0
3357,0
3358,0
3359,0
3360,0
3361,0
3362,0
3363,0
3364,0
3365,0
3366,0
3367,0
3368,0
3369,0
3370,0
3371,0
3372,0
3373,0
3374,0
3375,0
3376,0
3377,0
3378,0
3379,0
3380,0
3381,0
3382,0
3383,0
3384,0
3385,0
3386,0
3387,0
3388,0
3389,0
3390,0
3391,0
3392,0
3393,0
3394,0
3395,0
3396,0
3397,0
3398,0
3399,0
3400,0
3401,0
3402,0
3403,0
3404,0
3405,0
3406,0
3407,0
3408,0
3409,0
3410,0
3411,0
3412,0
3413,0
3414,0
3415,0
3416,0
3417,0
3418,0
3419,0
3420,0
3421,0
3422,0
3423,0
3424,0
3425,0
3426,0
3427,0
3428,0
3429,0
3430,0
3431,0
3432,0
3433,0
3434,0
3435,0
3436,0
3437,0
3438,0
3439,0
3440,0
3441,0
3442,0
3443,0
3444,0
3445,0
3446,0
3447,0
3448,0
3449,0
3450,0
3451,0
3452,0
3453,0
3454,0
3455,0
3456,0
3457,0
3458,0
3459,0
3460,0
3461,0
3462,0
3463,0
3464,0
3465,0
3466,0
3467,0
3468,0
3469,0
3470,0
3471,0
3472,0
3473,0
3474,0
3475,0
3476,0
3477,0
3478,0
3479,0
3480,0
3481,0
3482,0
3483,0
3484,0
3485,0
3486,0
3487,0
3488,0
3489,0
3490,0
3491,0
3492,0
3493,0
3494,0
3495,0
3496,0
3497,0
3498,0
3499,0
3500,0
3501,0
3502,0
3503,0
3504,0
3505,0
3506,0
3507,0
3508,0
3509,0
3510,0
3511,0
3512,0
3513,0
3514,0
3515,0
3516,0
3517,0
3518,0
3519,0
3520,0
3521,0
3522,0
3523,0
3524,0
3525,0
3526,0
3527,0
3528,0
3529,0
3530,0
3531,0
3532,0
3533,0
3534,0
3535,0
3536,0
3537,0
3538,0
3539,0
3540,0
3541,0
3542,0
3543,0
3544,0
3545,0
3546,0
3547,0
3548,0
3549,0
3550,0
3551,0
3552,0
3553,0
3554,0
3555,0
3556,0
3557,0
3558,0
3559,0
3560,0
3561,0
3562,0
3563,0
3564,0
3565,0
3566,0
3567,0
3568,0
3569,0
3570,0
3571,0
3572,0
3573,0
3574,0
3575,0
3576,0
3577,0
3578,0
3579,0
3580,0
3581,0
3582,0
3583,0
3584,0
3585,0
3586,0
3587,0
3588,0
3589,0
3590,0
3591,0
3592,0
3593,0
3594,0
3595,0
3596,0
3597,0
3598,0
3599,0
3600,0
3601,0
3602,0
3603,0
3604,0
3605,0
3606,0
3607,0
3608,0
3609,0
3610,0
3611,0
3612,0
3613,0
3614,0
3615,0
3616,0
3617,0
3618,0
3619,0
3620,0
3621,0
3622,0
3623,0
3624,0
3625,0
3626,0
3627,0
3628,0
3629,0
3630,0
3631,0
3632,0
3633,0
3634,0
3635,0
3636,0
3637,0
3638,0
3639,0
3640,0
3641,0
3642,0
3643,0
3644,0
3645,0
3646,0
3647,0
3648,0
3649,0
3650,0
3651,0
3652,0
3653,0
3654,0
3655,0
3656,0
3657,0
3658,0
3659,0
3660,0
3661,0
3662,0
3663,0
3664,0
3665,0
3666,0
3667,0
3668,0
3669,0
3670,0
3671,0
3672,0
3673,0
3674,0
3675,0
3676,0
3677,0
3678,0
3679,0
3680,0
3681,0
3682,0
3683,0
3684,0
3685,0
3686,0
3687,0
3688,0
3689,0
3690,0
3691,0
3692,0
3693,0
3694,0
3695,0
3696,0
3697,0
3698,0
3699,0
3700,0
3701,0
3702,0
3703,0
3704,0
3705,0
3706,0
3707,0
3708,0
3709,0
3710,0
3711,0
3712,0
3713,0
3714,0
3715,0
3716,0
3717,0
3718,0
3719,0
3720,0
3721,0
3722,0
3723,0
3724,0
3725,0
3726,0
3727,0
3728,0
3729,0
3730,0
3731,0
3732,0
3733,0
3734,0
3735,0
3736,0
3737,0
3738,0
3739,0
3740,0
3741,0
3742,0
3743,0
3744,0
3745,0
3746,0
3747,0
3748,0
3749,0
3750,0
3751,0
3752,0
3753,0
3754,0
3755,0
3756,0
3757,0
3758,0
3759,0
3760,0
3761,0
3762,0
3763,0
3764,0
3765,0
3766,0
3767,0
3768,0
3769,0
3770,0
3771,0
3772,0
3773,0
3774,0
3775,0
3776,0
3777,0
3778,0
3779,0
3780,0
3781,0
3782,0
3783,0
3784,0
3785,0
3786,0
3787,0
3788,0
3789,0
3790,0
3791,0
3792,0
3793,0
3794,0
3795,0
3796,0
3797,0
3798,0
3799,0
3800,0
3801,0
3802,0
3803,0
3804,0
3805,0
3806,0
3807,0
3808,0
3809,0
3810,0
3811,0
3812,0
3813,0
3814,0
3815,0
3816,0
3817,0
3818,0
3819,0
3820,0
3821,0
3822,0
3823,0
3824,0
3825,0
3826,0
3827,0
3828,0
3829,0
3830,0
3831,0
3832,0
3833,0
3834,0
3835,0
3836,0
3837,0
3838,0
3839,0
3840,0
3841,0
3842,0
3843,0
3844,0
3845,0
3846,0
3847,0
3848,0
3849,0
3850,0
3851,0
3852,0
3853,0
3854,0
3855,0
3856,0
3857,0
3858,0
3859,0
3860,0
3861,0
3862,0
3863,0
3864,0
3865,0
3866,0
3867,0
3868,0
3869,0
3870,0
3871,0
3872,0
3873,0
3874,0
3875,0
3876,0
3877,0
3878,0
3879,0
3880,0
3881,0
3882,0
3883,0
3884,0
3885,0
3886,0
3887,0
3888,0
3889,0
3890,0
3891,0
3892,0
3893,0
3894,0
3895,0
3896,0
3897,0
3898,0
3899,0
3900,0
3901,0
3902,0
3903,0
3904,0
3905,0
3906,0
3907,0
3908,0
3909,0
3910,0
3911,0
3912,0
3913,0
3914,0
3915,0
3916,0
3917,0
3918,0
3919,0
3920,0
3921,0
3922,0
3923,0
3924,0
3925,0
3926,0
3927,0
3928,0
3929,0
3930,0
3931,0
3932,0
3933,0
3934,0
3935,0
3936,0
3937,0
3938,0
3939,0
3940,0
3941,0
3942,0
3943,0
3944,0
3945,0
3946,0
3947,0
3948,0
3949,0
3950,0
3951,0
3952,0
3953,0
3954,0
3955,0
3956,0
3957,0
3958,0
3959,0
3960,0
3961,0
3962,0
3963,0
3964,0
3965,0
3966,0
3967,0
3968,0
3969,0
3970,0
3971,0
3972,0
3973,0
3974,0
3975,0
3976,0
3977,0
3978,0
3979,0
3980,0
3981,0
3982,0
3983,0
3984,0
3985,0
3986,0
3987,0
3988,0
3989,0
3990,0
3991,0
3992,0
3993,0
3994,0
3995,0
3996,0
3997,0
3998,0
3999,0
4000,0
4001,0
4002,0
4003,0
4004,0
4005,0
4006,0
4007,0
4008,0
4009,0
4010,0
4011,0
4012,0
4013,0
4014,0
4015,0
4016,0
4017,0
4018,0
4019,0
4020,0
4021,0
4022,0
4023,0
4024,0
4025,0
4026,0
4027,0
4028,0
4029,0
4030,0
4031,0
4032,0
4033,0
4034,0
4035,0
4036,0
4037,0
4038,0
4039,0
4040,0
4041,0
4042,0
4043,0
4044,0
4045,0
4046,0
4047,0
4048,0
4049,0
4050,0
4051,0
4052,0
4053,0
4054,0
4055,0
4056,0
4057,0
4058,0
4059,0
4060,0
4061,0
4062,0
4063,0
4064,0
4065,0
4066,0
4067,0
4068,0
4069,0
4070,0
4071,0
4072,0
4073,0
4074,0
4075,0
4076,0
4077,0
4078,0
4079,0
4080,0
4081,0
4082,0
4083,0
4084,0
4085,0
4086,0
4087,0
4088,0
4089,0
4090,0
4091,0
4092,0
4093,0
4094,0
4095,0
4096,0
4097,0
4098,0
4099,0
4100,0
4101,0
4102,0
4103,0
4104,0
4105,0
4106,0
4107,0
4108,0
4109,0
4110,0
4111,0
4112,0
4113,0
4114,0
4115,0
4116,0
4117,0
4118,0
4119,0
4120,0
4121,0
4122,0
4123,0
4124,0
4125,0
4126,0
4127,0
4128,0
4129,0
4130,0
4131,0
4132,0
4133,0
4134,0
4135,0
4136,0
4137,0
4138,0
4139,0
4140,0
4141,0
4142,0
4143,0
4144,0
4145,0
4146,0
4147,0
4148,0
4149,0
4150,0
4151,0
4152,0
4153,0
4154,0
4155,0
4156,0
4157,0
4158,0
4159,0
4160,0
4161,0
4162,0
4163,0
4164,0
4165,0
4166,0
4167,0
4168,0
4169,0
4170,0
4171,0
4172,0
4173,0
4174,0
4175,0
4176,0
4177,0
4178,0
4179,0
4180,0
4181,0
4182,0
4183,0
4184,0
4185,0
4186,0
4187,0
4188,0
4189,0
4190,0
4191,0
4192,0
4193,0
4194,0
4195,0
4196,0
4197,0
4198,0
4199,0
4200,0
4201,0
4202,0
4203,0
4204,0
4205,0
4206,0
4207,0
4208,0
4209,0
4210,0
4211,0
4212,0
4213,0
4214,0
4215,0
4216,0
4217,0
4218,0
4219,0
4220,0
4221,0
4222,0
4223,0
4224,0
4225,0
4226,0
4227,0
4228,0
4229,0
4230,0
4231,0
4232,0
4233,0
4234,0
4235,0
4236,0
4237,0
4238,0
4239,0
4240,0
4241,0
4242,0
4243,0
4244,0
4245,0
4246,0
4247,0
4248,0
4249,0
4250,0
4251,0
4252,0
4253,0
4254,0
4255,0
4256,0
4257,0
4258,0
4259,0
4260,0
4261,0
4262,0
4263,0
4264,0
4265,0
4266,0
4267,0
4268,0
4269,0
4270,0
4271,0
4272,0
4273,0
4274,0
4275,0
4276,0
4277,0
4278,0
4279,0
4280,0
4281,0
4282,0
4283,0
4284,0
4285,0
4286,0
4287,0
4288,0
4289,0
4290,0
4291,0
4292,0
4293,0
4294,0
4295,0
4296,0
4297,0
4298,0
4299,0
4300,0
4301,0
4302,0
4303,0
4304,0
4305,0
4306,0
4307,0
4308,0
4309,0
4310,0
4311,0
4312,0
4313,0
4314,0
4315,0
4316,0
4317,0
4318,0
4319,0
4320,0
4321,0
4322,0
4323,0
4324,0
4325,0
4326,0
4327,0
4328,0
4329,0
4330,0
4331,0
4332,0
4333,0
4334,0
4335,0
4336,0
4337,0
4338,0
4339,0
4340,0
4341,0
4342,0
4343,0
4344,0
4345,0
4346,0
4347,0
4348,0
4349,0
4350,0
4351,0
4352,0
4353,0
4354,0
4355,0
4356,0
4357,0
4358,0
4359,0
4360,0
4361,0
4362,0
4363,0
4364,0
4365,0
4366,0
4367,0
4368,0
4369,0
4370,0
4371,0
4372,0
4373,0
4374,0
4375,0
4376,0
4377,0
4378,0
4379,0
4380,0
4381,0
4382,0
4383,0
4384,0
4385,0
4386,0
4387,0
4388,0
4389,0
4390,0
4391,0
4392,0
4393,0
4394,0
4395,0
4396,0
4397,0
4398,0
4399,0
4400,0
4401,0
4402,0
4403,0
4404,0
4405,0
4406,0
4407,0
4408,0
4409,0
4410,0
4411,0
4412,0
4413,0
4414,0
4415,0
4416,0
4417,0
4418,0
4419,0
4420,0
4421,0
4422,0
4423,0
4424,0
4425,0
4426,0
4427,0
4428,0
4429,0
4430,0
4431,0
4432,0
4433,0
4434,0
4435,0
4436,0
4437,0
4438,0
4439,0
4440,0
4441,0
4442,0
4443,0
4444,0
4445,0
4446,0
4447,0
4448,0
4449,0
4450,0
4451,0
4452,0
4453,0
4454,0
4455,0
4456,0
4457,0
4458,0
4459,0
4460,0
4461,0
4462,0
4463,0
4464,0
4465,0
4466,0
4467,0
4468,0
4469,0
4470,0
4471,0
4472,0
4473,0
4474,0
4475,0
4476,0
4477,0
4478,0
4479,0
4480,0
4481,0
4482,0
4483,0
4484,0
4485,0
4486,0
4487,0
4488,0
4489,0
4490,0
4491,0
4492,0
4493,0
4494,0
4495,0
4496,0
4497,0
4498,0
4499,0
4500,0
4501,0
4502,0
4503,0
4504,0
4505,0
4506,0
4507,0
4508,0
4509,0
4510,0
4511,0
4512,0
4513,0
4514,0
4515,0
4516,0
4517,0
4518,0
4519,0
4520,0
4521,0
4522,0
4523,0
4524,0
4525,0
4526,0
4527,0
4528,0
4529,0
4530,0
4531,0
4532,0
4533,0
4534,0
4535,0
4536,0
4537,0
4538,0
4539,0
4540,0
4541,0
4542,0
4543,0
4544,0
4545,0
4546,0
4547,0
4548,0
4549,0
4550,0
4551,0
4552,0
4553,0
4554,0
4555,0
4556,0
4557,0
4558,0
4559,0
4560,0
4561,0
4562,0
4563,0
4564,0
4565,0
4566,0
4567,0
4568,0
4569,0
4570,0
4571,0
4572,0
4573,0
4574,0
4575,0
4576,0
4577,0
4578,0
4579,0
4580,0
4581,0
4582,0
4583,0
4584,0
4585,0
4586,0
4587,0
4588,0
4589,0
4590,0
4591,0
4592,0
4593,0
4594,0
4595,0
4596,0
4597,0
4598,0
4599,0
4600,0
4601,0
4602,0
4603,0
4604,0
4605,0
4606,0
4607,0
4608,0
4609,0
4610,0
4611,0
4612,0
4613,0
4614,0
4615,0
4616,0
4617,0
4618,0
4619,0
4620,0
4621,0
4622,0
4623,0
4624,0
4625,0
4626,0
4627,0
4628,0
4629,0
4630,0
4631,0
4632,0
4633,0
4634,0
4635,0
4636,0
4637,0
4638,0
4639,0
4640,0
4641,0
4642,0
4643,0
4644,0
4645,0
4646,0
4647,0
4648,0
4649,0
4650,0
4651,0
4652,0
4653,0
4654,0
4655,0
4656,0
4657,0
4658,0
4659,0
4660,0
4661,0
4662,0
4663,0
4664,0
4665,0
4666,0
4667,0
4668,0
4669,0
4670,0
4671,0
4672,0
4673,0
4674,0
4675,0
4676,0
4677,0
4678,0
4679,0
4680,0
4681,0
4682,0
4683,0
4684,0
4685,0
4686,0
4687,0
4688,0
4689,0
4690,0
4691,0
4692,0
4693,0
4694,0
4695,0
4696,0
4697,0
4698,0
4699,0
4700,0
4701,0
4702,0
4703,0
4704,0
4705,0
4706,0
4707,0
4708,0
4709,0
4710,0
4711,0
4712,0
4713,0
4714,0
4715,0
4716,0
4717,0
4718,0
4719,0
4720,0
4721,0
4722,0
4723,0
4724,0
4725,0
4726,0
4727,0
4728,0
4729,0
4730,0
4731,0
4732,0
4733,0
4734,0
4735,0
4736,0
4737,0
4738,0
4739,0
4740,0
4741,0
4742,0
4743,0
4744,0
4745,0
4746,0
4747,0
4748,0
4749,0
4750,0
4751,0
4752,0
4753,0
4754,0
4755,0
4756,0
4757,0
4758,0
4759,0
4760,0
4761,0
4762,0
4763,0
4764,0
4765,0
4766,0
4767,0
4768,0
4769,0
4770,0
4771,0
4772,0
4773,0
4774,0
4775,0
4776,0
4777,0
4778,0
4779,0
4780,0
4781,0
4782,0
4783,0
4784,0
4785,0
4786,0
4787,0
4788,0
4789,0
4790,0
4791,0
4792,0
4793,0
4794,0
4795,0
4796,0
4797,0
4798,0
4799,0
4800,0
4801,0
4802,0
4803,0
4804,0
4805,0
4806,0
4807,0
4808,0
4809,0
4810,0
4811,0
4812,0
4813,0
4814,0
4815,0
4816,0
4817,0
4818,0
4819,0
4820,0
4821,0
4822,0
4823,0
4824,0
4825,0
4826,0
4827,0
4828,0
4829,0
4830,0
4831,0
4832,0
4833,0
4834,0
4835,0
4836,0
4837,0
4838,0
4839,0
4840,0
4841,0
4842,0
4843,0
4844,0
4845,0
4846,0
4847,0
4848,0
4849,0
4850,0
4851,0
4852,0
4853,0
4854,0
4855,0
4856,0
4857,0
4858,0
4859,0
4860,0
4861,0
4862,0
4863,0
4864,0
4865,0
4866,0
4867,0
4868,0
4869,0
4870,0
4871,0
4872,0
4873,0
4874,0
4875,0
4876,0
4877,0
4878,0
4879,0
4880,0
4881,0
4882,0
4883,0
4884,0
4885,0
4886,0
4887,0
4888,0
4889,0
4890,0
4891,0
4892,0
4893,0
4894,0
4895,0
4896,0
4897,0
4898,0
4899,0
4900,0
4901,0
4902,0
4903,0
4904,0
4905,0
4906,0
4907,0
4908,0
4909,0
4910,0
4911,0
4912,0
4913,0
4914,0
4915,0
4916,0
4917,0
4918,0
4919,0
4920,0
4921,0
4922,0
4923,0
4924,0
4925,0
4926,0
4927,0
4928,0
4929,0
4930,0
4931,0
4932,0
4933,0
4934,0
4935,0
4936,0
4937,0
4938,0
4939,0
4940,0
4941,0
4942,0
4943,0
4944,0
4945,0
4946,0
4947,0
4948,0
4949,0
4950,0
4951,0
4952,0
4953,0
4954,0
4955,0
4956,0
4957,0
4958,0
4959,0
4960,0
4961,0
4962,0
4963,0
4964,0
4965,0
4966,0
4967,0
4968,0
4969,0
4970,0
4971,0
4972,0
4973,0
4974,0
4975,0
4976,0
4977,0
4978,0
4979,0
4980,0
4981,0
4982,0
4983,0
4984,0
4985,0
4986,0
4987,0
4988,0
4989,0
4990,0
4991,0
4992,0
4993,0
4994,0
4995,0
4996,0
4997,0
4998,0
4999,0
5000,0
5001,0
5002,0
5003,0
5004,0
5005,0
5006,0
5007,0
5008,0
5009,0
5010,0
5011,0
5012,0
5013,0
5014,0
5015,0
5016,0
5017,0
5018,0
5019,0
5020,0
5021,0
5022,0
5023,0
5024,0
5025,0
5026,0
5027,0
5028,0
5029,0
5030,0
5031,0
5032,0
5033,0
5034,0
5035,0
5036,0
5037,0
5038,0
5039,0
5040,0
5041,0
5042,0
5043,0
5044,0
5045,0
5046,0
5047,0
5048,0
5049,0
5050,0
5051,0
5052,0
5053,0
5054,0
5055,0
5056,0
5057,0
5058,0
5059,0
5060,0
5061,0
5062,0
5063,0
5064,0
5065,0
5066,0
5067,0
5068,0
5069,0
5070,0
5071,0
5072,0
5073,0
5074,0
5075,0
5076,0
5077,0
5078,0
5079,0
5080,0
5081,0
5082,0
5083,0
5084,0
5085,0
5086,0
5087,0
5088,0
5089,0
5090,0
5091,0
5092,0
5093,0
5094,0
5095,0
5096,0
5097,0
5098,0
5099,0
5100,0
5101,0
5102,0
5103,0
5104,0
5105,0
5106,0
5107,0
5108,0
5109,0
5110,0
5111,0
5112,0
5113,0
5114,0
5115,0
5116,0
5117,0
5118,0
5119,0
5120,0
5121,0
5122,0
5123,0
5124,0
5125,0
5126,0
5127,0
5128,0
5129,0
5130,0
5131,0
5132,0
5133,0
5134,0
5135,0
5136,0
5137,0
5138,0
5139,0
5140,0
5141,0
5142,0
5143,0
5144,0
5145,0
5146,0
5147,0
5148,0
5149,0
5150,0
5151,0
5152,0
5153,0
5154,0
5155,0
5156,0
5157,0
5158,0
5159,0
5160,0
5161,0
5162,0
5163,0
5164,0
5165,0
5166,0
5167,0
5168,0
5169,0
5170,0
5171,0
5172,0
5173,0
5174,0
5175,0
5176,0
5177,0
5178,0
5179,0
5180,0
5181,0
5182,0
5183,0
5184,0
5185,0
5186,0
5187,0
5188,0
5189,0
5190,0
5191,0
5192,0
5193,0
5194,0
5195,0
5196,0
5197,0
5198,0
5199,0
5200,0
5201,0
5202,0
5203,0
5204,0
5205,0
5206,0
5207,0
5208,0
5209,0
5210,0
5211,0
5212,0
5213,0
5214,0
5215,0
5216,0
5217,0
5218,0
5219,0
5220,0
5221,0
5222,0
5223,0
5224,0
5225,0
5226,0
5227,0
5228,0
5229,0
5230,0
5231,0
5232,0
5233,0
5234,0
5235,0
5236,0
5237,0
5238,0
5239,0
5240,0
5241,0
5242,0
5243,0
5244,0
5245,0
5246,0
5247,0
5248,0
5249,0
5250,0
5251,0
5252,0
5253,0
5254,0
5255,0
5256,0
5257,0
5258,0
5259,0
5260,0
5261,0
5262,0
5263,0
5264,0
5265,0
5266,0
5267,0
5268,0
5269,0
5270,0
5271,0
5272,0
5273,0
5274,0
5275,0
5276,0
5277,0
5278,0
5279,0
5280,0
5281,0
5282,0
5283,0
5284,0
5285,0
5286,0
5287,0
5288,0
5289,0
5290,0
5291,0
5292,0
5293,0
5294,0
5295,0
5296,0
5297,0
5298,0
5299,0
5300,0
5301,0
5302,0
5303,0
5304,0
5305,0
5306,0
5307,0
5308,0
5309,0
5310,0
5311,0
5312,0
5313,0
5314,0
5315,0
5316,0
5317,0
5318,0
5319,0
5320,0
5321,0
5322,0
5323,0
5324,0
5325,0
5326,0
5327,0
5328,0
5329,0
5330,0
5331,0
5332,0
5333,0
5334,0
5335,0
5336,0
5337,0
5338,0
5339,0
5340,0
5341,0
5342,0
5343,0
5344,0
5345,0
5346,0
5347,0
5348,0
5349,0
5350,0
5351,0
5352,0
5353,0
5354,0
5355,0
5356,0
5357,0
5358,0
5359,0
5360,0
5361,0
5362,0
5363,0
5364,0
5365,0
5366,0
5367,0
5368,0
5369,0
5370,0
5371,0
5372,0
5373,0
5374,0
5375,0
5376,0
5377,0
5378,0
5379,0
5380,0
5381,0
5382,0
5383,0
5384,0
5385,0
5386,0
5387,0
5388,0
5389,0
5390,0
5391,0
5392,0
5393,0
5394,0
5395,0
5396,0
5397,0
5398,0
5399,0
5400,0
5401,0
5402,0
5403,0
5404,0
5405,0
5406,0
5407,0
5408,0
5409,0
5410,0
5411,0
5412,0
5413,0
5414,0
5415,0
5416,0
5417,0
5418,0
5419,0
5420,0
5421,0
5422,0
5423,0
5424,0
5425,0
5426,0
5427,0
5428,0
5429,0
5430,0
5431,0
5432,0
5433,0
5434,0
5435,0
5436,0
5437,0
5438,0
5439,0
5440,0
5441,0
5442,0
5443,0
5444,0
5445,0
5446,0
5447,0
5448,0
5449,0
5450,0
5451,0
5452,0
5453,0
5454,0
5455,0
5456,0
5457,0
5458,0
5459,0
5460,0
5461,0
5462,0
5463,0
5464,0
5465,0
5466,0
5467,0
5468,0
5469,0
5470,0
5471,0
5472,0
5473,0
5474,0
5475,0
5476,0
5477,0
5478,0
5479,0
5480,0
5481,0
5482,0
5483,0
5484,0
5485,0
5486,0
5487,0
5488,0
5489,0
5490,0
5491,0
5492,0
5493,0
5494,0
5495,0
5496,0
5497,0
5498,0
5499,0
5500,0
5501,0
5502,0
5503,0
5504,0
5505,0
5506,0
5507,0
5508,0
5509,0
5510,0
5511,0
5512,0
5513,0
5514,0
5515,0
5516,0
5517,0
5518,0
5519,0
5520,0
5521,0
5522,0
5523,0
5524,0
5525,0
5526,0
5527,0
5528,0
5529,0
5530,0
5531,0
5532,0
5533,0
5534,0
5535,0
5536,0
5537,0
5538,0
5539,0
5540,0
5541,0
5542,0
5543,0
5544,0
5545,0
5546,0
5547,0
5548,0
5549,0
5550,0
5551,0
5552,0
5553,0
5554,0
5555,0
5556,0
5557,0
5558,0
5559,0
5560,0
5561,0
5562,0
5563,0
5564,0
5565,0
5566,0
5567,0
5568,0
5569,0
5570,0
5571,0
5572,0
5573,0
5574,0
5575,0
5576,0
5577,0
5578,0
5579,0
5580,0
5581,0
5582,0
5583,0
5584,0
5585,0
5586,0
5587,0
5588,0
5589,0
5590,0
5591,0
5592,0
5593,0
5594,0
5595,0
5596,0
5597,0
5598,0
5599,0
5600,0
5601,0
5602,0
5603,0
5604,0
5605,0
5606,0
5607,0
5608,0
5609,0
5610,0
5611,0
5612,0
5613,0
5614,0
5615,0
5616,0
5617,0
5618,0
5619,0
5620,0
5621,0
5622,0
5623,0
5624,0
5625,0
5626,0
5627,0
5628,0
5629,0
5630,0
5631,0
5632,0
5633,0
5634,0
5635,0
5636,0
5637,0
5638,0
5639,0
5640,0
5641,0
5642,0
5643,0
5644,0
5645,0
5646,0
5647,0
5648,0
5649,0
5650,0
5651,0
5652,0
5653,0
5654,0
5655,0
5656,0
5657,0
5658,0
5659,0
5660,0
5661,0
5662,0
5663,0
5664,0
5665,0
5666,0
5667,0
5668,0
5669,0
5670,0
5671,0
5672,0
5673,0
5674,0
5675,0
5676,0
5677,0
5678,0
5679,0
5680,0
5681,0
5682,0
5683,0
5684,0
5685,0
5686,0
5687,0
5688,0
5689,0
5690,0
5691,0
5692,0
5693,0
5694,0
5695,0
5696,0
5697,0
5698,0
5699,0
5700,0
5701,0
5702,0
5703,0
5704,0
5705,0
5706,0
5707,0
5708,0
5709,0
5710,0
5711,0
5712,0
5713,0
5714,0
5715,0
5716,0
5717,0
5718,0
5719,0
5720,0
5721,0
5722,0
5723,0
5724,0
5725,0
5726,0
5727,0
5728,0
5729,0
5730,0
5731,0
5732,0
5733,0
5734,0
5735,0
5736,0
5737,0
5738,0
5739,0
5740,0
5741,0
5742,0
5743,0
5744,0
5745,0
5746,0
5747,0
5748,0
5749,0
5750,0
5751,0
5752,0
5753,0
5754,0
5755,0
5756,0
5757,0
5758,0
5759,0
5760,0
5761,0
5762,0
5763,0
5764,0
5765,0
5766,0
5767,0
5768,0
5769,0
5770,0
5771,0
5772,0
5773,0
5774,0
5775,0
5776,0
5777,0
5778,0
5779,0
5780,0
5781,0
5782,0
5783,0
5784,0
5785,0
5786,0
5787,0
5788,0
5789,0
5790,0
5791,0
5792,0
5793,0
5794,0
5795,0
5796,0
5797,0
5798,0
5799,0
5800,0
5801,0
5802,0
5803,0
5804,0
5805,0
5806,0
5807,0
5808,0
5809,0
5810,0
5811,0
5812,0
5813,0
5814,0
5815,0
5816,0
5817,0
5818,0
5819,0
5820,0
5821,0
5822,0
5823,0
5824,0
5825,0
5826,0
5827,0
5828,0
5829,0
5830,0
5831,0
5832,0
5833,0
5834,0
5835,0
5836,0
5837,0
5838,0
5839,0
5840,0
5841,0
5842,0
5843,0
5844,0
5845,0
5846,0
5847,0
5848,0
5849,0
5850,0
5851,0
5852,0
5853,0
5854,0
5855,0
5856,0
5857,0
5858,0
5859,0
5860,0
5861,0
5862,0
5863,0
5864,0
5865,0
5866,0
5867,0
5868,0
5869,0
5870,0
5871,0
5872,0
5873,0
5874,0
5875,0
5876,0
5877,0
5878,0
5879,0
5880,0
5881,0
5882,0
5883,0
5884,0
5885,0
5886,0
5887,0
5888,0
5889,0
5890,0
5891,0
5892,0
5893,0
5894,0
5895,0
5896,0
5897,0
5898,0
5899,0
5900,0
5901,0
5902,0
5903,0
5904,0
5905,0
5906,0
5907,0
5908,0
5909,0
5910,0
5911,0
5912,0
5913,0
5914,0
5915,0
5916,0
5917,0
5918,0
5919,0
5920,0
5921,0
5922,0
5923,0
5924,0
5925,0
5926,0
5927,0
5928,0
5929,0
5930,0
5931,0
5932,0
5933,0
5934,0
5935,0
5936,0
5937,0
5938,0
5939,0
5940,0
5941,0
5942,0
5943,0
5944,0
5945,0
5946,0
5947,0
5948,0
5949,0
5950,0
5951,0
5952,0
5953,0
5954,0
5955,0
5956,0
5957,0
5958,0
5959,0
5960,0
5961,0
5962,0
5963,0
5964,0
5965,0
5966,0
5967,0
5968,0
5969,0
5970,0
5971,0
5972,0
5973,0
5974,0
5975,0
5976,0
5977,0
5978,0
5979,0
5980,0
5981,0
5982,0
5983,0
5984,0
5985,0
5986,0
5987,0
5988,0
5989,0
5990,0
5991,0
5992,0
5993,0
5994,0
5995,0
5996,0
5997,0
5998,0
5999,0
6000,0
6001,0
6002,0
6003,0
6004,0
6005,0
6006,0
6007,0
6008,0
6009,0
6010,0
6011,0
6012,0
6013,0
6014,0
6015,0
6016,0
6017,0
6018,0
6019,0
6020,0
6021,0
6022,0
6023,0
6024,0
6025,0
6026,0
6027,0
6028,0
6029,0
6030,0
6031,0
6032,0
6033,0
6034,0
6035,0
6036,0
6037,0
6038,0
6039,0
6040,0
6041,0
6042,0
6043,0
6044,0
6045,0
6046,0
6047,0
6048,0
6049,0
6050,0
6051,0
6052,0
6053,0
6054,0
6055,0
6056,0
6057,0
6058,0
6059,0
6060,0
6061,0
6062,0
6063,0
6064,0
6065,0
6066,0
6067,0
6068,0
6069,0
6070,0
6071,0
6072,0
6073,0
6074,0
6075,0
6076,0
6077,0
6078,0
6079,0
6080,0
6081,0
6082,0
6083,0
6084,0
6085,0
6086,0
6087,0
6088,0
6089,0
6090,0
6091,0
6092,0
6093,0
6094,0
6095,0
6096,0
6097,0
6098,0
6099,0
6100,0
6101,0
6102,0
6103,0
6104,0
6105,0
6106,0
6107,0
6108,0
6109,0
6110,0
6111,0
6112,0
6113,0
6114,0
6115,0
6116,0
6117,0
6118,0
6119,0
6120,0
6121,0
6122,0
6123,0
6124,0
6125,0
6126,0
6127,0
6128,0
6129,0
6130,0
6131,0
6132,0
6133,0
6134,0
6135,0
6136,0
6137,0
6138,0
6139,0
6140,0
6141,0
6142,0
6143,0
6144,0
6145,0
6146,0
6147,0
6148,0
6149,0
6150,0
6151,0
6152,0
6153,0
6154,0
6155,0
6156,0
6157,0
6158,0
6159,0
6160,0
6161,0
6162,0
6163,0
6164,0
6165,0
6166,0
6167,0
6168,0
6169,0
6170,0
6171,0
6172,0
6173,0
6174,0
6175,0
6176,0
6177,0
6178,0
6179,0
6180,0
6181,0
6182,0
6183,0
6184,0
6185,0
6186,0
6187,0
6188,0
6189,0
6190,0
6191,0
6192,0
6193,0
6194,0
6195,0
6196,0
6197,0
6198,0
6199,0
6200,0
6201,0
6202,0
6203,0
6204,0
6205,0
6206,0
6207,0
6208,0
6209,0
6210,0
6211,0
6212,0
6213,0
6214,0
6215,0
6216,0
6217,0
6218,0
6219,0
6220,0
6221,0
6222,0
6223,0
6224,0
6225,0
6226,0
6227,0
6228,0
6229,0
6230,0
6231,0
6232,0
6233,0
6234,0
6235,0
6236,0
6237,0
6238,0
6239,0
6240,0
6241,0
6242,0
6243,0
6244,0
6245,0
6246,0
6247,0
6248,0
6249,0
6250,0
6251,0
6252,0
6253,0
6254,0
6255,0
6256,0
6257,0
6258,0
6259,0
6260,0
6261,0
6262,0
6263,0
6264,0
6265,0
6266,0
6267,0
6268,0
6269,0
6270,0
6271,0
6272,0
6273,0
6274,0
6275,0
6276,0
6277,0
6278,0
6279,0
6280,0
6281,0
6282,0
6283,0
6284,0
6285,0
6286,0
6287,0
6288,0
6289,0
6290,0
6291,0
6292,0
6293,0
6294,0
6295,0
6296,0
6297,0
6298,0
6299,0
6300,0
6301,0
6302,0
6303,0
6304,0
6305,0
6306,0
6307,0
6308,0
6309,0
6310,0
6311,0
6312,0
6313,0
6314,0
6315,0
6316,0
6317,0
6318,0
6319,0
6320,0
6321,0
6322,0
6323,0
6324,0
6325,0
6326,0
6327,0
6328,0
6329,0
6330,0
6331,0
6332,0
6333,0
6334,0
6335,0
6336,0
6337,0
6338,0
6339,0
6340,0
6341,0
6342,0
6343,0
6344,0
6345,0
6346,0
6347,0
6348,0
6349,0
6350,0
6351,0
6352,0
6353,0
6354,0
6355,0
6356,0
6357,0
6358,0
6359,0
6360,0
6361,0
6362,0
6363,0
6364,0
6365,0
6366,0
6367,0
6368,0
6369,0
6370,0
6371,0
6372,0
6373,0
6374,0
6375,0
6376,0
6377,0
6378,0
6379,0
6380,0
6381,0
6382,0
6383,0
6384,0
6385,0
6386,0
6387,0
6388,0
6389,0
6390,0
6391,0
6392,0
6393,0
6394,0
6395,0
6396,0
6397,0
6398,0
6399,0
6400,0
6401,0
6402,0
6403,0
6404,0
6405,0
6406,0
6407,0
6408,0
6409,0
6410,0
6411,0
6412,0
6413,0
6414,0
6415,0
6416,0
6417,0
6418,0
6419,0
6420,0
6421,0
6422,0
6423,0
6424,0
6425,0
6426,0
6427,0
6428,0
6429,0
6430,0
6431,0
6432,0
6433,0
6434,0
6435,0
6436,0
6437,0
6438,0
6439,0
6440,0
6441,0
6442,0
6443,0
6444,0
6445,0
6446,0
6447,0
6448,0
6449,0
6450,0
6451,0
6452,0
6453,0
6454,0
6455,0
6456,0
6457,0
6458,0
6459,0
6460,0
6461,0
6462,0
6463,0
6464,0
6465,0
6466,0
6467,0
6468,0
6469,0
6470,0
6471,0
6472,0
6473,0
6474,0
6475,0
6476,0
6477,0
6478,0
6479,0
6480,0
6481,0
6482,0
6483,0
6484,0
6485,0
6486,0
6487,0
6488,0
6489,0
6490,0
6491,0
6492,0
6493,0
6494,0
6495,0
6496,0
6497,0
6498,0
6499,0
6500,0
6501,0
6502,0
6503,0
6504,0
6505,0
6506,0
6507,0
6508,0
6509,0
6510,0
6511,0
6512,0
6513,0
6514,0
6515,0
6516,0
6517,0
6518,0
6519,0
6520,0
6521,0
6522,0
6523,0
6524,0
6525,0
6526,0
6527,0
6528,0
6529,0
6530,0
6531,0
6532,0
6533,0
6534,0
6535,0
6536,0
6537,0
6538,0
6539,0
6540,0
6541,0
6542,0
6543,0
6544,0
6545,0
6546,0
6547,0
6548,0
6549,0
6550,0
6551,0
6552,0
6553,0
6554,0
6555,0
6556,0
6557,0
6558,0
6559,0
6560,0
6561,0
6562,0
6563,0
6564,0
6565,0
6566,0
6567,0
6568,0
6569,0
6570,0
6571,0
6572,0
6573,0
6574,0
6575,0
6576,0
6577,0
6578,0
6579,0
6580,0
6581,0
6582,0
6583,0
6584,0
6585,0
6586,0
6587,0
6588,0
6589,0
6590,0
6591,0
6592,0
6593,0
6594,0
6595,0
6596,0
6597,0
6598,0
6599,0
6600,0
6601,0
6602,0
6603,0
6604,0
6605,0
6606,0
6607,0
6608,0
6609,0
6610,0
6611,0
6612,0
6613,0
6614,0
6615,0
6616,0
6617,0
6618,0
6619,0
6620,0
6621,0
6622,0
6623,0
6624,0
6625,0
6626,0
6627,0
6628,0
6629,0
6630,0
6631,0
6632,0
6633,0
6634,0
6635,0
6636,0
6637,0
6638,0
6639,0
6640,0
6641,0
6642,0
6643,0
6644,0
6645,0
6646,0
6647,0
6648,0
6649,0
6650,0
6651,0
6652,0
6653,0
6654,0
6655,0
6656,0
6657,0
6658,0
6659,0
6660,0
6661,0
6662,0
6663,0
6664,0
6665,0
6666,0
6667,0
6668,0
6669,0
6670,0
6671,0
6672,0
6673,0
6674,0
6675,0
6676,0
6677,0
6678,0
6679,0
6680,0
6681,0
6682,0
6683,0
6684,0
6685,0
6686,0
6687,0
6688,0
6689,0
6690,0
6691,0
6692,0
6693,0
6694,0
6695,0
6696,0
6697,0
6698,0
6699,0
6700,0
6701,0
6702,0
6703,0
6704,0
6705,0
6706,0
6707,0
6708,0
6709,0
6710,0
6711,0
6712,0
6713,0
6714,0
6715,0
6716,0
6717,0
6718,0
6719,0
6720,0
6721,0
6722,0
6723,0
6724,0
6725,0
6726,0
6727,0
6728,0
6729,0
6730,0
6731,0
6732,0
6733,0
6734,0
6735,0
6736,0
6737,0
6738,0
6739,0
6740,0
6741,0
6742,0
6743,0
6744,0
6745,0
6746,0
6747,0
6748,0
6749,0
6750,0
6751,0
6752,0
6753,0
6754,0
6755,0
6756,0
6757,0
6758,0
6759,0
6760,0
6761,0
6762,0
6763,0
6764,0
6765,0
6766,0
6767,0
6768,0
6769,0
6770,0
6771,0
6772,0
6773,0
6774,0
6775,0
6776,0
6777,0
6778,0
6779,0
6780,0
6781,0
6782,0
6783,0
6784,0
6785,0
6786,0
6787,0
6788,0
6789,0
6790,0
6791,0
6792,0
6793,0
6794,0
6795,0
6796,0
6797,0
6798,0
6799,0
6800,0
6801,0
6802,0
6803,0
6804,0
6805,0
6806,0
6807,0
6808,0
6809,0
6810,0
6811,0
6812,0
6813,0
6814,0
6815,0
6816,0
6817,0
6818,0
6819,0
6820,0
6821,0
6822,0
6823,0
6824,0
6825,0
6826,0
6827,0
6828,0
6829,0
6830,0
6831,0
6832,0
6833,0
6834,0
6835,0
6836,0
6837,0
6838,0
6839,0
6840,0
6841,0
6842,0
6843,0
6844,0
6845,0
6846,0
6847,0
6848,0
6849,0
6850,0
6851,0
6852,0
6853,0
6854,0
6855,0
6856,0
6857,0
6858,0
6859,0
6860,0
6861,0
6862,0
6863,0
6864,0
6865,0
6866,0
6867,0
6868,0
6869,0
6870,0
6871,0
6872,0
6873,0
6874,0
6875,0
6876,0
6877,0
6878,0
6879,0
6880,0
6881,0
6882,0
6883,0
6884,0
6885,0
6886,0
6887,0
6888,0
6889,0
6890,0
6891,0
6892,0
6893,0
6894,0
6895,0
6896,0
6897,0
6898,0
6899,0
6900,0
6901,0
6902,0
6903,0
6904,0
6905,0
6906,0
6907,0
6908,0
6909,0
6910,0
6911,0
6912,0
6913,0
6914,0
6915,0
6916,0
6917,0
6918,0
6919,0
6920,0
6921,0
6922,0
6923,0
6924,0
6925,0
6926,0
6927,0
6928,0
6929,0
6930,0
6931,0
6932,0
6933,0
6934,0
6935,0
6936,0
6937,0
6938,0
6939,0
6940,0
6941,0
6942,0
6943,0
6944,0
6945,0
6946,0
6947,0
6948,0
6949,0
6950,0
6951,0
6952,0
6953,0
6954,0
6955,0
6956,0
6957,0
6958,0
6959,0
6960,0
6961,0
6962,0
6963,0
6964,0
6965,0
6966,0
6967,0
6968,0
6969,0
6970,0
6971,0
6972,0
6973,0
6974,0
6975,0
6976,0
6977,0
6978,0
6979,0
6980,0
6981,0
6982,0
6983,0
6984,0
6985,0
6986,0
6987,0
6988,0
6989,0
6990,0
6991,0
6992,0
6993,0
6994,0
6995,0
6996,0
6997,0
6998,0
6999,0
7000,0
7001,0
7002,0
7003,0
7004,0
7005,0
7006,0
7007,0
7008,0
7009,0
7010,0
7011,0
7012,0
7013,0
7014,0
7015,0
7016,0
7017,0
7018,0
7019,0
7020,0
7021,0
7022,0
7023,0
7024,0
7025,0
7026,0
7027,0
7028,0
7029,0
7030,0
7031,0
7032,0
7033,0
7034,0
7035,0
7036,0
7037,0
7038,0
7039,0
7040,0
7041,0
7042,0
7043,0
7044,0
7045,0
7046,0
7047,0
7048,0
7049,0
7050,0
7051,0
7052,0
7053,0
7054,0
7055,0
7056,0
7057,0
7058,0
7059,0
7060,0
7061,0
7062,0
7063,0
7064,0
7065,0
7066,0
7067,0
7068,0
7069,0
7070,0
7071,0
7072,0
7073,0
7074,0
7075,0
7076,0
7077,0
7078,0
7079,0
7080,0
7081,0
7082,0
7083,0
7084,0
7085,0
7086,0
7087,0
7088,0
7089,0
7090,0
7091,0
7092,0
7093,0
7094,0
7095,0
7096,0
7097,0
7098,0
7099,0
7100,0
7101,0
7102,0
7103,0
7104,0
7105,0
7106,0
7107,0
7108,0
7109,0
7110,0
7111,0
7112,0
7113,0
7114,0
7115,0
7116,0
7117,0
7118,0
7119,0
7120,0
7121,0
7122,0
7123,0
7124,0
7125,0
7126,0
7127,0
7128,0
7129,0
7130,0
7131,0
7132,0
7133,0
7134,0
7135,0
7136,0
7137,0
7138,0
7139,0
7140,0
7141,0
7142,0
7143,0
7144,0
7145,0
7146,0
7147,0
7148,0
7149,0
7150,0
7151,0
7152,0
7153,0
7154,0
7155,0
7156,0
7157,0
7158,0
7159,0
7160,0
7161,0
7162,0
7163,0
7164,0
7165,0
7166,0
7167,0
7168,0
7169,0
7170,0
7171,0
7172,0
7173,0
7174,0
7175,0
7176,0
7177,0
7178,0
7179,0
7180,0
7181,0
7182,0
7183,0
7184,0
7185,0
7186,0
7187,0
7188,0
7189,0
7190,0
7191,0
7192,0
7193,0
7194,0
7195,0
7196,0
7197,0
7198,0
7199,0
7200,0
7201,0
7202,0
7203,0
7204,0
7205,0
7206,0
7207,0
7208,0
7209,0
7210,0
7211,0
7212,0
7213,0
7214,0
7215,0
7216,0
7217,0
7218,0
7219,0
7220,0
7221,0
7222,0
7223,0
7224,0
7225,0
7226,0
7227,0
7228,0
7229,0
7230,0
7231,0
7232,0
7233,0
7234,0
7235,0
7236,0
7237,0
7238,0
7239,0
7240,0
7241,0
7242,0
7243,0
7244,0
7245,0
7246,0
7247,0
7248,0
7249,0
7250,0
7251,0
7252,0
7253,0
7254,0
7255,0
7256,0
7257,0
7258,0
7259,0
7260,0
7261,0
7262,0
7263,0
7264,0
7265,0
7266,0
7267,0
7268,0
7269,0
7270,0
7271,0
7272,0
7273,0
7274,0
7275,0
7276,0
7277,0
7278,0
7279,0
7280,0
7281,0
7282,0
7283,0
7284,0
7285,0
7286,0
7287,0
7288,0
7289,0
7290,0
7291,0
7292,0
7293,0
7294,0
7295,0
7296,0
7297,0
7298,0
7299,0
7300,0
7301,0
7302,0
7303,0
7304,0
7305,0
7306,0
7307,0
7308,0
7309,0
7310,0
7311,0
7312,0
7313,0
7314,0
7315,0
7316,0
7317,0
7318,0
7319,0
7320,0
7321,0
7322,0
7323,0
7324,0
7325,0
7326,0
7327,0
7328,0
7329,0
7330,0
7331,0
7332,0
7333,0
7334,0
7335,0
7336,0
7337,0
7338,0
7339,0
7340,0
7341,0
7342,0
7343,0
7344,0
7345,0
7346,0
7347,0
7348,0
7349,0
7350,0
7351,0
7352,0
7353,0
7354,0
7355,0
7356,0
7357,0
7358,0
7359,0
7360,0
7361,0
7362,0
7363,0
7364,0
7365,0
7366,0
7367,0
7368,0
7369,0
7370,0
7371,0
7372,0
7373,0
7374,0
7375,0
7376,0
7377,0
7378,0
7379,0
7380,0
7381,0
7382,0
7383,0
7384,0
7385,0
7386,0
7387,0
7388,0
7389,0
7390,0
7391,0
7392,0
7393,0
7394,0
7395,0
7396,0
7397,0
7398,0
7399,0
7400,0
7401,0
7402,0
7403,0
7404,0
7405,0
7406,0
7407,0
7408,0
7409,0
7410,0
7411,0
7412,0
7413,0
7414,0
7415,0
7416,0
7417,0
7418,0
7419,0
7420,0
7421,0
7422,0
7423,0
7424,0
7425,0
7426,0
7427,0
7428,0
7429,0
7430,0
7431,0
7432,0
7433,0
7434,0
7435,0
7436,0
7437,0
7438,0
7439,0
7440,0
7441,0
7442,0
7443,0
7444,0
7445,0
7446,0
7447,0
7448,0
7449,0
7450,0
7451,0
7452,0
7453,0
7454,0
7455,0
7456,0
7457,0
7458,0
7459,0
7460,0
7461,0
7462,0
7463,0
7464,0
7465,0
7466,0
7467,0
7468,0
7469,0
7470,0
7471,0
7472,0
7473,0
7474,0
7475,0
7476,0
7477,0
7478,0
7479,0
7480,0
7481,0
7482,0
7483,0
7484,0
7485,0
7486,0
7487,0
7488,0
7489,0
7490,0
7491,0
7492,0
7493,0
7494,0
7495,0
7496,0
7497,0
7498,0
7499,0
7500,0
7501,0
7502,0
7503,0
7504,0
7505,0
7506,0
7507,0
7508,0
7509,0
7510,0
7511,0
7512,0
7513,0
7514,0
7515,0
7516,0
7517,0
7518,0
7519,0
7520,0
7521,0
7522,0
7523,0
7524,0
7525,0
7526,0
7527,0
7528,0
7529,0
7530,0
7531,0
7532,0
7533,0
7534,0
7535,0
7536,0
7537,0
7538,0
7539,0
7540,0
7541,0
7542,0
7543,0
7544,0
7545,0
7546,0
7547,0
7548,0
7549,0
7550,0
7551,0
7552,0
7553,0
7554,0
7555,0
7556,0
7557,0
7558,0
7559,0
7560,0
7561,0
7562,0
7563,0
7564,0
7565,0
7566,0
7567,0
7568,0
7569,0
7570,0
7571,0
7572,0
7573,0
7574,0
7575,0
7576,0
7577,0
7578,0
7579,0
7580,0
7581,0
7582,0
7583,0
7584,0
7585,0
7586,0
7587,0
7588,0
7589,0
7590,0
7591,0
7592,0
7593,0
7594,0
7595,0
7596,0
7597,0
7598,0
7599,0
7600,0
7601,0
7602,0
7603,0
7604,0
7605,0
7606,0
7607,0
7608,0
7609,0
7610,0
7611,0
7612,0
7613,0
7614,0
7615,0
7616,0
7617,0
7618,0
7619,0
7620,0
7621,0
7622,0
7623,0
7624,0
7625,0
7626,0
7627,0
7628,0
7629,0
7630,0
7631,0
7632,0
7633,0
7634,0
7635,0
7636,0
7637,0
7638,0
7639,0
7640,0
7641,0
7642,0
7643,0
7644,0
7645,0
7646,0
7647,0
7648,0
7649,0
7650,0
7651,0
7652,0
7653,0
7654,0
7655,0
7656,0
7657,0
7658,0
7659,0
7660,0
7661,0
7662,0
7663,0
7664,0
7665,0
7666,0
7667,0
7668,0
7669,0
7670,0
7671,0
7672,0
7673,0
7674,0
7675,0
7676,0
7677,0
7678,0
7679,0
7680,0
7681,0
7682,0
7683,0
7684,0
7685,0
7686,0
7687,0
7688,0
7689,0
7690,0
7691,0
7692,0
7693,0
7694,0
7695,0
7696,0
7697,0
7698,0
7699,0
7700,0
7701,0
7702,0
7703,0
7704,0
7705,0
7706,0
7707,0
7708,0
7709,0
7710,0
7711,0
7712,0
7713,0
7714,0
7715,0
7716,0
7717,0
7718,0
7719,0
7720,0
7721,0
7722,0
7723,0
7724,0
7725,0
7726,0
7727,0
7728,0
7729,0
7730,0
7731,0
7732,0
7733,0
7734,0
7735,0
7736,0
7737,0
7738,0
7739,0
7740,0
7741,0
7742,0
7743,0
7744,0
7745,0
7746,0
7747,0
7748,0
7749,0
7750,0
7751,0
7752,0
7753,0
7754,0
7755,0
7756,0
7757,0
7758,0
7759,0
7760,0
7761,0
7762,0
7763,0
7764,0
7765,0
7766,0
7767,0
7768,0
7769,0
7770,0
7771,0
7772,0
7773,0
7774,0
7775,0
7776,0
7777,0
7778,0
7779,0
7780,0
7781,0
7782,0
7783,0
7784,0
7785,0
7786,0
7787,0
7788,0
7789,0
7790,0
7791,0
7792,0
7793,0
7794,0
7795,0
7796,0
7797,0
7798,0
7799,0
7800,0
7801,0
7802,0
7803,0
7804,0
7805,0
7806,0
7807,0
7808,0
7809,0
7810,0
7811,0
7812,0
7813,0
7814,0
7815,0
7816,0
7817,0
7818,0
7819,0
7820,0
7821,0
7822,0
7823,0
7824,0
7825,0
7826,0
7827,0
7828,0
7829,0
7830,0
7831,0
7832,0
7833,0
7834,0
7835,0
7836,0
7837,0
7838,0
7839,0
7840,0
7841,0
7842,0
7843,0
7844,0
7845,0
7846,0
7847,0
7848,0
7849,0
7850,0
7851,0
7852,0
7853,0
7854,0
7855,0
7856,0
7857,0
7858,0
7859,0
7860,0
7861,0
7862,0
7863,0
7864,0
7865,0
7866,0
7867,0
7868,0
7869,0
7870,0
7871,0
7872,0
7873,0
7874,0
7875,0
7876,0
7877,0
7878,0
7879,0
7880,0
7881,0
7882,0
7883,0
7884,0
7885,0
7886,0
7887,0
7888,0
7889,0
7890,0
7891,0
7892,0
7893,0
7894,0
7895,0
7896,0
7897,0
7898,0
7899,0
7900,0
7901,0
7902,0
7903,0
7904,0
7905,0
7906,0
7907,0
7908,0
7909,0
7910,0
7911,0
7912,0
7913,0
7914,0
7915,0
7916,0
7917,0
7918,0
7919,0
7920,0
7921,0
7922,0
7923,0
7924,0
7925,0
7926,0
7927,0
7928,0
7929,0
7930,0
7931,0
7932,0
7933,0
7934,0
7935,0
7936,0
7937,0
7938,0
7939,0
7940,0
7941,0
7942,0
7943,0
7944,0
7945,0
7946,0
7947,0
7948,0
7949,0
7950,0
7951,0
7952,0
7953,0
7954,0
7955,0
7956,0
7957,0
7958,0
7959,0
7960,0
7961,0
7962,0
7963,0
7964,0
7965,0
7966,0
7967,0
7968,0
7969,0
7970,0
7971,0
7972,0
7973,0
7974,0
7975,0
7976,0
7977,0
7978,0
7979,0
7980,0
7981,0
7982,0
7983,0
7984,0
7985,0
7986,0
7987,0
7988,0
7989,0
7990,0
7991,0
7992,0
7993,0
7994,0
7995,0
7996,0
7997,0
7998,0
7999,0
8000,0
8001,0
8002,0
8003,0
8004,0
8005,0
8006,0
8007,0
8008,0
8009,0
8010,0
8011,0
8012,0
8013,0
8014,0
8015,0
8016,0
8017,0
8018,0
8019,0
8020,0
8021,0
8022,0
8023,0
8024,0
8025,0
8026,0
8027,0
8028,0
8029,0
8030,0
8031,0
8032,0
8033,0
8034,0
8035,0
8036,0
8037,0
8038,0
8039,0
8040,0
8041,0
8042,0
8043,0
8044,0
8045,0
8046,0
8047,0
8048,0
8049,0
8050,0
8051,0
8052,0
8053,0
8054,0
8055,0
8056,0
8057,0
8058,0
8059,0
8060,0
8061,0
8062,0
8063,0
8064,0
8065,0
8066,0
8067,0
8068,0
8069,0
8070,0
8071,0
8072,0
8073,0
8074,0
8075,0
8076,0
8077,0
8078,0
8079,0
8080,0
8081,0
8082,0
8083,0
8084,0
8085,0
8086,0
8087,0
8088,0
8089,0
8090,0
8091,0
8092,0
8093,0
8094,0
8095,0
8096,0
8097,0
8098,0
8099,0
8100,0
8101,0
8102,0
8103,0
8104,0
8105,0
8106,0
8107,0
8108,0
8109,0
8110,0
8111,0
8112,0
8113,0
8114,0
8115,0
8116,0
8117,0
8118,0
8119,0
8120,0
8121,0
8122,0
8123,0
8124,0
8125,0
8126,0
8127,0
8128,0
8129,0
8130,0
8131,0
8132,0
8133,0
8134,0
8135,0
8136,0
8137,0
8138,0
8139,0
8140,0
8141,0
8142,0
8143,0
8144,0
8145,0
8146,0
8147,0
8148,0
8149,0
8150,0
8151,0
8152,0
8153,0
8154,0
8155,0
8156,0
8157,0
8158,0
8159,0
8160,0
8161,0
8162,0
8163,0
8164,0
8165,0
8166,0
8167,0
8168,0
8169,0
8170,0
8171,0
8172,0
8173,0
8174,0
8175,0
8176,0
8177,0
8178,0
8179,0
8180,0
8181,0
8182,0
8183,0
8184,0
8185,0
8186,0
8187,0
8188,0
8189,0
8190,0
8191,0
8192,0
8193,0
8194,0
8195,0
8196,0
8197,0
8198,0
8199,0
8200,0
8201,0
8202,0
8203,0
8204,0
8205,0
8206,0
8207,0
8208,0
8209,0
8210,0
8211,0
8212,0
8213,0
8214,0
8215,0
8216,0
8217,0
8218,0
8219,0
8220,0
8221,0
8222,0
8223,0
8224,0
8225,0
8226,0
8227,0
8228,0
8229,0
8230,0
8231,0
8232,0
8233,0
8234,0
8235,0
8236,0
8237,0
8238,0
8239,0
8240,0
8241,0
8242,0
8243,0
8244,0
8245,0
8246,0
8247,0
8248,0
8249,0
8250,0
8251,0
8252,0
8253,0
8254,0
8255,0
8256,0
8257,0
8258,0
8259,0
8260,0
8261,0
8262,0
8263,0
8264,0
8265,0
8266,0
8267,0
8268,0
8269,0
8270,0
8271,0
8272,0
8273,0
8274,0
8275,0
8276,0
8277,0
8278,0
8279,0
8280,0
8281,0
8282,0
8283,0
8284,0
8285,0
8286,0
8287,0
8288,0
8289,0
8290,0
8291,0
8292,0
8293,0
8294,0
8295,0
8296,0
8297,0
8298,0
8299,0
8300,0
8301,0
8302,0
8303,0
8304,0
8305,0
8306,0
8307,0
8308,0
8309,0
8310,0
8311,0
8312,0
8313,0
8314,0
8315,0
8316,0
8317,0
8318,0
8319,0
8320,0
8321,0
8322,0
8323,0
8324,0
8325,0
8326,0
8327,0
8328,0
8329,0
8330,0
8331,0
8332,0
8333,0
8334,0
8335,0
8336,0
8337,0
8338,0
8339,0
8340,0
8341,0
8342,0
8343,0
8344,0
8345,0
8346,0
8347,0
8348,0
8349,0
8350,0
8351,0
8352,0
8353,0
8354,0
8355,0
8356,0
8357,0
8358,0
8359,0
8360,0
8361,0
8362,0
8363,0
8364,0
8365,0
8366,0
8367,0
8368,0
8369,0
8370,0
8371,0
8372,0
8373,0
8374,0
8375,0
8376,0
8377,0
8378,0
8379,0
8380,0
8381,0
8382,0
8383,0
8384,0
8385,0
8386,0
8387,0
8388,0
8389,0
8390,0
8391,0
8392,0
8393,0
8394,0
8395,0
8396,0
8397,0
8398,0
8399,0
8400,0
8401,0
8402,0
8403,0
8404,0
8405,0
8406,0
8407,0
8408,0
8409,0
8410,0
8411,0
8412,0
8413,0
8414,0
8415,0
8416,0
8417,0
8418,0
8419,0
8420,0
8421,0
8422,0
8423,0
8424,0
8425,0
8426,0
8427,0
8428,0
8429,0
8430,0
8431,0
8432,0
8433,0
8434,0
8435,0
8436,0
8437,0
8438,0
8439,0
8440,0
8441,0
8442,0
8443,0
8444,0
8445,0
8446,0
8447,0
8448,0
8449,0
8450,0
8451,0
8452,0
8453,0
8454,0
8455,0
8456,0
8457,0
8458,0
8459,0
8460,0
8461,0
8462,0
8463,0
8464,0
8465,0
8466,0
8467,0
8468,0
8469,0
8470,0
8471,0
8472,0
8473,0
8474,0
8475,0
8476,0
8477,0
8478,0
8479,0
8480,0
8481,0
8482,0
8483,0
8484,0
8485,0
8486,0
8487,0
8488,0
8489,0
8490,0
8491,0
8492,0
8493,0
8494,0
8495,0
8496,0
8497,0
8498,0
8499,0
8500,0
8501,0
8502,0
8503,0
8504,0
8505,0
8506,0
8507,0
8508,0
8509,0
8510,0
8511,0
8512,0
8513,0
8514,0
8515,0
8516,0
8517,0
8518,0
8519,0
8520,0
8521,0
8522,0
8523,0
8524,0
8525,0
8526,0
8527,0
8528,0
8529,0
8530,0
8531,0
8532,0
8533,0
8534,0
8535,0
8536,0
8537,0
8538,0
8539,0
8540,0
8541,0
8542,0
8543,0
8544,0
8545,0
8546,0
8547,0
8548,0
8549,0
8550,0
8551,0
8552,0
8553,0
8554,0
8555,0
8556,0
8557,0
8558,0
8559,0
8560,0
8561,0
8562,0
8563,0
8564,0
8565,0
8566,0
8567,0
8568,0
8569,0
8570,0
8571,0
8572,0
8573,0
8574,0
8575,0
8576,0
8577,0
8578,0
8579,0
8580,0
8581,0
8582,0
8583,0
8584,0
8585,0
8586,0
8587,0
8588,0
8589,0
8590,0
8591,0
8592,0
8593,0
8594,0
8595,0
8596,0
8597,0
8598,0
8599,0
8600,0
8601,0
8602,0
8603,0
8604,0
8605,0
8606,0
8607,0
8608,0
8609,0
8610,0
8611,0
8612,0
8613,0
8614,0
8615,0
8616,0
8617,0
8618,0
8619,0
8620,0
8621,0
8622,0
8623,0
8624,0
8625,0
8626,0
8627,0
8628,0
8629,0
8630,0
8631,0
8632,0
8633,0
8634,0
8635,0
8636,0
8637,0
8638,0
8639,0
8640,0
8641,0
8642,0
8643,0
8644,0
8645,0
8646,0
8647,0
8648,0
8649,0
8650,0
8651,0
8652,0
8653,0
8654,0
8655,0
8656,0
8657,0
8658,0
8659,0
8660,0
8661,0
8662,0
8663,0
8664,0
8665,0
8666,0
8667,0
8668,0
8669,0
8670,0
8671,0
8672,0
8673,0
8674,0
8675,0
8676,0
8677,0
8678,0
8679,0
8680,0
8681,0
8682,0
8683,0
8684,0
8685,0
8686,0
8687,0
8688,0
8689,0
8690,0
8691,0
8692,0
8693,0
8694,0
8695,0
8696,0
8697,0
8698,0
8699,0
8700,0
8701,0
8702,0
8703,0
8704,0
8705,0
8706,0
8707,0
8708,0
8709,0
8710,0
8711,0
8712,0
8713,0
8714,0
8715,0
8716,0
8717,0
8718,0
8719,0
8720,0
8721,0
8722,0
8723,0
8724,0
8725,0
8726,0
8727,0
8728,0
8729,0
8730,0
8731,0
8732,0
8733,0
8734,0
8735,0
8736,0
8737,0
8738,0
8739,0
8740,0
8741,0
8742,0
8743,0
8744,0
8745,0
8746,0
8747,0
8748,0
8749,0
8750,0
8751,0
8752,0
8753,0
8754,0
8755,0
8756,0
8757,0
8758,0
8759,0
8760,0
8761,0
8762,0
8763,0
8764,0
8765,0
8766,0
8767,0
8768,0
8769,0
8770,0
8771,0
8772,0
8773,0
8774,0
8775,0
8776,0
8777,0
8778,0
8779,0
8780,0
8781,0
8782,0
8783,0
8784,0
8785,0
8786,0
8787,0
8788,0
8789,0
8790,0
8791,0
8792,0
8793,0
8794,0
8795,0
8796,0
8797,0
8798,0
8799,0
8800,0
8801,0
8802,0
8803,0
8804,0
8805,0
8806,0
8807,0
8808,0
8809,0
8810,0
8811,0
8812,0
8813,0
8814,0
8815,0
8816,0
8817,0
8818,0
8819,0
8820,0
8821,0
8822,0
8823,0
8824,0
8825,0
8826,0
8827,0
8828,0
8829,0
8830,0
8831,0
8832,0
8833,0
8834,0
8835,0
8836,0
8837,0
8838,0
8839,0
8840,0
8841,0
8842,0
8843,0
8844,0
8845,0
8846,0
8847,0
8848,0
8849,0
8850,0
8851,0
8852,0
8853,0
8854,0
8855,0
8856,0
8857,0
8858,0
8859,0
8860,0
8861,0
8862,0
8863,0
8864,0
8865,0
8866,0
8867,0
8868,0
8869,0
8870,0
8871,0
8872,0
8873,0
8874,0
8875,0
8876,0
8877,0
8878,0
8879,0
8880,0
8881,0
8882,0
8883,0
8884,0
8885,0
8886,0
8887,0
8888,0
8889,0
8890,0
8891,0
8892,0
8893,0
8894,0
8895,0
8896,0
8897,0
8898,0
8899,0
8900,0
8901,0
8902,0
8903,0
8904,0
8905,0
8906,0
8907,0
8908,0
8909,0
8910,0
8911,0
8912,0
8913,0
8914,0
8915,0
8916,0
8917,0
8918,0
8919,0
8920,0
8921,0
8922,0
8923,0
8924,0
8925,0
8926,0
8927,0
8928,0
8929,0
8930,0
8931,0
8932,0
8933,0
8934,0
8935,0
8936,0
8937,0
8938,0
8939,0
8940,0
8941,0
8942,0
8943,0
8944,0
8945,0
8946,0
8947,0
8948,0
8949,0
8950,0
8951,0
8952,0
8953,0
8954,0
8955,0
8956,0
8957,0
8958,0
8959,0
8960,0
8961,0
8962,0
8963,0
8964,0
8965,0
8966,0
8967,0
8968,0
8969,0
8970,0
8971,0
8972,0
8973,0
8974,0
8975,0
8976,0
8977,0
8978,0
8979,0
8980,0
8981,0
8982,0
8983,0
8984,0
8985,0
8986,0
8987,0
8988,0
8989,0
8990,0
8991,0
8992,0
8993,0
8994,0
8995,0
8996,0
8997,0
8998,0
8999,0
9000,0
9001,0
9002,0
9003,0
9004,0
9005,0
9006,0
9007,0
9008,0
9009,0
9010,0
9011,0
9012,0
9013,0
9014,0
9015,0
9016,0
9017,0
9018,0
9019,0
9020,0
9021,0
9022,0
9023,0
9024,0
9025,0
9026,0
9027,0
9028,0
9029,0
9030,0
9031,0
9032,0
9033,0
9034,0
9035,0
9036,0
9037,0
9038,0
9039,0
9040,0
9041,0
9042,0
9043,0
9044,0
9045,0
9046,0
9047,0
9048,0
9049,0
9050,0
9051,0
9052,0
9053,0
9054,0
9055,0
9056,0
9057,0
9058,0
9059,0
9060,0
9061,0
9062,0
9063,0
9064,0
9065,0
9066,0
9067,0
9068,0
9069,0
9070,0
9071,0
9072,0
9073,0
9074,0
9075,0
9076,0
9077,0
9078,0
9079,0
9080,0
9081,0
9082,0
9083,0
9084,0
9085,0
9086,0
9087,0
9088,0
9089,0
9090,0
9091,0
9092,0
9093,0
9094,0
9095,0
9096,0
9097,0
9098,0
9099,0
9100,0
9101,0
9102,0
9103,0
9104,0
9105,0
9106,0
9107,0
9108,0
9109,0
9110,0
9111,0
9112,0
9113,0
9114,0
9115,0
9116,0
9117,0
9118,0
9119,0
9120,0
9121,0
9122,0
9123,0
9124,0
9125,0
9126,0
9127,0
9128,0
9129,0
9130,0
9131,0
9132,0
9133,0
9134,0
9135,0
9136,0
9137,0
9138,0
9139,0
9140,0
9141,0
9142,0
9143,0
9144,0
9145,0
9146,0
9147,0
9148,0
9149,0
9150,0
9151,0
9152,0
9153,0
9154,0
9155,0
9156,0
9157,0
9158,0
9159,0
9160,0
9161,0
9162,0
9163,0
9164,0
9165,0
9166,0
9167,0
9168,0
9169,0
9170,0
9171,0
9172,0
9173,0
9174,0
9175,0
9176,0
9177,0
9178,0
9179,0
9180,0
9181,0
9182,0
9183,0
9184,0
9185,0
9186,0
9187,0
9188,0
9189,0
9190,0
9191,0
9192,0
9193,0
9194,0
9195,0
9196,0
9197,0
9198,0
9199,0
9200,0
9201,0
9202,0
9203,0
9204,0
9205,0
9206,0
9207,0
9208,0
9209,0
9210,0
9211,0
9212,0
9213,0
9214,0
9215,0
9216,0
9217,0
9218,0
9219,0
9220,0
9221,0
9222,0
9223,0
9224,0
9225,0
9226,0
9227,0
9228,0
9229,0
9230,0
9231,0
9232,0
9233,0
9234,0
9235,0
9236,0
9237,0
9238,0
9239,0
9240,0
9241,0
9242,0
9243,0
9244,0
9245,0
9246,0
9247,0
9248,0
9249,0
9250,0
9251,0
9252,0
9253,0
9254,0
9255,0
9256,0
9257,0
9258,0
9259,0
9260,0
9261,0
9262,0
9263,0
9264,0
9265,0
9266,0
9267,0
9268,0
9269,0
9270,0
9271,0
9272,0
9273,0
9274,0
9275,0
9276,0
9277,0
9278,0
9279,0
9280,0
9281,0
9282,0
9283,0
9284,0
9285,0
9286,0
9287,0
9288,0
9289,0
9290,0
9291,0
9292,0
9293,0
9294,0
9295,0
9296,0
9297,0
9298,0
9299,0
9300,0
9301,0
9302,0
9303,0
9304,0
9305,0
9306,0
9307,0
9308,0
9309,0
9310,0
9311,0
9312,0
9313,0
9314,0
9315,0
9316,0
9317,0
9318,0
9319,0
9320,0
9321,0
9322,0
9323,0
9324,0
9325,0
9326,0
9327,0
9328,0
9329,0
9330,0
9331,0
9332,0
9333,0
9334,0
9335,0
9336,0
9337,0
9338,0
9339,0
9340,0
9341,0
9342,0
9343,0
9344,0
9345,0
9346,0
9347,0
9348,0
9349,0
9350,0
9351,0
9352,0
9353,0
9354,0
9355,0
9356,0
9357,0
9358,0
9359,0
9360,0
9361,0
9362,0
9363,0
9364,0
9365,0
9366,0
9367,0
9368,0
9369,0
9370,0
9371,0
9372,0
9373,0
9374,0
9375,0
9376,0
9377,0
9378,0
9379,0
9380,0
9381,0
9382,0
9383,0
9384,0
9385,0
9386,0
9387,0
9388,0
9389,0
9390,0
9391,0
9392,0
9393,0
9394,0
9395,0
9396,0
9397,0
9398,0
9399,0
9400,0
9401,0
9402,0
9403,0
9404,0
9405,0
9406,0
9407,0
9408,0
9409,0
9410,0
9411,0
9412,0
9413,0
9414,0
9415,0
9416,0
9417,0
9418,0
9419,0
9420,0
9421,0
9422,0
9423,0
9424,0
9425,0
9426,0
9427,0
9428,0
9429,0
9430,0
9431,0
9432,0
9433,0
9434,0
9435,0
9436,0
9437,0
9438,0
9439,0
9440,0
9441,0
9442,0
9443,0
9444,0
9445,0
9446,0
9447,0
9448,0
9449,0
9450,0
9451,0
9452,0
9453,0
9454,0
9455,0
9456,0
9457,0
9458,0
9459,0
9460,0
9461,0
9462,0
9463,0
9464,0
9465,0
9466,0
9467,0
9468,0
9469,0
9470,0
9471,0
9472,0
9473,0
9474,0
9475,0
9476,0
9477,0
9478,0
9479,0
9480,0
9481,0
9482,0
9483,0
9484,0
9485,0
9486,0
9487,0
9488,0
9489,0
9490,0
9491,0
9492,0
9493,0
9494,0
9495,0
9496,0
9497,0
9498,0
9499,0
9500,0
9501,0
9502,0
9503,0
9504,0
9505,0
9506,0
9507,0
9508,0
9509,0
9510,0
9511,0
9512,0
9513,0
9514,0
9515,0
9516,0
9517,0
9518,0
9519,0
9520,0
9521,0
9522,0
9523,0
9524,0
9525,0
9526,0
9527,0
9528,0
9529,0
9530,0
9531,0
9532,0
9533,0
9534,0
9535,0
9536,0
9537,0
9538,0
9539,0
9540,0
9541,0
9542,0
9543,0
9544,0
9545,0
9546,0
9547,0
9548,0
9549,0
9550,0
9551,0
9552,0
9553,0
9554,0
9555,0
9556,0
9557,0
9558,0
9559,0
9560,0
9561,0
9562,0
9563,0
9564,0
9565,0
9566,0
9567,0
9568,0
9569,0
9570,0
9571,0
9572,0
9573,0
9574,0
9575,0
9576,0
9577,0
9578,0
9579,0
9580,0
9581,0
9582,0
9583,0
9584,0
9585,0
9586,0
9587,0
9588,0
9589,0
9590,0
9591,0
9592,0
9593,0
9594,0
9595,0
9596,0
9597,0
9598,0
9599,0
9600,0
9601,0
9602,0
9603,0
9604,0
9605,0
9606,0
9607,0
9608,0
9609,0
9610,0
9611,0
9612,0
9613,0
9614,0
9615,0
9616,0
9617,0
9618,0
9619,0
9620,0
9621,0
9622,0
9623,0
9624,0
9625,0
9626,0
9627,0
9628,0
9629,0
9630,0
9631,0
9632,0
9633,0
9634,0
9635,0
9636,0
9637,0
9638,0
9639,0
9640,0
9641,0
9642,0
9643,0
9644,0
9645,0
9646,0
9647,0
9648,0
9649,0
9650,0
9651,0
9652,0
9653,0
9654,0
9655,0
9656,0
9657,0
9658,0
9659,0
9660,0
9661,0
9662,0
9663,0
9664,0
9665,0
9666,0
9667,0
9668,0
9669,0
9670,0
9671,0
9672,0
9673,0
9674,0
9675,0
9676,0
9677,0
9678,0
9679,0
9680,0
9681,0
9682,0
9683,0
9684,0
9685,0
9686,0
9687,0
9688,0
9689,0
9690,0
9691,0
9692,0
9693,0
9694,0
9695,0
9696,0
9697,0
9698,0
9699,0
9700,0
9701,0
9702,0
9703,0
9704,0
9705,0
9706,0
9707,0
9708,0
9709,0
9710,0
9711,0
9712,0
9713,0
9714,0
9715,0
9716,0
9717,0
9718,0
9719,0
9720,0
9721,0
9722,0
9723,0
9724,0
9725,0
9726,0
9727,0
9728,0
9729,0
9730,0
9731,0
9732,0
9733,0
9734,0
9735,0
9736,0
9737,0
9738,0
9739,0
9740,0
9741,0
9742,0
9743,0
9744,0
9745,0
9746,0
9747,0
9748,0
9749,0
9750,0
9751,0
9752,0
9753,0
9754,0
9755,0
9756,0
9757,0
9758,0
9759,0
9760,0
9761,0
9762,0
9763,0
9764,0
9765,0
9766,0
9767,0
9768,0
9769,0
9770,0
9771,0
9772,0
9773,0
9774,0
9775,0
9776,0
9777,0
9778,0
9779,0
9780,0
9781,0
9782,0
9783,0
9784,0
9785,0
9786,0
9787,0
9788,0
9789,0
9790,0
9791,0
9792,0
9793,0
9794,0
9795,0
9796,0
9797,0
9798,0
9799,0
9800,0
9801,0
9802,0
9803,0
9804,0
9805,0
9806,0
9807,0
9808,0
9809,0
9810,0
9811,0
9812,0
9813,0
9814,0
9815,0
9816,0
9817,0
9818,0
9819,0
9820,0
9821,0
9822,0
9823,0
9824,0
9825,0
9826,0
9827,0
9828,0
9829,0
9830,0
9831,0
9832,0
9833,0
9834,0
9835,0
9836,0
9837,0
9838,0
9839,0
9840,0
9841,0
9842,0
9843,0
9844,0
9845,0
9846,0
9847,0
9848,0
9849,0
9850,0
9851,0
9852,0
9853,0
9854,0
9855,0
9856,0
9857,0
9858,0
9859,0
9860,0
9861,0
9862,0
9863,0
9864,0
9865,0
9866,0
9867,0
9868,0
9869,0
9870,0
9871,0
9872,0
9873,0
9874,0
9875,0
9876,0
9877,0
9878,0
9879,0
9880,0
9881,0
9882,0
9883,0
9884,0
9885,0
9886,0
9887,0
9888,0
9889,0
9890,0
9891,0
9892,0
9893,0
9894,0
9895,0
9896,0
9897,0
9898,0
9899,0
9900,0
9901,0
9902,0
9903,0
9904,0
9905,0
9906,0
9907,0
9908,0
9909,0
9910,0
9911,0
9912,0
9913,0
9914,0
9915,0
9916,0
9917,0
9918,0
9919,0
9920,0
9921,0
9922,0
9923,0
9924,0
9925,0
9926,0
9927,0
9928,0
9929,0
9930,0
9931,0
9932,0
9933,0
9934,0
9935,0
9936,0
9937,0
9938,0
9939,0
9940,0
9941,0
9942,0
9943,0
9944,0
9945,0
9946,0
9947,0
9948,0
9949,0
9950,0
9951,0
9952,0
9953,0
9954,0
9955,0
9956,0
9957,0
9958,0
9959,0
9960,0
9961,0
9962,0
9963,0
9964,0
9965,0
9966,0
9967,0
9968,0
9969,0
9970,0
9971,0
9972,0
9973,0
9974,0
9975,0
9976,0
9977,0
9978,0
9979,0
9980,0
9981,0
9982,0
9983,0
9984,0
9985,0
9986,0
9987,0
9988,0
9989,0
9990,0
9991,0
9992,0
9993,0
9994,0
9995,0
9996,0
9997,0
9998,0
9999,0
10000,0
10001,0
10002,0
10003,0
10004,0
10005,0
10006,0
10007,0
10008,0
10009,0
10010,0
10011,0
10012,0
10013,0
10014,0
10015,0
10016,0
10017,0
10018,0
10019,0
10020,0
10021,0
10022,0
10023,0
10024,0
10025,0
10026,0
10027,0
10028,0
10029,0
10030,0
10031,0
10032,0
10033,0
10034,0
10035,0
10036,0
10037,0
10038,0
10039,0
10040,0
10041,0
10042,0
10043,0
10044,0
10045,0
10046,0
10047,0
10048,0
10049,0
10050,0
10051,0
10052,0
10053,0
10054,0
10055,0
10056,0
10057,0
10058,0
10059,0
10060,0
10061,0
10062,0
10063,0
10064,0
10065,0
10066,0
10067,0
10068,0
10069,0
10070,0
10071,0
10072,0
10073,0
10074,0
10075,0
10076,0
10077,0
10078,0
10079,0
10080,0
10081,0
10082,0
10083,0
10084,0
10085,0
10086,0
10087,0
10088,0
10089,0
10090,0
10091,0
10092,0
10093,0
10094,0
10095,0
10096,0
10097,0
10098,0
10099,0
10100,0
10101,0
10102,0
10103,0
10104,0
10105,0
10106,0
10107,0
10108,0
10109,0
10110,0
10111,0
10112,0
10113,0
10114,0
10115,0
10116,0
10117,0
10118,0
10119,0
10120,0
10121,0
10122,0
10123,0
10124,0
10125,0
10126,0
10127,0
10128,0
10129,0
10130,0
10131,0
10132,0
10133,0
10134,0
10135,0
10136,0
10137,0
10138,0
10139,0
10140,0
10141,0
10142,0
10143,0
10144,0
10145,0
10146,0
10147,0
10148,0
10149,0
10150,0
10151,0
10152,0
10153,0
10154,0
10155,0
10156,0
10157,0
10158,0
10159,0
10160,0
10161,0
10162,0
10163,0
10164,0
10165,0
10166,0
10167,0
10168,0
10169,0
10170,0
10171,0
10172,0
10173,0
10174,0
10175,0
10176,0
10177,0
10178,0
10179,0
10180,0
10181,0
10182,0
10183,0
10184,0
10185,0
10186,0
10187,0
10188,0
10189,0
10190,0
10191,0
10192,0
10193,0
10194,0
10195,0
10196,0
10197,0
10198,0
10199,0
10200,0
10201,0
10202,0
10203,0
10204,0
10205,0
10206,0
10207,0
10208,0
10209,0
10210,0
10211,0
10212,0
10213,0
10214,0
10215,0
10216,0
10217,0
10218,0
10219,0
10220,0
10221,0
10222,0
10223,0
10224,0
10225,0
10226,0
10227,0
10228,0
10229,0
10230,0
10231,0
10232,0
10233,0
10234,0
10235,0
10236,0
10237,0
10238,0
10239,0
10240,0
10241,0
10242,0
10243,0
10244,0
10245,0
10246,0
10247,0
10248,0
10249,0
10250,0
10251,0
10252,0
10253,0
10254,0
10255,0
10256,0
10257,0
10258,0
10259,0
10260,0
10261,0
10262,0
10263,0
10264,0
10265,0
10266,0
10267,0
10268,0
10269,0
10270,0
10271,0
10272,0
10273,0
10274,0
10275,0
10276,0
10277,0
10278,0
10279,0
10280,0
10281,0
10282,0
10283,0
10284,0
10285,0
10286,0
10287,0
10288,0
10289,0
10290,0
10291,0
10292,0
10293,0
10294,0
10295,0
10296,0
10297,0
10298,0
10299,0
10300,0
10301,0
10302,0
10303,0
10304,0
10305,0
10306,0
10307,0
10308,0
10309,0
10310,0
10311,0
10312,0
10313,0
10314,0
10315,0
10316,0
10317,0
10318,0
10319,0
10320,0
10321,0
10322,0
10323,0
10324,0
10325,0
10326,0
10327,0
10328,0
10329,0
10330,0
10331,0
10332,0
10333,0
10334,0
10335,0
10336,0
10337,0
10338,0
10339,0
10340,0
10341,0
10342,0
10343,0
10344,0
10345,0
10346,0
10347,0
10348,0
10349,0
10350,0
10351,0
10352,0
10353,0
10354,0
10355,0
10356,0
10357,0
10358,0
10359,0
10360,0
10361,0
10362,0
10363,0
10364,0
10365,0
10366,0
10367,0
10368,0
10369,0
10370,0
10371,0
10372,0
10373,0
10374,0
10375,0
10376,0
10377,0
10378,0
10379,0
10380,0
10381,0
10382,0
10383,0
10384,0
10385,0
10386,0
10387,0
10388,0
10389,0
10390,0
10391,0
10392,0
10393,0
10394,0
10395,0
10396,0
10397,0
10398,0
10399,0
10400,0
10401,0
10402,0
10403,0
10404,0
10405,0
10406,0
10407,0
10408,0
10409,0
10410,0
10411,0
10412,0
10413,0
10414,0
10415,0
10416,0
10417,0
10418,0
10419,0
10420,0
10421,0
10422,0
10423,0
10424,0
10425,0
10426,0
10427,0
10428,0
10429,0
10430,0
10431,0
10432,0
10433,0
10434,0
10435,0
10436,0
10437,0
10438,0
10439,0
10440,0
10441,0
10442,0
10443,0
10444,0
10445,0
10446,0
10447,0
10448,0
10449,0
10450,0
10451,0
10452,0
10453,0
10454,0
10455,0
10456,0
10457,0
10458,0
10459,0
10460,0
10461,0
10462,0
10463,0
10464,0
10465,0
10466,0
10467,0
10468,0
10469,0
10470,0
10471,0
10472,0
10473,0
10474,0
10475,0
10476,0
10477,0
10478,0
10479,0
10480,0
10481,0
10482,0
10483,0
10484,0
10485,0
10486,0
10487,0
10488,0
10489,0
10490,0
10491,0
10492,0
10493,0
10494,0
10495,0
10496,0
10497,0
10498,0
10499,0
10500,0
10501,0
10502,0
10503,0
10504,0
10505,0
10506,0
10507,0
10508,0
10509,0
10510,0
10511,0
10512,0
10513,0
10514,0
10515,0
10516,0
10517,0
10518,0
10519,0
10520,0
10521,0
10522,0
10523,0
10524,0
10525,0
10526,0
10527,0
10528,0
10529,0
10530,0
10531,0
10532,0
10533,0
10534,0
10535,0
10536,0
10537,0
10538,0
10539,0
10540,0
10541,0
10542,0
10543,0
10544,0
10545,0
10546,0
10547,0
10548,0
10549,0
10550,0
10551,0
10552,0
10553,0
10554,0
10555,0
10556,0
10557,0
10558,0
10559,0
10560,0
10561,0
10562,0
10563,0
10564,0
10565,0
10566,0
10567,0
10568,0
10569,0
10570,0
10571,0
10572,0
10573,0
10574,0
10575,0
10576,0
10577,0
10578,0
10579,0
10580,0
10581,0
10582,0
10583,0
10584,0
10585,0
10586,0
10587,0
10588,0
10589,0
10590,0
10591,0
10592,0
10593,0
10594,0
10595,0
10596,0
10597,0
10598,0
10599,0
10600,0
10601,0
10602,0
10603,0
10604,0
10605,0
10606,0
10607,0
10608,0
10609,0
10610,0
10611,0
10612,0
10613,0
10614,0
10615,0
10616,0
10617,0
10618,0
10619,0
10620,0
10621,0
10622,0
10623,0
10624,0
10625,0
10626,0
10627,0
10628,0
10629,0
10630,0
10631,0
10632,0
10633,0
10634,0
10635,0
10636,0
10637,0
10638,0
10639,0
10640,0
10641,0
10642,0
10643,0
10644,0
10645,0
10646,0
10647,0
10648,0
10649,0
10650,0
10651,0
10652,0
10653,0
10654,0
10655,0
10656,0
10657,0
10658,0
10659,0
10660,0
10661,0
10662,0
10663,0
10664,0
10665,0
10666,0
10667,0
10668,0
10669,0
10670,0
10671,0
10672,0
10673,0
10674,0
10675,0
10676,0
10677,0
10678,0
10679,0
10680,0
10681,0
10682,0
10683,0
10684,0
10685,0
10686,0
10687,0
10688,0
10689,0
10690,0
10691,0
10692,0
10693,0
10694,0
10695,0
10696,0
10697,0
10698,0
10699,0
10700,0
10701,0
10702,0
10703,0
10704,0
10705,0
10706,0
10707,0
10708,0
10709,0
10710,0
10711,0
10712,0
10713,0
10714,0
10715,0
10716,0
10717,0
10718,0
10719,0
10720,0
10721,0
10722,0
10723,0
10724,0
10725,0
10726,0
10727,0
10728,0
10729,0
10730,0
10731,0
10732,0
10733,0
10734,0
10735,0
10736,0
10737,0
10738,0
10739,0
10740,0
10741,0
10742,0
10743,0
10744,0
10745,0
10746,0
10747,0
10748,0
10749,0
10750,0
10751,0
10752,0
10753,0
10754,0
10755,0
10756,0
10757,0
10758,0
10759,0
10760,0
10761,0
10762,0
10763,0
10764,0
10765,0
10766,0
10767,0
10768,0
10769,0
10770,0
10771,0
10772,0
10773,1
10774,1
10775,1
10776,1
10777,1
10778,1
10779,1
10780,1
10781,1
10782,1
10783,1
10784,1
10785,1
10786,1
10787,1
10788,1
10789,1
10790,1
10791,1
10792,1
10793,1
10794,1
10795,1
10796,1
10797,1
10798,1
10799,1
10800,1
10801,1
10802,1
10803,1
10804,1
10805,1
10806,1
10807,1
10808,1
10809,1
10810,1
10811,1
10812,1
10813,1
10814,1
10815,1
10816,1
10817,1
10818,1
10819,1
10820,1
10821,1
10822,1
10823,1
10824,1
10825,1
10826,1
10827,1
10828,1
10829,1
10830,1
10831,1
10832,1
10833,1
10834,1
10835,1
10836,1
10837,1
10838,1
10839,1
10840,1
10841,1
10842,1
10843,1
10844,1
10845,1
10846,1
10847,1
10848,1
10849,1
10850,1
10851,1
10852,1
10853,1
10854,1
10855,1
10856,1
10857,1
10858,1
10859,1
10860,1
10861,1
10862,1
10863,1
10864,1
10865,1
10866,1
10867,1
10868,1
10869,1
10870,1
10871,1
10872,1
10873,1
10874,1
10875,1
10876,1
10877,1
10878,1
10879,1
10880,1
10881,1
10882,1
10883,1
10884,1
10885,1
10886,1
10887,1
10888,1
10889,1
10890,1
10891,1
10892,1
10893,1
10894,1
10895,1
10896,1
10897,1
10898,1
10899,1
10900,1
10901,1
10902,1
10903,1
10904,1
10905,1
10906,1
10907,1
10908,1
10909,1
10910,1
10911,1
10912,1
10913,1
10914,1
10915,1
10916,1
10917,1
10918,1
10919,1
10920,1
10921,1
10922,1
10923,1
10924,1
10925,1
10926,1
10927,1
10928,1
10929,1
10930,1
10931,1
10932,1
10933,1
10934,1
10935,1
10936,1
10937,1
10938,1
10939,1
10940,1
10941,1
10942,1
10943,1
10944,1
10945,1
10946,1
10947,1
10948,1
10949,1
10950,1
10951,1
10952,1
10953,1
10954,1
10955,1
10956,1
10957,1
10958,1
10959,1
10960,1
10961,1
10962,1
10963,1
10964,1
10965,1
10966,1
10967,1
10968,1
10969,1
10970,1
10971,1
10972,1
10973,1
10974,1
10975,1
10976,1
10977,1
10978,1
10979,1
10980,1
10981,1
10982,1
10983,1
10984,1
10985,1
10986,1
10987,1
10988,1
10989,1
10990,1
10991,1
10992,1
10993,1
10994,1
10995,1
10996,1
10997,1
10998,1
10999,1
11000,1
11001,1
11002,1
11003,1
11004,1
11005,1
11006,1
11007,1
11008,1
11009,1
11010,1
11011,1
11012,1
11013,1
11014,1
11015,1
11016,1
11017,1
11018,1
11019,1
11020,1
11021,1
11022,1
11023,1
11024,1
11025,1
11026,1
11027,1
11028,1
11029,1
11030,1
11031,1
11032,1
11033,1
11034,1
11035,1
11036,1
11037,1
11038,1
11039,1
11040,1
11041,1
11042,1
11043,1
11044,1
11045,1
11046,1
11047,1
11048,1
11049,1
11050,1
11051,1
11052,1
11053,1
11054,1
11055,1
11056,1
11057,1
11058,1
11059,1
11060,1
11061,1
11062,1
11063,1
11064,1
11065,1
11066,1
11067,1
11068,1
11069,1
11070,1
11071,1
11072,1
11073,1
11074,1
11075,1
11076,1
11077,1
11078,1
11079,1
11080,1
11081,1
11082,1
11083,1
11084,1
11085,1
11086,1
11087,1
11088,1
11089,1
11090,1
11091,1
11092,1
11093,1
11094,1
11095,1
11096,1
11097,1
11098,1
11099,1
11100,1
11101,1
11102,1
11103,1
11104,1
11105,1
11106,1
11107,1
11108,1
11109,1
11110,1
11111,1
11112,1
11113,1
11114,1
11115,1
11116,1
11117,1
11118,1
11119,1
11120,1
11121,1
11122,1
11123,1
11124,1
11125,1
11126,1
11127,1
11128,1
11129,1
11130,1
11131,1
11132,1
11133,1
11134,1
11135,1
11136,1
11137,1
11138,1
11139,1
11140,1
11141,1
11142,1
11143,1
11144,1
11145,1
11146,1
11147,1
11148,1
11149,1
11150,1
11151,1
11152,1
11153,1
11154,1
11155,1
11156,1
11157,1
11158,1
11159,1
11160,1
11161,1
11162,1
11163,1
11164,1
11165,1
11166,1
11167,1
11168,1
11169,1
11170,1
11171,1
11172,1
11173,1
11174,1
11175,1
11176,1
11177,1
11178,1
11179,1
11180,1
11181,1
11182,1
11183,1
11184,1
11185,1
11186,1
11187,1
11188,1
11189,1
11190,1
11191,1
11192,1
11193,1
11194,1
11195,1
11196,1
11197,1
11198,1
11199,1
11200,1
11201,1
11202,1
11203,1
11204,1
11205,1
11206,1
11207,1
11208,1
11209,1
11210,1
11211,1
11212,1
11213,1
11214,1
11215,1
11216,1
11217,1
11218,1
11219,1
11220,1
11221,1
11222,1
11223,1
11224,1
11225,1
11226,1
11227,1
11228,1
11229,1
11230,1
11231,1
11232,1
11233,1
11234,1
11235,1
11236,1
11237,1
11238,1
11239,1
11240,1
11241,1
11242,1
11243,1
11244,1
11245,1
11246,1
11247,1
11248,1
11249,1
11250,1
11251,1
11252,1
11253,1
11254,1
11255,1
11256,1
11257,1
11258,1
11259,1
11260,1
11261,1
11262,1
11263,1
11264,1
11265,1
11266,1
11267,1
11268,1
11269,1
11270,1
11271,1
11272,1
11273,1
11274,1
11275,1
11276,1
11277,1
11278,1
11279,1
11280,1
11281,1
11282,1
11283,1
11284,1
11285,1
11286,1
11287,1
11288,1
11289,1
11290,1
11291,1
11292,1
11293,1
11294,1
11295,1
11296,1
11297,1
11298,1
11299,1
11300,1
11301,1
11302,1
11303,1
11304,1
11305,1
11306,1
11307,1
11308,1
11309,1
11310,1
11311,1
11312,1
11313,1
11314,1
11315,1
11316,1
11317,1
11318,1
11319,1
11320,1
11321,1
11322,1
11323,1
11324,1
11325,1
11326,1
11327,1
11328,1
11329,1
11330,1
11331,1
11332,1
11333,1
11334,1
11335,1
11336,1
11337,1
11338,1
11339,1
11340,1
11341,1
11342,1
11343,1
11344,1
11345,1
11346,1
11347,1
11348,1
11349,1
11350,1
11351,1
11352,1
11353,1
11354,1
11355,1
11356,1
11357,1
11358,1
11359,1
11360,1
11361,1
11362,1
11363,1
11364,1
11365,1
11366,1
11367,1
11368,1
11369,1
11370,1
11371,1
11372,1
11373,1
11374,1
11375,1
11376,1
11377,1
11378,1
11379,1
11380,1
11381,1
11382,1
11383,1
11384,1
11385,1
11386,1
11387,1
11388,1
11389,1
11390,1
11391,1
11392,1
11393,1
11394,1
11395,1
11396,1
11397,1
11398,1
11399,1
11400,1
11401,1
11402,1
11403,1
11404,1
11405,1
11406,1
11407,1
11408,1
11409,1
11410,1
11411,1
11412,1
11413,1
11414,1
11415,1
11416,1
11417,1
11418,1
11419,1
11420,1
11421,1
11422,1
11423,1
11424,1
11425,1
11426,1
11427,1
11428,1
11429,1
11430,1
11431,1
11432,1
11433,1
11434,1
11435,1
11436,1
11437,1
11438,1
11439,1
11440,1
11441,1
11442,1
11443,1
11444,1
11445,1
11446,1
11447,1
11448,1
11449,1
11450,1
11451,1
11452,1
11453,1
11454,1
11455,1
11456,1
11457,1
11458,1
11459,1
11460,1
11461,1
11462,1
11463,1
11464,1
11465,1
11466,1
11467,1
11468,1
11469,1
11470,1
11471,1
11472,1
11473,1
11474,1
11475,1
11476,1
11477,1
11478,1
11479,1
11480,1
11481,1
11482,1
11483,1
11484,1
11485,1
11486,1
11487,1
11488,1
11489,1
11490,1
11491,1
11492,1
11493,1
11494,1
11495,1
11496,1
11497,1
11498,1
11499,1
11500,1
11501,1
11502,1
11503,1
11504,1
11505,1
11506,1
11507,1
11508,1
11509,1
11510,1
11511,1
11512,1
11513,1
11514,1
11515,1
11516,1
11517,1
11518,1
11519,1
11520,1
11521,1
11522,1
11523,1
11524,1
11525,1
11526,1
11527,1
11528,1
11529,1
11530,1
11531,1
11532,1
11533,1
11534,1
11535,1
11536,1
11537,1
11538,1
11539,1
11540,1
11541,1
11542,1
11543,1
11544,1
11545,1
11546,1
11547,1
11548,1
11549,1
11550,1
11551,1
11552,1
11553,1
11554,1
11555,1
11556,1
11557,1
11558,1
11559,1
11560,1
11561,1
11562,1
11563,1
11564,1
11565,1
11566,1
11567,1
11568,1
11569,1
11570,1
11571,1
11572,1
11573,1
11574,1
11575,1
11576,1
11577,1
11578,1
11579,1
11580,1
11581,1
11582,1
11583,1
11584,1
11585,1
11586,1
11587,1
11588,1
11589,1
11590,1
11591,1
11592,1
11593,1
11594,1
11595,1
11596,1
11597,1
11598,1
11599,1
11600,1
11601,1
11602,1
11603,1
11604,1
11605,1
11606,1
11607,1
11608,1
11609,1
11610,1
11611,1
11612,1
11613,1
11614,1
11615,1
11616,1
11617,1
11618,1
11619,1
11620,1
11621,1
11622,1
11623,1
11624,1
11625,1
11626,1
11627,1
11628,1
11629,1
11630,1
11631,1
11632,1
11633,1
11634,1
11635,1
11636,1
11637,1
11638,1
11639,1
11640,1
11641,1
11642,1
11643,1
11644,1
11645,1
11646,1
11647,1
11648,1
11649,1
11650,1
11651,1
11652,1
11653,1
11654,1
11655,1
11656,1
11657,1
11658,1
11659,1
11660,1
11661,1
11662,1
11663,1
11664,1
11665,1
11666,1
11667,1
11668,1
11669,1
11670,1
11671,1
11672,1
11673,1
11674,1
11675,1
11676,1
11677,1
11678,1
11679,1
11680,1
11681,1
11682,1
11683,1
11684,1
11685,1
11686,1
11687,1
11688,1
11689,1
11690,1
11691,1
11692,1
11693,1
11694,1
11695,1
11696,1
11697,1
11698,1
11699,1
11700,1
11701,1
11702,1
11703,1
11704,1
11705,1
11706,1
11707,1
11708,1
11709,1
11710,1
11711,1
11712,1
11713,1
11714,1
11715,1
11716,1
11717,1
11718,1
11719,1
11720,1
11721,1
11722,1
11723,1
11724,1
11725,1
11726,1
11727,1
11728,1
11729,1
11730,1
11731,1
11732,1
11733,1
11734,1
11735,1
11736,1
11737,1
11738,1
11739,1
11740,1
11741,1
11742,1
11743,1
11744,1
11745,1
11746,1
11747,1
11748,1
11749,1
11750,1
11751,1
11752,1
11753,1
11754,1
11755,1
11756,1
11757,1
11758,1
11759,1
11760,1
11761,1
11762,1
11763,1
11764,1
11765,1
11766,1
11767,1
11768,1
11769,1
11770,1
11771,1
11772,1
11773,1
11774,1
11775,1
11776,1
11777,1
11778,1
11779,1
11780,1
11781,1
11782,1
11783,1
11784,1
11785,1
11786,1
11787,1
11788,1
11789,1
11790,1
11791,1
11792,1
11793,1
11794,1
11795,1
11796,1
11797,1
11798,1
11799,1
11800,1
11801,1
11802,1
11803,1
11804,1
11805,1
11806,1
11807,1
11808,1
11809,1
11810,1
11811,1
11812,1
11813,1
11814,1
11815,1
11816,1
11817,1
11818,1
11819,1
11820,1
11821,1
11822,1
11823,1
11824,1
11825,1
11826,1
11827,1
11828,1
11829,1
11830,1
11831,1
11832,1
11833,1
11834,1
11835,1
11836,1
11837,1
11838,1
11839,1
11840,1
11841,1
11842,1
11843,1
11844,1
11845,1
11846,1
11847,1
11848,1
11849,1
11850,1
11851,1
11852,1
11853,1
11854,1
11855,1
11856,1
11857,1
11858,1
11859,1
11860,1
11861,1
11862,1
11863,1
11864,1
11865,1
11866,1
11867,1
11868,1
11869,1
11870,1
11871,1
11872,1
11873,1
11874,1
11875,1
11876,1
11877,1
11878,1
11879,1
11880,1
11881,1
11882,1
11883,1
11884,1
11885,1
11886,1
11887,1
11888,1
11889,1
11890,1
11891,1
11892,1
11893,1
11894,1
11895,1
11896,1
11897,1
11898,1
11899,1
11900,1
11901,1
11902,1
11903,1
11904,1
11905,1
11906,1
11907,1
11908,1
11909,1
11910,1
11911,1
11912,1
11913,1
11914,1
11915,1
11916,1
11917,1
11918,1
11919,1
11920,1
11921,1
11922,1
11923,1
11924,1
11925,1
11926,1
11927,1
11928,1
11929,1
11930,1
11931,1
11932,1
11933,1
11934,1
11935,1
11936,1
11937,1
11938,1
11939,1
11940,1
11941,1
11942,1
11943,1
11944,1
11945,1
11946,1
11947,1
11948,1
11949,1
11950,1
11951,1
11952,1
11953,1
11954,1
11955,1
11956,1
11957,1
11958,1
11959,1
11960,1
11961,1
11962,1
11963,1
11964,1
11965,1
11966,1
11967,1
11968,1
11969,1
11970,1
11971,1
11972,1
11973,1
11974,1
11975,1
11976,1
11977,1
11978,1
11979,1
11980,1
11981,1
11982,1
11983,1
11984,1
11985,1
11986,1
11987,1
11988,1
11989,1
11990,1
11991,1
11992,1
11993,1
11994,1
11995,1
11996,1
11997,1
11998,1
11999,1
12000,1
12001,1
12002,1
12003,1
12004,1
12005,1
12006,1
12007,1
12008,1
12009,1
12010,1
12011,1
12012,1
12013,1
12014,1
12015,1
12016,1
12017,1
12018,1
12019,1
12020,1
12021,1
12022,1
12023,1
12024,1
12025,1
12026,1
12027,1
12028,1
12029,1
12030,1
12031,1
12032,1
12033,1
12034,1
12035,1
12036,1
12037,1
12038,1
12039,1
12040,1
12041,1
12042,1
12043,1
12044,1
12045,1
12046,1
12047,1
12048,1
12049,1
12050,1
12051,1
12052,1
12053,1
12054,1
12055,1
12056,1
12057,1
12058,1
12059,1
12060,1
12061,1
12062,1
12063,1
12064,1
12065,1
12066,1
12067,1
12068,1
12069,1
12070,1
12071,1
12072,1
12073,1
12074,1
12075,1
12076,1
12077,1
12078,1
12079,1
12080,1
12081,1
12082,1
12083,1
12084,1
12085,1
12086,1
12087,1
12088,1
12089,1
12090,1
12091,1
12092,1
12093,1
12094,1
12095,1
12096,1
12097,1
12098,1
12099,1
12100,1
12101,1
12102,1
12103,1
12104,1
12105,1
12106,1
12107,1
12108,1
12109,1
12110,1
12111,1
12112,1
12113,1
12114,1
12115,1
12116,1
12117,1
12118,1
12119,1
12120,1
12121,1
12122,1
12123,1
12124,1
12125,1
12126,1
12127,1
12128,1
12129,1
12130,1
12131,1
12132,1
12133,1
12134,1
12135,1
12136,1
12137,1
12138,1
12139,1
12140,1
12141,1
12142,1
12143,1
12144,1
12145,1
12146,1
12147,1
12148,1
12149,1
12150,1
12151,1
12152,1
12153,1
12154,1
12155,1
12156,1
12157,1
12158,1
12159,1
12160,1
12161,1
12162,1
12163,1
12164,1
12165,1
12166,1
12167,1
12168,1
12169,1
12170,1
12171,1
12172,1
12173,1
12174,1
12175,1
12176,1
12177,1
12178,1
12179,1
12180,1
12181,1
12182,1
12183,1
12184,1
12185,1
12186,1
12187,1
12188,1
12189,1
12190,1
12191,1
12192,1
12193,1
12194,1
12195,1
12196,1
12197,1
12198,1
12199,1
12200,1
12201,1
12202,1
12203,1
12204,1
12205,1
12206,1
12207,1
12208,1
12209,1
12210,1
12211,1
12212,1
12213,1
12214,1
12215,1
12216,1
12217,1
12218,1
12219,1
12220,1
12221,1
12222,1
12223,1
12224,1
12225,1
12226,1
12227,1
12228,1
12229,1
12230,1
12231,1
12232,1
12233,1
12234,1
12235,1
12236,1
12237,1
12238,1
12239,1
12240,1
12241,1
12242,1
12243,1
12244,1
12245,1
12246,1
12247,1
12248,1
12249,1
12250,1
12251,1
12252,1
12253,1
12254,1
12255,1
12256,1
12257,1
12258,1
12259,1
12260,1
12261,1
12262,1
12263,1
12264,1
12265,1
12266,1
12267,1
12268,1
12269,1
12270,1
12271,1
12272,1
12273,1
12274,1
12275,1
12276,1
12277,1
12278,1
12279,1
12280,1
12281,1
12282,1
12283,1
12284,1
12285,1
12286,1
12287,1
12288,1
12289,1
12290,1
12291,1
12292,1
12293,1
12294,1
12295,1
12296,1
12297,1
12298,1
12299,1
12300,1
12301,1
12302,1
12303,1
12304,1
12305,1
12306,1
12307,1
12308,1
12309,1
12310,1
12311,1
12312,1
12313,1
12314,1
12315,1
12316,1
12317,1
12318,1
12319,1
12320,1
12321,1
12322,1
12323,1
12324,1
12325,1
12326,1
12327,1
12328,1
12329,1
12330,1
12331,1
12332,1
12333,1
12334,1
12335,1
12336,1
12337,1
12338,1
12339,1
12340,1
12341,1
12342,1
12343,1
12344,1
12345,1
12346,1
12347,1
12348,1
12349,1
12350,1
12351,1
12352,1
12353,1
12354,1
12355,1
12356,1
12357,1
12358,1
12359,1
12360,1
12361,1
12362,1
12363,1
12364,1
12365,1
12366,1
12367,1
12368,1
12369,1
12370,1
12371,1
12372,1
12373,1
12374,1
12375,1
12376,1
12377,1
12378,1
12379,1
12380,1
12381,1
12382,1
12383,1
12384,1
12385,1
12386,1
12387,1
12388,1
12389,1
12390,1
12391,1
12392,1
12393,1
12394,1
12395,1
12396,1
12397,1
12398,1
12399,1
12400,1
12401,1
12402,1
12403,1
12404,1
12405,1
12406,1
12407,1
12408,1
12409,1
12410,1
12411,1
12412,1
12413,1
12414,1
12415,1
12416,1
12417,1
12418,1
12419,1
12420,1
12421,1
12422,1
12423,1
12424,1
12425,1
12426,1
12427,1
12428,1
12429,1
12430,1
12431,1
12432,1
12433,1
12434,1
12435,1
12436,1
12437,1
12438,1
12439,1
12440,1
12441,1
12442,1
12443,1
12444,1
12445,1
12446,1
12447,1
12448,1
12449,1
12450,1
12451,1
12452,1
12453,1
12454,1
12455,1
12456,1
12457,1
12458,1
12459,1
12460,1
12461,1
12462,1
12463,1
12464,1
12465,1
12466,1
12467,1
12468,1
12469,1
12470,1
12471,1
12472,1
12473,1
12474,1
12475,1
12476,1
12477,1
12478,1
12479,1
12480,1
12481,1
12482,1
12483,1
12484,1
12485,1
12486,1
12487,1
12488,1
12489,1
12490,1
12491,1
12492,1
12493,1
12494,1
12495,1
12496,1
12497,1
12498,1
12499,1
12500,1
12501,1
12502,1
12503,1
12504,1
12505,1
12506,1
12507,1
12508,1
12509,1
12510,1
12511,1
12512,1
12513,1
12514,1
12515,1
12516,1
12517,1
12518,1
12519,1
12520,1
12521,1
12522,1
12523,1
12524,1
12525,1
12526,1
12527,1
12528,1
12529,1
12530,1
12531,1
12532,1
12533,1
12534,1
12535,1
12536,1
12537,1
12538,1
12539,1
12540,1
12541,1
12542,1
12543,1
12544,1
12545,1
12546,1
12547,1
12548,1
12549,1
12550,1
12551,1
12552,1
12553,1
12554,1
12555,1
12556,1
12557,1
12558,1
12559,1
12560,1
12561,1
12562,1
12563,1
12564,1
12565,1
12566,1
12567,1
12568,1
12569,1
12570,1
12571,1
12572,1
12573,1
12574,1
12575,1
12576,1
12577,1
12578,1
12579,1
12580,1
12581,1
12582,1
12583,1
12584,1
12585,1
12586,1
12587,1
12588,1
12589,1
12590,1
12591,1
12592,1
12593,1
12594,1
12595,1
12596,1
12597,1
12598,1
12599,1
12600,1
12601,1
12602,1
12603,1
12604,1
12605,1
12606,1
12607,1
12608,1
12609,1
12610,1
12611,1
12612,1
12613,1
12614,1
12615,1
12616,1
12617,1
12618,1
12619,1
12620,1
12621,1
12622,1
12623,1
12624,1
12625,1
12626,1
12627,1
12628,1
12629,1
12630,1
12631,1
12632,1
12633,1
12634,1
12635,1
12636,1
12637,1
12638,1
12639,1
12640,1
12641,1
12642,1
12643,1
12644,1
12645,1
12646,1
12647,1
12648,1
12649,1
12650,1
12651,1
12652,1
12653,1
12654,1
12655,1
12656,1
12657,1
12658,1
12659,1
12660,1
12661,1
12662,1
12663,1
12664,1
12665,1
12666,1
12667,1
12668,1
12669,1
12670,1
12671,1
12672,1
12673,1
12674,1
12675,1
12676,1
12677,1
12678,1
12679,1
12680,1
12681,1
12682,1
12683,1
12684,1
12685,1
12686,1
12687,1
12688,1
12689,1
12690,1
12691,1
12692,1
12693,1
12694,1
12695,1
12696,1
12697,1
12698,1
12699,1
12700,1
12701,1
12702,1
12703,1
12704,1
12705,1
12706,1
12707,1
12708,1
12709,1
12710,1
12711,1
12712,1
12713,1
12714,1
12715,1
12716,1
12717,1
12718,1
12719,1
12720,1
12721,1
12722,1
12723,1
12724,1
12725,1
12726,1
12727,1
12728,1
12729,1
12730,1
12731,1
12732,1
12733,1
12734,1
12735,1
12736,1
12737,1
12738,1
12739,1
12740,1
12741,1
12742,1
12743,1
12744,1
12745,1
12746,1
12747,1
12748,1
12749,1
12750,1
12751,1
12752,1
12753,1
12754,1
12755,1
12756,1
12757,1
12758,1
12759,1
12760,1
12761,1
12762,1
12763,1
12764,1
12765,1
12766,1
12767,1
12768,1
12769,1
12770,1
12771,1
12772,1
12773,1
12774,1
12775,1
12776,1
12777,1
12778,1
12779,1
12780,1
12781,1
12782,1
12783,1
12784,1
12785,1
12786,1
12787,1
12788,1
12789,1
12790,1
12791,1
12792,1
12793,1
12794,1
12795,1
12796,1
12797,1
12798,1
12799,1
12800,1
12801,1
12802,1
12803,1
12804,1
12805,1
12806,1
12807,1
12808,1
12809,1
12810,1
12811,1
12812,1
12813,1
12814,1
12815,1
12816,1
12817,1
12818,1
12819,1
12820,1
12821,1
12822,1
12823,1
12824,1
12825,1
12826,1
12827,1
12828,1
12829,1
12830,1
12831,1
12832,1
12833,1
12834,1
12835,1
12836,1
12837,1
12838,1
12839,1
12840,1
12841,1
12842,1
12843,1
12844,1
12845,1
12846,1
12847,1
12848,1
12849,1
12850,1
12851,1
12852,1
12853,1
12854,1
12855,1
12856,1
12857,1
12858,1
12859,1
12860,1
12861,1
12862,1
12863,1
12864,1
12865,1
12866,1
12867,1
12868,1
12869,1
12870,1
12871,1
12872,1
12873,1
12874,1
12875,1
12876,1
12877,1
12878,1
12879,1
12880,1
12881,1
12882,1
12883,1
12884,1
12885,1
12886,1
12887,1
12888,1
12889,1
12890,1
12891,1
12892,1
12893,1
12894,1
12895,1
12896,1
12897,1
12898,1
12899,1
12900,1
12901,1
12902,1
12903,1
12904,1
12905,1
12906,1
12907,1
12908,1
12909,1
12910,1
12911,1
12912,1
12913,1
12914,1
12915,1
12916,1
12917,1
12918,1
12919,1
12920,1
12921,1
12922,1
12923,1
12924,1
12925,1
12926,1
12927,1
12928,1
12929,1
12930,1
12931,1
12932,1
12933,1
12934,1
12935,1
12936,1
12937,1
12938,1
12939,1
12940,1
12941,1
12942,1
12943,1
12944,1
12945,1
12946,1
12947,1
12948,1
12949,1
12950,1
12951,1
12952,1
12953,1
12954,1
12955,1
12956,1
12957,1
12958,1
12959,1
12960,1
12961,1
12962,1
12963,1
12964,1
12965,1
12966,1
12967,1
12968,1
12969,1
12970,1
12971,1
12972,1
12973,1
12974,1
12975,1
12976,1
12977,1
12978,1
12979,1
12980,1
12981,1
12982,1
12983,1
12984,1
12985,1
12986,1
12987,1
12988,1
12989,1
12990,1
12991,1
12992,1
12993,1
12994,1
12995,1
12996,1
12997,1
12998,1
12999,1
13000,1
13001,1
13002,1
13003,1
13004,1
13005,1
13006,1
13007,1
13008,1
13009,1
13010,1
13011,1
13012,1
13013,1
13014,1
13015,1
13016,1
13017,1
13018,1
13019,1
13020,1
13021,1
13022,1
13023,1
13024,1
13025,1
13026,1
13027,1
13028,1
13029,1
13030,1
13031,1
13032,1
13033,1
13034,1
13035,1
13036,1
13037,1
13038,1
13039,1
13040,1
13041,1
13042,1
13043,1
13044,1
13045,1
13046,1
13047,1
13048,1
13049,1
13050,1
13051,1
13052,1
13053,1
13054,1
13055,1
13056,1
13057,1
13058,1
13059,1
13060,1
13061,1
13062,1
13063,1
13064,1
13065,1
13066,1
13067,1
13068,1
13069,1
13070,1
13071,1
13072,1
13073,1
13074,1
13075,1
13076,1
13077,1
13078,1
13079,1
13080,1
13081,1
13082,1
13083,1
13084,1
13085,1
13086,1
13087,1
13088,1
13089,1
13090,1
13091,1
13092,1
13093,1
13094,1
13095,1
13096,1
13097,1
13098,1
13099,1
13100,1
13101,1
13102,1
13103,1
13104,1
13105,1
13106,1
13107,1
13108,1
13109,1
13110,1
13111,1
13112,1
13113,1
13114,1
13115,1
13116,1
13117,1
13118,1
13119,1
13120,1
13121,1
13122,1
13123,1
13124,1
13125,1
13126,1
13127,1
13128,1
13129,1
13130,1
13131,1
13132,1
13133,1
13134,1
13135,1
13136,1
13137,1
13138,1
13139,1
13140,1
13141,1
13142,1
13143,1
13144,1
13145,1
13146,1
13147,1
13148,1
13149,1
13150,1
13151,1
13152,1
13153,1
13154,1
13155,1
13156,1
13157,1
13158,1
13159,1
13160,1
13161,1
13162,1
13163,1
13164,1
13165,1
13166,1
13167,1
13168,1
13169,1
13170,1
13171,1
13172,1
13173,1
13174,1
13175,1
13176,1
13177,1
13178,1
13179,1
13180,1
13181,1
13182,1
13183,1
13184,1
13185,1
13186,1
13187,1
13188,1
13189,1
13190,1
13191,1
13192,1
13193,1
13194,1
13195,1
13196,1
13197,1
13198,1
13199,1
13200,1
13201,1
13202,1
13203,1
13204,1
13205,1
13206,1
13207,1
13208,1
13209,1
13210,1
13211,1
13212,1
13213,1
13214,1
13215,1
13216,1
13217,1
13218,1
13219,1
13220,1
13221,1
13222,1
13223,1
13224,1
13225,1
13226,1
13227,1
13228,1
13229,1
13230,1
13231,1
13232,1
13233,1
13234,1
13235,1
13236,1
13237,1
13238,1
13239,1
13240,1
13241,1
13242,1
13243,1
13244,1
13245,1
13246,1
13247,1
13248,1
13249,1
13250,1
13251,1
13252,1
13253,1
13254,1
13255,1
13256,1
13257,1
13258,1
13259,1
13260,1
13261,1
13262,1
13263,1
13264,1
13265,1
13266,1
13267,1
13268,1
13269,1
13270,1
13271,1
13272,1
13273,1
13274,1
13275,1
13276,1
13277,1
13278,1
13279,1
13280,1
13281,1
13282,1
13283,1
13284,1
13285,1
13286,1
13287,1
13288,1
13289,1
13290,1
13291,1
13292,1
13293,1
13294,1
13295,1
13296,1
13297,1
13298,1
13299,1
13300,1
13301,1
13302,1
13303,1
13304,1
13305,1
13306,1
13307,1
13308,1
13309,1
13310,1
13311,1
13312,1
13313,1
13314,1
13315,1
13316,1
13317,1
13318,1
13319,1
13320,1
13321,1
13322,1
13323,1
13324,1
13325,1
13326,1
13327,1
13328,1
13329,1
13330,1
13331,1
13332,1
13333,1
13334,1
13335,1
13336,1
13337,1
13338,1
13339,1
13340,1
13341,1
13342,1
13343,1
13344,1
13345,1
13346,1
13347,1
13348,1
13349,1
13350,1
13351,1
13352,1
13353,1
13354,1
13355,1
13356,1
13357,1
13358,1
13359,1
13360,1
13361,1
13362,1
13363,1
13364,1
13365,1
13366,1
13367,1
13368,1
13369,1
13370,1
13371,1
13372,1
13373,1
13374,1
13375,1
13376,1
13377,1
13378,1
13379,1
13380,1
13381,1
13382,1
13383,1
13384,1
13385,1
13386,1
13387,1
13388,1
13389,1
13390,1
13391,1
13392,1
13393,1
13394,1
13395,1
13396,1
13397,1
13398,1
13399,1
13400,1
13401,1
13402,1
13403,1
13404,1
13405,1
13406,1
13407,1
13408,1
13409,1
13410,1
13411,1
13412,1
13413,1
13414,1
13415,1
13416,1
13417,1
13418,1
13419,1
13420,1
13421,1
13422,1
13423,1
13424,1
13425,1
13426,1
13427,1
13428,1
13429,1
13430,1
13431,1
13432,1
13433,1
13434,1
13435,1
13436,1
13437,1
13438,1
13439,1
13440,1
13441,1
13442,1
13443,1
13444,1
13445,1
13446,1
13447,1
13448,1
13449,1
13450,1
13451,1
13452,1
13453,1
13454,1
13455,1
13456,1
13457,1
13458,1
13459,1
13460,1
13461,1
13462,1
13463,1
13464,1
13465,1
13466,1
13467,1
13468,1
13469,1
13470,1
13471,1
13472,1
13473,1
13474,1
13475,1
13476,1
13477,1
13478,1
13479,1
13480,1
13481,1
13482,1
13483,1
13484,1
13485,1
13486,1
13487,1
13488,1
13489,1
13490,1
13491,1
13492,1
13493,1
13494,1
13495,1
13496,1
13497,1
13498,1
13499,1
13500,1
13501,1
13502,1
13503,1
13504,1
13505,1
13506,1
13507,1
13508,1
13509,1
13510,1
13511,1
13512,1
13513,1
13514,1
13515,1
13516,1
13517,1
13518,1
13519,1
13520,1
13521,1
13522,1
13523,1
13524,1
13525,1
13526,1
13527,1
13528,1
13529,1
13530,1
13531,1
13532,1
13533,1
13534,1
13535,1
13536,1
13537,1
13538,1
13539,1
13540,1
13541,1
13542,1
13543,1
13544,1
13545,1
13546,1
13547,1
13548,1
13549,1
13550,1
13551,1
13552,1
13553,1
13554,1
13555,1
13556,1
13557,1
13558,1
13559,1
13560,1
13561,1
13562,1
13563,1
13564,1
13565,1
13566,1
13567,1
13568,1
13569,1
13570,1
13571,1
13572,1
13573,1
13574,1
13575,1
13576,1
13577,1
13578,1
13579,1
13580,1
13581,1
13582,1
13583,1
13584,1
13585,1
13586,1
13587,1
13588,1
13589,1
13590,1
13591,1
13592,1
13593,1
13594,1
13595,1
13596,1
13597,1
13598,1
13599,1
13600,1
13601,1
13602,1
13603,1
13604,1
13605,1
13606,1
13607,1
13608,1
13609,1
13610,1
13611,1
13612,1
13613,1
13614,1
13615,1
13616,1
13617,1
13618,1
13619,1
13620,1
13621,1
13622,1
13623,1
13624,1
13625,1
13626,1
13627,1
13628,1
13629,1
13630,1
13631,1
13632,1
13633,1
13634,1
13635,1
13636,1
13637,1
13638,1
13639,1
13640,1
13641,1
13642,1
13643,1
13644,1
13645,1
13646,1
13647,1
13648,1
13649,1
13650,1
13651,1
13652,1
13653,1
13654,1
13655,1
13656,1
13657,1
13658,1
13659,1
13660,1
13661,1
13662,1
13663,1
13664,1
13665,1
13666,1
13667,1
13668,1
13669,1
13670,1
13671,1
13672,1
13673,1
13674,1
13675,1
13676,1
13677,1
13678,1
13679,1
13680,1
13681,1
13682,1
13683,1
13684,1
13685,1
13686,1
13687,1
13688,1
13689,1
13690,1
13691,1
13692,1
13693,1
13694,1
13695,1
13696,1
13697,1
13698,1
13699,1
13700,1
13701,1
13702,1
13703,1
13704,1
13705,1
13706,1
13707,1
13708,1
13709,1
13710,1
13711,1
13712,1
13713,1
13714,1
13715,1
13716,1
13717,1
13718,1
13719,1
13720,1
13721,1
13722,1
13723,1
13724,1
13725,1
13726,1
13727,1
13728,1
13729,1
13730,1
13731,1
13732,1
13733,1
13734,1
13735,1
13736,1
13737,1
13738,1
13739,1
13740,1
13741,1
13742,1
13743,1
13744,1
13745,1
13746,1
13747,1
13748,1
13749,1
13750,1
13751,1
13752,1
13753,1
13754,1
13755,1
13756,1
13757,1
13758,1
13759,1
13760,1
13761,1
13762,1
13763,1
13764,1
13765,1
13766,1
13767,1
13768,1
13769,1
13770,1
13771,1
13772,1
13773,1
13774,1
13775,1
13776,1
13777,1
13778,1
13779,1
13780,1
13781,1
13782,1
13783,1
13784,1
13785,1
13786,1
13787,1
13788,1
13789,1
13790,1
13791,1
13792,1
13793,1
13794,1
13795,1
13796,1
13797,1
13798,1
13799,1
13800,1
13801,1
13802,1
13803,1
13804,1
13805,1
13806,1
13807,1
13808,1
13809,1
13810,1
13811,1
13812,1
13813,1
13814,1
13815,1
13816,1
13817,1
13818,1
13819,1
13820,1
13821,1
13822,1
13823,1
13824,1
13825,1
13826,1
13827,1
13828,1
13829,1
13830,1
13831,1
13832,1
13833,1
13834,1
13835,1
13836,1
13837,1
13838,1
13839,1
13840,1
13841,1
13842,1
13843,1
13844,1
13845,1
13846,1
13847,1
13848,1
13849,1
13850,1
13851,1
13852,1
13853,1
13854,1
13855,1
13856,1
13857,1
13858,1
13859,1
13860,1
13861,1
13862,1
13863,1
13864,1
13865,1
13866,1
13867,1
13868,1
13869,1
13870,1
13871,1
13872,1
13873,1
13874,1
13875,1
13876,1
13877,1
13878,1
13879,1
13880,1
13881,1
13882,1
13883,1
13884,1
13885,1
13886,1
13887,1
13888,1
13889,1
13890,1
13891,1
13892,1
13893,1
13894,1
13895,1
13896,1
13897,1
13898,1
13899,1
13900,1
13901,1
13902,1
13903,1
13904,1
13905,1
13906,1
13907,1
13908,1
13909,1
13910,1
13911,1
13912,1
13913,1
13914,1
13915,1
13916,1
13917,1
13918,1
13919,1
13920,1
13921,1
13922,1
13923,1
13924,1
13925,1
13926,1
13927,1
13928,1
13929,1
13930,1
13931,1
13932,1
13933,1
13934,1
13935,1
13936,1
13937,1
13938,1
13939,1
13940,1
13941,1
13942,1
13943,1
13944,1
13945,1
13946,1
13947,1
13948,1
13949,1
13950,1
13951,1
13952,1
13953,1
13954,1
13955,1
13956,1
13957,1
13958,1
13959,1
13960,1
13961,1
13962,1
13963,1
13964,1
13965,1
13966,1
13967,1
13968,1
13969,1
13970,1
13971,1
13972,1
13973,1
13974,1
13975,1
13976,1
13977,1
13978,1
13979,1
13980,1
13981,1
13982,1
13983,1
13984,1
13985,1
13986,1
13987,1
13988,1
13989,1
13990,1
13991,1
13992,1
13993,1
13994,1
13995,1
13996,1
13997,1
13998,1
13999,1
14000,1
14001,1
14002,1
14003,1
14004,1
14005,1
14006,1
14007,1
14008,1
14009,1
14010,1
14011,1
14012,1
14013,1
14014,1
14015,1
14016,1
14017,1
14018,1
14019,1
14020,1
14021,1
14022,1
14023,1
14024,1
14025,1
14026,1
14027,1
14028,1
14029,1
14030,1
14031,1
14032,1
14033,1
14034,1
14035,1
14036,1
14037,1
14038,1
14039,1
14040,1
14041,1
14042,1
14043,1
14044,1
14045,1
14046,1
14047,1
14048,1
14049,1
14050,1
14051,1
14052,1
14053,1
14054,1
14055,1
14056,1
14057,1
14058,1
14059,1
14060,1
14061,1
14062,1
14063,1
14064,1
14065,1
14066,1
14067,1
14068,1
14069,1
14070,1
14071,1
14072,1
14073,1
14074,1
14075,1
14076,1
14077,1
14078,1
14079,1
14080,1
14081,1
14082,1
14083,1
14084,1
14085,1
14086,1
14087,1
14088,1
14089,1
14090,1
14091,1
14092,1
14093,1
14094,1
14095,1
14096,1
14097,1
14098,1
14099,1
14100,1
14101,1
14102,1
14103,1
14104,1
14105,1
14106,1
14107,1
14108,1
14109,1
14110,1
14111,1
14112,1
14113,1
14114,1
14115,1
14116,1
14117,1
14118,1
14119,1
14120,1
14121,1
14122,1
14123,1
14124,1
14125,1
14126,1
14127,1
14128,1
14129,1
14130,1
14131,1
14132,1
14133,1
14134,1
14135,1
14136,1
14137,1
14138,1
14139,1
14140,1
14141,1
14142,1
14143,1
14144,1
14145,1
14146,1
14147,1
14148,1
14149,1
14150,1
14151,1
14152,1
14153,1
14154,1
14155,1
14156,1
14157,1
14158,1
14159,1
14160,1
14161,1
14162,1
14163,1
14164,1
14165,1
14166,1
14167,1
14168,1
14169,1
14170,1
14171,1
14172,1
14173,1
14174,1
14175,1
14176,1
14177,1
14178,1
14179,1
14180,1
14181,1
14182,1
14183,1
14184,1
14185,1
14186,1
14187,1
14188,1
14189,1
14190,1
14191,1
14192,1
14193,1
14194,1
14195,1
14196,1
14197,1
14198,1
14199,1
14200,1
14201,1
14202,1
14203,1
14204,1
14205,1
14206,1
14207,1
14208,1
14209,1
14210,1
14211,1
14212,1
14213,1
14214,1
14215,1
14216,1
14217,1
14218,1
14219,1
14220,1
14221,1
14222,1
14223,1
14224,1
14225,1
14226,1
14227,1
14228,1
14229,1
14230,1
14231,1
14232,1
14233,1
14234,1
14235,1
14236,1
14237,1
14238,1
14239,1
14240,1
14241,1
14242,1
14243,1
14244,1
14245,1
14246,1
14247,1
14248,1
14249,1
14250,1
14251,1
14252,1
14253,1
14254,1
14255,1
14256,1
14257,1
14258,1
14259,1
14260,1
14261,1
14262,1
14263,1
14264,1
14265,1
14266,1
14267,1
14268,1
14269,1
14270,1
14271,1
14272,1
14273,1
14274,1
14275,1
14276,1
14277,1
14278,1
14279,1
14280,1
14281,1
14282,1
14283,1
14284,1
14285,1
14286,1
14287,1
14288,1
14289,1
14290,1
14291,1
14292,1
14293,1
14294,1
14295,1
14296,1
14297,1
14298,1
14299,1
14300,1
14301,1
14302,1
14303,1
14304,1
14305,1
14306,1
14307,1
14308,1
14309,1
14310,1
14311,1
14312,1
14313,1
14314,1
14315,1
14316,1
14317,1
14318,1
14319,1
14320,1
14321,1
14322,1
14323,1
14324,1
14325,1
14326,1
14327,1
14328,1
14329,1
14330,1
14331,1
14332,1
14333,1
14334,1
14335,1
14336,1
14337,1
14338,1
14339,1
14340,1
14341,1
14342,1
14343,1
14344,1
14345,1
14346,1
14347,1
14348,1
14349,1
14350,1
14351,1
14352,1
14353,1
14354,1
14355,1
14356,1
14357,1
14358,1
14359,1
14360,1
14361,1
14362,1
14363,1
14364,1
14365,1
14366,1
14367,1
14368,1
14369,1
14370,1
14371,1
14372,1
14373,1
14374,1
14375,1
14376,1
14377,1
14378,1
14379,1
14380,1
14381,1
14382,1
14383,1
14384,1
14385,1
14386,1
14387,1
14388,1
14389,1
14390,1
14391,1
14392,1
14393,1
14394,1
14395,1
14396,1
14397,1
14398,1
14399,1
14400,1
14401,1
14402,1
14403,1
14404,1
14405,1
14406,1
14407,1
14408,1
14409,1
14410,1
14411,1
14412,1
14413,1
14414,1
14415,1
14416,1
14417,1
14418,1
14419,1
14420,1
14421,1
14422,1
14423,1
14424,1
14425,1
14426,1
14427,1
14428,1
14429,1
14430,1
14431,1
14432,1
14433,1
14434,1
14435,1
14436,1
14437,1
14438,1
14439,1
14440,1
14441,1
14442,1
14443,1
14444,1
14445,1
14446,1
14447,1
14448,1
14449,1
14450,1
14451,1
14452,1
14453,1
14454,1
14455,1
14456,1
14457,1
14458,1
14459,1
14460,1
14461,1
14462,1
14463,1
14464,1
14465,1
14466,1
14467,1
14468,1
14469,1
14470,1
14471,1
14472,1
14473,1
14474,1
14475,1
14476,1
14477,1
14478,1
14479,1
14480,1
14481,1
14482,1
14483,1
14484,1
14485,1
14486,1
14487,1
14488,1
14489,1
14490,1
14491,1
14492,1
14493,1
14494,1
14495,1
14496,1
14497,1
14498,1
14499,1
14500,1
14501,1
14502,1
14503,1
14504,1
14505,1
14506,1
14507,1
14508,1
14509,1
14510,1
14511,1
14512,1
14513,1
14514,1
14515,1
14516,1
14517,1
14518,1
14519,1
14520,1
14521,1
14522,1
14523,1
14524,1
14525,1
14526,1
14527,1
14528,1
14529,1
14530,1
14531,1
14532,1
14533,1
14534,1
14535,1
14536,1
14537,1
14538,1
14539,1
14540,1
14541,1
14542,1
14543,1
14544,1
14545,1
14546,1
14547,1
14548,1
14549,1
14550,1
14551,1
14552,1
14553,1
14554,1
14555,1
14556,1
14557,1
14558,1
14559,1
14560,1
14561,1
14562,1
14563,1
14564,1
14565,1
14566,1
14567,1
14568,1
14569,1
14570,1
14571,1
14572,1
14573,1
14574,1
14575,1
14576,1
14577,1
14578,1
14579,1
14580,1
14581,1
14582,1
14583,1
14584,1
14585,1
14586,1
14587,1
14588,1
14589,1
14590,1
14591,1
14592,1
14593,1
14594,1
14595,1
14596,1
14597,1
14598,1
14599,1
14600,1
14601,1
14602,1
14603,1
14604,1
14605,1
14606,1
14607,1
14608,1
14609,1
14610,1
14611,1
14612,1
14613,1
14614,1
14615,1
14616,1
14617,1
14618,1
14619,1
14620,1
14621,1
14622,1
14623,1
14624,1
14625,1
14626,1
14627,1
14628,1
14629,1
14630,1
14631,1
14632,1
14633,1
14634,1
14635,1
14636,1
14637,1
14638,1
14639,1
14640,1
14641,1
14642,1
14643,1
14644,1
14645,1
14646,1
14647,1
14648,1
14649,1
14650,1
14651,1
14652,1
14653,1
14654,1
14655,1
14656,1
14657,1
14658,1
14659,1
14660,1
14661,1
14662,1
14663,1
14664,1
14665,1
14666,1
14667,1
14668,1
14669,1
14670,1
14671,1
14672,1
14673,1
14674,1
14675,1
14676,1
14677,1
14678,1
14679,1
14680,1
14681,1
14682,1
14683,1
14684,1
14685,1
14686,1
14687,1
14688,1
14689,1
14690,1
14691,1
14692,1
14693,1
14694,1
14695,1
14696,1
14697,1
14698,1
14699,1
14700,1
14701,1
14702,1
14703,1
14704,1
14705,1
14706,1
14707,1
14708,1
14709,1
14710,1
14711,1
14712,1
14713,1
14714,1
14715,1
14716,1
14717,1
14718,1
14719,1
14720,1
14721,1
14722,1
14723,1
14724,1
14725,1
14726,1
14727,1
14728,1
14729,1
14730,1
14731,1
14732,1
14733,1
14734,1
14735,1
14736,1
14737,1
14738,1
14739,1
14740,1
14741,1
14742,1
14743,1
14744,1
14745,1
14746,1
14747,1
14748,1
14749,1
14750,1
14751,1
14752,1
14753,1
14754,1
14755,1
14756,1
14757,1
14758,1
14759,1
14760,1
14761,1
14762,1
14763,1
14764,1
14765,1
14766,1
14767,1
14768,1
14769,1
14770,1
14771,1
14772,1
14773,1
14774,1
14775,1
14776,1
14777,1
14778,1
14779,1
14780,1
14781,1
14782,1
14783,1
14784,1
14785,1
14786,1
14787,1
14788,1
14789,1
14790,1
14791,1
14792,1
14793,1
14794,1
14795,1
14796,1
14797,1
14798,1
14799,1
14800,1
14801,1
14802,1
14803,1
14804,1
14805,1
14806,1
14807,1
14808,1
14809,1
14810,1
14811,1
14812,1
14813,1
14814,1
14815,1
14816,1
14817,1
14818,1
14819,1
14820,1
14821,1
14822,1
14823,1
14824,1
14825,1
14826,1
14827,1
14828,1
14829,1
14830,1
14831,1
14832,1
14833,1
14834,1
14835,1
14836,1
14837,1
14838,1
14839,1
14840,1
14841,1
14842,1
14843,1
14844,1
14845,1
14846,1
14847,1
14848,1
14849,1
14850,1
14851,1
14852,1
14853,1
14854,1
14855,1
14856,1
14857,1
14858,1
14859,1
14860,1
14861,1
14862,1
14863,1
14864,1
14865,1
14866,1
14867,1
14868,1
14869,1
14870,1
14871,1
14872,1
14873,1
14874,1
14875,1
14876,1
14877,1
14878,1
14879,1
14880,1
14881,1
14882,1
14883,1
14884,1
14885,1
14886,1
14887,1
14888,1
14889,1
14890,1
14891,1
14892,1
14893,1
14894,1
14895,1
14896,1
14897,1
14898,1
14899,1
14900,1
14901,1
14902,1
14903,1
14904,1
14905,1
14906,1
14907,1
14908,1
14909,1
14910,1
14911,1
14912,1
14913,1
14914,1
14915,1
14916,1
14917,1
14918,1
14919,1
14920,1
14921,1
14922,1
14923,1
14924,1
14925,1
14926,1
14927,1
14928,1
14929,1
14930,1
14931,1
14932,1
14933,1
14934,1
14935,1
14936,1
14937,1
14938,1
14939,1
14940,1
14941,1
14942,1
14943,1
14944,1
14945,1
14946,1
14947,1
14948,1
14949,1
14950,1
14951,1
14952,1
14953,1
14954,1
14955,1
14956,1
14957,1
14958,1
14959,1
14960,1
14961,1
14962,1
14963,1
14964,1
14965,1
14966,1
14967,1
14968,1
14969,1
14970,1
14971,1
14972,1
14973,1
14974,1
14975,1
14976,1
14977,1
14978,1
14979,1
14980,1
14981,1
14982,1
14983,1
14984,1
14985,1
14986,1
14987,1
14988,1
14989,1
14990,1
14991,1
14992,1
14993,1
14994,1
14995,1
14996,1
14997,1
14998,1
14999,1
15000,1
15001,1
15002,1
15003,1
15004,1
15005,1
15006,1
15007,1
15008,1
15009,1
15010,1
15011,1
15012,1
15013,1
15014,1
15015,1
15016,1
15017,1
15018,1
15019,1
15020,1
15021,1
15022,1
15023,1
15024,1
15025,1
15026,1
15027,1
15028,1
15029,1
15030,1
15031,1
15032,1
15033,1
15034,1
15035,1
15036,1
15037,1
15038,1
15039,1
15040,1
15041,1
15042,1
15043,1
15044,1
15045,1
15046,1
15047,1
15048,1
15049,1
15050,1
15051,1
15052,1
15053,1
15054,1
15055,1
15056,1
15057,1
15058,1
15059,1
15060,1
15061,1
15062,1
15063,1
15064,1
15065,1
15066,1
15067,1
15068,1
15069,1
15070,1
15071,1
15072,1
15073,1
15074,1
15075,1
15076,1
15077,1
15078,1
15079,1
15080,1
15081,1
15082,1
15083,1
15084,1
15085,1
15086,1
15087,1
15088,1
15089,1
15090,1
15091,1
15092,1
15093,1
15094,1
15095,1
15096,1
15097,1
15098,1
15099,1
15100,1
15101,1
15102,1
15103,1
15104,1
15105,1
15106,1
15107,1
15108,1
15109,1
15110,1
15111,1
15112,1
15113,1
15114,1
15115,1
15116,1
15117,1
15118,1
15119,1
15120,1
15121,1
15122,1
15123,1
15124,1
15125,1
15126,1
15127,1
15128,1
15129,1
15130,1
15131,1
15132,1
15133,1
15134,1
15135,1
15136,1
15137,1
15138,1
15139,1
15140,1
15141,1
15142,1
15143,1
15144,1
15145,1
15146,1
15147,1
15148,1
15149,1
15150,1
15151,1
15152,1
15153,1
15154,1
15155,1
15156,1
15157,1
15158,1
15159,1
15160,1
15161,1
15162,1
15163,1
15164,1
15165,1
15166,1
15167,1
15168,1
15169,1
15170,1
15171,1
15172,1
15173,1
15174,1
15175,1
15176,1
15177,1
15178,1
15179,1
15180,1
15181,1
15182,1
15183,1
15184,1
15185,1
15186,1
15187,1
15188,1
15189,1
15190,1
15191,1
15192,1
15193,1
15194,1
15195,1
15196,1
15197,1
15198,1
15199,1
15200,1
15201,1
15202,1
15203,1
15204,1
15205,1
15206,1
15207,1
15208,1
15209,1
15210,1
15211,1
15212,1
15213,1
15214,1
15215,1
15216,1
15217,1
15218,1
15219,1
15220,1
15221,1
15222,1
15223,1
15224,1
15225,1
15226,1
15227,1
15228,1
15229,1
15230,1
15231,1
15232,1
15233,1
15234,1
15235,1
15236,1
15237,1
15238,1
15239,1
15240,1
15241,1
15242,1
15243,1
15244,1
15245,1
15246,1
15247,1
15248,1
15249,1
15250,1
15251,1
15252,1
15253,1
15254,1
15255,1
15256,1
15257,1
15258,1
15259,1
15260,1
15261,1
15262,1
15263,1
15264,1
15265,1
15266,1
15267,1
15268,1
15269,1
15270,1
15271,1
15272,1
15273,1
15274,1
15275,1
15276,1
15277,1
15278,1
15279,1
15280,1
15281,1
15282,1
15283,1
15284,1
15285,1
15286,1
15287,1
15288,1
15289,1
15290,1
15291,1
15292,1
15293,1
15294,1
15295,1
15296,1
15297,1
15298,1
15299,1
15300,1
15301,1
15302,1
15303,1
15304,1
15305,1
15306,1
15307,1
15308,1
15309,1
15310,1
15311,1
15312,1
15313,1
15314,1
15315,1
15316,1
15317,1
15318,1
15319,1
15320,1
15321,1
15322,1
15323,1
15324,1
15325,1
15326,1
15327,1
15328,1
15329,1
15330,1
15331,1
15332,1
15333,1
15334,1
15335,1
15336,1
15337,1
15338,1
15339,1
15340,1
15341,1
15342,1
15343,1
15344,1
15345,1
15346,1
15347,1
15348,1
15349,1
15350,1
15351,1
15352,1
15353,1
15354,1
15355,1
15356,1
15357,1
15358,1
15359,1
15360,1
15361,1
15362,1
15363,1
15364,1
15365,1
15366,1
15367,1
15368,1
15369,1
15370,1
15371,1
15372,1
15373,1
15374,1
15375,1
15376,1
15377,1
15378,1
15379,1
15380,1
15381,1
15382,1
15383,1
15384,1
15385,1
15386,1
15387,1
15388,1
15389,1
15390,1
15391,1
15392,1
15393,1
15394,1
15395,1
15396,1
15397,1
15398,1
15399,1
15400,1
15401,1
15402,1
15403,1
15404,1
15405,1
15406,1
15407,1
15408,1
15409,1
15410,1
15411,1
15412,1
15413,1
15414,1
15415,1
15416,1
15417,1
15418,1
15419,1
15420,1
15421,1
15422,1
15423,1
15424,1
15425,1
15426,1
15427,1
15428,1
15429,1
15430,1
15431,1
15432,1
15433,1
15434,1
15435,1
15436,1
15437,1
15438,1
15439,1
15440,1
15441,1
15442,1
15443,1
15444,1
15445,1
15446,1
15447,1
15448,1
15449,1
15450,1
15451,1
15452,1
15453,1
15454,1
15455,1
15456,1
15457,1
15458,1
15459,1
15460,1
15461,1
15462,1
15463,1
15464,1
15465,1
15466,1
15467,1
15468,1
15469,1
15470,1
15471,1
15472,1
15473,1
15474,1
15475,1
15476,1
15477,1
15478,1
15479,1
15480,1
15481,1
15482,1
15483,1
15484,1
15485,1
15486,1
15487,1
15488,1
15489,1
15490,1
15491,1
15492,1
15493,1
15494,1
15495,1
15496,1
15497,1
15498,1
15499,1
15500,1
15501,1
15502,1
15503,1
15504,1
15505,1
15506,1
15507,1
15508,1
15509,1
15510,1
15511,1
15512,1
15513,1
15514,1
15515,1
15516,1
15517,1
15518,1
15519,1
15520,1
15521,1
15522,1
15523,1
15524,1
15525,1
15526,1
15527,1
15528,1
15529,1
15530,1
15531,1
15532,1
15533,1
15534,1
15535,1
15536,1
15537,1
15538,1
15539,1
15540,1
15541,1
15542,1
15543,1
15544,1
15545,1
15546,1
15547,1
15548,1
15549,1
15550,1
15551,1
15552,1
15553,1
15554,1
15555,1
15556,1
15557,1
15558,1
15559,1
15560,1
15561,1
15562,1
15563,1
15564,1
15565,1
15566,1
15567,1
15568,1
15569,1
15570,1
15571,1
15572,1
15573,1
15574,1
15575,1
15576,1
15577,1
15578,1
15579,1
15580,1
15581,1
15582,1
15583,1
15584,1
15585,1
15586,1
15587,1
15588,1
15589,1
15590,1
15591,1
15592,1
15593,1
15594,1
15595,1
15596,1
15597,1
15598,1
15599,1
15600,1
15601,1
15602,1
15603,1
15604,1
15605,1
15606,1
15607,1
15608,1
15609,1
15610,1
15611,1
15612,1
15613,1
15614,1
15615,1
15616,1
15617,1
15618,1
15619,1
15620,1
15621,1
15622,1
15623,1
15624,1
15625,1
15626,1
15627,1
15628,1
15629,1
15630,1
15631,1
15632,1
15633,1
15634,1
15635,1
15636,1
15637,1
15638,1
15639,1
15640,1
15641,1
15642,1
15643,1
15644,1
15645,1
15646,1
15647,1
15648,1
15649,1
15650,1
15651,1
15652,1
15653,1
15654,1
15655,1
15656,1
15657,1
15658,1
15659,1
15660,1
15661,1
15662,1
15663,1
15664,1
15665,1
15666,1
15667,1
15668,1
15669,1
15670,1
15671,1
15672,1
15673,1
15674,1
15675,1
15676,1
15677,1
15678,1
15679,1
15680,1
15681,1
15682,1
15683,1
15684,1
15685,1
15686,1
15687,1
15688,1
15689,1
15690,1
15691,1
15692,1
15693,1
15694,1
15695,1
15696,1
15697,1
15698,1
15699,1
15700,1
15701,1
15702,1
15703,1
15704,1
15705,1
15706,1
15707,1
15708,1
15709,1
15710,1
15711,1
15712,1
15713,1
15714,1
15715,1
15716,1
15717,1
15718,1
15719,1
15720,1
15721,1
15722,1
15723,1
15724,1
15725,1
15726,1
15727,1
15728,1
15729,1
15730,1
15731,1
15732,1
15733,1
15734,1
15735,1
15736,1
15737,1
15738,1
15739,1
15740,1
15741,1
15742,1
15743,1
15744,1
15745,1
15746,1
15747,1
15748,1
15749,1
15750,1
15751,1
15752,1
15753,1
15754,1
15755,1
15756,1
15757,1
15758,1
15759,1
15760,1
15761,1
15762,1
15763,1
15764,1
15765,1
15766,1
15767,1
15768,1
15769,1
15770,1
15771,1
15772,1
15773,1
15774,1
15775,1
15776,1
15777,1
15778,1
15779,1
15780,1
15781,1
15782,1
15783,1
15784,1
15785,1
15786,1
15787,1
15788,1
15789,1
15790,1
15791,1
15792,1
15793,1
15794,1
15795,1
15796,1
15797,1
15798,1
15799,1
15800,1
15801,1
15802,1
15803,1
15804,1
15805,1
15806,1
15807,1
15808,1
15809,1
15810,1
15811,1
15812,1
15813,1
15814,1
15815,1
15816,1
15817,1
15818,1
15819,1
15820,1
15821,1
15822,1
15823,1
15824,1
15825,1
15826,1
15827,1
15828,1
15829,1
15830,1
15831,1
15832,1
15833,1
15834,1
15835,1
15836,1
15837,1
15838,1
15839,1
15840,1
15841,1
15842,1
15843,1
15844,1
15845,1
15846,1
15847,1
15848,1
15849,1
15850,1
15851,1
15852,1
15853,1
15854,1
15855,1
15856,1
15857,1
15858,1
15859,1
15860,1
15861,1
15862,1
15863,1
15864,1
15865,1
15866,1
15867,1
15868,1
15869,1
15870,1
15871,1
15872,1
15873,1
15874,1
15875,1
15876,1
15877,1
15878,1
15879,1
15880,1
15881,1
15882,1
15883,1
15884,1
15885,1
15886,1
15887,1
15888,1
15889,1
15890,1
15891,1
15892,1
15893,1
15894,1
15895,1
15896,1
15897,1
15898,1
15899,1
15900,1
15901,1
15902,1
15903,1
15904,1
15905,1
15906,1
15907,1
15908,1
15909,1
15910,1
15911,1
15912,1
15913,1
15914,1
15915,1
15916,1
15917,1
15918,1
15919,1
15920,1
15921,1
15922,1
15923,1
15924,1
15925,1
15926,1
15927,1
15928,1
15929,1
15930,1
15931,1
15932,1
15933,1
15934,1
15935,1
15936,1
15937,1
15938,1
15939,1
15940,1
15941,1
15942,1
15943,1
15944,1
15945,1
15946,1
15947,1
15948,1
15949,1
15950,1
15951,1
15952,1
15953,1
15954,1
15955,1
15956,1
15957,1
15958,1
15959,1
15960,1
15961,1
15962,1
15963,1
15964,1
15965,1
15966,1
15967,1
15968,1
15969,1
15970,1
15971,1
15972,1
15973,1
15974,1
15975,1
15976,1
15977,1
15978,1
15979,1
15980,1
15981,1
15982,1
15983,1
15984,1
15985,1
15986,1
15987,1
15988,1
15989,1
15990,1
15991,1
15992,1
15993,1
15994,1
15995,1
15996,1
15997,1
15998,1
15999,1
16000,1
16001,1
16002,1
16003,1
16004,1
16005,1
16006,1
16007,1
16008,1
16009,1
16010,1
16011,1
16012,1
16013,1
16014,1
16015,1
16016,1
16017,1
16018,1
16019,1
16020,1
16021,1
16022,1
16023,1
16024,1
16025,1
16026,1
16027,1
16028,1
16029,1
16030,1
16031,1
16032,1
16033,1
16034,1
16035,1
16036,1
16037,1
16038,1
16039,1
16040,1
16041,1
16042,1
16043,1
16044,1
16045,1
16046,1
16047,1
16048,1
16049,1
16050,1
16051,1
16052,1
16053,1
16054,1
16055,1
16056,1
16057,1
16058,1
16059,1
16060,1
16061,1
16062,1
16063,1
16064,1
16065,1
16066,1
16067,1
16068,1
16069,1
16070,1
16071,1
16072,1
16073,1
16074,1
16075,1
16076,1
16077,1
16078,1
16079,1
16080,1
16081,1
16082,1
16083,1
16084,1
16085,1
16086,1
16087,1
16088,1
16089,1
16090,1
16091,1
16092,1
16093,1
16094,1
16095,1
16096,1
16097,1
16098,1
16099,1
16100,1
16101,1
16102,1
16103,1
16104,1
16105,1
16106,1
16107,1
16108,1
16109,1
16110,1
16111,1
16112,1
16113,1
16114,1
16115,1
16116,1
16117,1
16118,1
16119,1
16120,1
16121,1
16122,1
16123,1
16124,1
16125,1
16126,1
16127,1
16128,1
16129,1
16130,1
16131,1
16132,1
16133,1
16134,1
16135,1
16136,1
16137,1
16138,1
16139,1
16140,1
16141,1
16142,1
16143,1
16144,1
16145,1
16146,1
16147,1
16148,1
16149,1
16150,1
16151,1
16152,1
16153,1
16154,1
16155,1
16156,1
16157,1
16158,1
16159,1
16160,1
16161,1
16162,1
16163,1
16164,1
16165,1
16166,1
16167,1
16168,1
16169,1
16170,1
16171,1
16172,1
16173,1
16174,1
16175,1
16176,1
16177,1
16178,1
16179,1
16180,1
16181,1
16182,1
16183,1
16184,1
16185,1
16186,1
16187,1
16188,1
16189,1
16190,1
16191,1
16192,1
16193,1
16194,1
16195,1
16196,1
16197,1
16198,1
16199,1
16200,1
16201,1
16202,1
16203,1
16204,1
16205,1
16206,1
16207,1
16208,1
16209,1
16210,1
16211,1
16212,1
16213,1
16214,1
16215,1
16216,1
16217,1
16218,1
16219,1
16220,1
16221,1
16222,1
16223,1
16224,1
16225,1
16226,1
16227,1
16228,1
16229,1
16230,1
16231,1
16232,1
16233,1
16234,1
16235,1
16236,1
16237,1
16238,1
16239,1
16240,1
16241,1
16242,1
16243,1
16244,1
16245,1
16246,1
16247,1
16248,1
16249,1
16250,1
16251,1
16252,1
16253,1
16254,1
16255,1
16256,1
16257,1
16258,1
16259,1
16260,1
16261,1
16262,1
16263,1
16264,1
16265,1
16266,1
16267,1
16268,1
16269,1
16270,1
16271,1
16272,1
16273,1
16274,1
16275,1
16276,1
16277,1
16278,1
16279,1
16280,1
16281,1
16282,1
16283,1
16284,1
16285,1
16286,1
16287,1
16288,1
16289,1
16290,1
16291,1
16292,1
16293,1
16294,1
16295,1
16296,1
16297,1
16298,1
16299,1
16300,1
16301,1
16302,1
16303,1
16304,1
16305,1
16306,1
16307,1
16308,1
16309,1
16310,1
16311,1
16312,1
16313,1
16314,1
16315,1
16316,1
16317,1
16318,1
16319,1
16320,1
16321,1
16322,1
16323,1
16324,1
16325,1
16326,1
16327,1
16328,1
16329,1
16330,1
16331,1
16332,1
16333,1
16334,1
16335,1
16336,1
16337,1
16338,1
16339,1
16340,1
16341,1
16342,1
16343,1
16344,1
16345,1
16346,1
16347,1
16348,1
16349,1
16350,1
16351,1
16352,1
16353,1
16354,1
16355,1
16356,1
16357,1
16358,1
16359,1
16360,1
16361,1
16362,1
16363,1
16364,1
16365,1
16366,1
16367,1
16368,1
16369,1
16370,1
16371,1
16372,1
16373,1
16374,1
16375,1
16376,1
16377,1
16378,1
16379,1
16380,1
16381,1
16382,1
16383,1
16384,1
16385,1
16386,1
16387,1
16388,1
16389,1
16390,1
16391,1
16392,1
16393,1
16394,1
16395,1
16396,1
16397,1
16398,1
16399,1
16400,1
16401,1
16402,1
16403,1
16404,1
16405,1
16406,1
16407,1
16408,1
16409,1
16410,1
16411,1
16412,1
16413,1
16414,1
16415,1
16416,1
16417,1
16418,1
16419,1
16420,1
16421,1
16422,1
16423,1
16424,1
16425,1
16426,1
16427,1
16428,1
16429,1
16430,1
16431,1
16432,1
16433,1
16434,1
16435,1
16436,1
16437,1
16438,1
16439,1
16440,1
16441,1
16442,1
16443,1
16444,1
16445,1
16446,1
16447,1
16448,1
16449,1
16450,1
16451,1
16452,1
16453,1
16454,1
16455,1
16456,1
16457,1
16458,1
16459,1
16460,1
16461,1
16462,1
16463,1
16464,1
16465,1
16466,1
16467,1
16468,1
16469,1
16470,1
16471,1
16472,1
16473,1
16474,1
16475,1
16476,1
16477,1
16478,1
16479,1
16480,1
16481,1
16482,1
16483,1
16484,1
16485,1
16486,1
16487,1
16488,1
16489,1
16490,1
16491,1
16492,1
16493,1
16494,1
16495,1
16496,1
16497,1
16498,1
16499,1
16500,1
16501,1
16502,1
16503,1
16504,1
16505,1
16506,1
16507,1
16508,1
16509,1
16510,1
16511,1
16512,1
16513,1
16514,1
16515,1
16516,1
16517,1
16518,1
16519,1
16520,1
16521,1
16522,1
16523,1
16524,1
16525,1
16526,1
16527,1
16528,1
16529,1
16530,1
16531,1
16532,1
16533,1
16534,1
16535,1
16536,1
16537,1
16538,1
16539,1
16540,1
16541,1
16542,1
16543,1
16544,1
16545,1
16546,1
16547,1
16548,1
16549,1
16550,1
16551,1
16552,1
16553,1
16554,1
16555,1
16556,1
16557,1
16558,1
16559,1
16560,1
16561,1
16562,1
16563,1
16564,1
16565,1
16566,1
16567,1
16568,1
16569,1
16570,1
16571,1
16572,1
16573,1
16574,1
16575,1
16576,1
16577,1
16578,1
16579,1
16580,1
16581,1
16582,1
16583,1
16584,1
16585,1
16586,1
16587,1
16588,1
16589,1
16590,1
16591,1
16592,1
16593,1
16594,1
16595,1
16596,1
16597,1
16598,1
16599,1
16600,1
16601,1
16602,1
16603,1
16604,1
16605,1
16606,1
16607,1
16608,1
16609,1
16610,1
16611,1
16612,1
16613,1
16614,1
16615,1
16616,1
16617,1
16618,1
16619,1
16620,1
16621,1
16622,1
16623,1
16624,1
16625,1
16626,1
16627,1
16628,1
16629,1
16630,1
16631,1
16632,1
16633,1
16634,1
16635,1
16636,1
16637,1
16638,1
16639,1
16640,1
16641,1
16642,1
16643,1
16644,1
16645,1
16646,1
16647,1
16648,1
16649,1
16650,1
16651,1
16652,1
16653,1
16654,1
16655,1
16656,1
16657,1
16658,1
16659,1
16660,1
16661,1
16662,1
16663,1
16664,1
16665,1
16666,1
16667,1
16668,1
16669,1
16670,1
16671,1
16672,1
16673,1
16674,1
16675,1
16676,1
16677,1
16678,1
16679,1
16680,1
16681,1
16682,1
16683,1
16684,1
16685,1
16686,1
16687,1
16688,1
16689,1
16690,1
16691,1
16692,1
16693,1
16694,1
16695,1
16696,1
16697,1
16698,1
16699,1
16700,1
16701,1
16702,1
16703,1
16704,1
16705,1
16706,1
16707,1
16708,1
16709,1
16710,1
16711,1
16712,1
16713,1
16714,1
16715,1
16716,1
16717,1
16718,1
16719,1
16720,1
16721,1
16722,1
16723,1
16724,1
16725,1
16726,1
16727,1
16728,1
16729,1
16730,1
16731,1
16732,1
16733,1
16734,1
16735,1
16736,1
16737,1
16738,1
16739,1
16740,1
16741,1
16742,1
16743,1
16744,1
16745,1
16746,1
16747,1
16748,1
16749,1
16750,1
16751,1
16752,1
16753,1
16754,1
16755,1
16756,1
16757,1
16758,1
16759,1
16760,1
16761,1
16762,1
16763,1
16764,1
16765,1
16766,1
16767,1
16768,1
16769,1
16770,1
16771,1
16772,1
16773,1
16774,1
16775,1
16776,1
16777,1
16778,1
16779,1
16780,1
16781,1
16782,1
16783,1
16784,1
16785,1
16786,1
16787,1
16788,1
16789,1
16790,1
16791,1
16792,1
16793,1
16794,1
16795,1
16796,1
16797,1
16798,1
16799,1
16800,1
16801,1
16802,1
16803,1
16804,1
16805,1
16806,1
16807,1
16808,1
16809,1
16810,1
16811,1
16812,1
16813,1
16814,1
16815,1
16816,1
16817,1
16818,1
16819,1
16820,1
16821,1
16822,1
16823,1
16824,1
16825,1
16826,1
16827,1
16828,1
16829,1
16830,1
16831,1
16832,1
16833,1
16834,1
16835,1
16836,1
16837,1
16838,1
16839,1
16840,1
16841,1
16842,1
16843,1
16844,1
16845,1
16846,1
16847,1
16848,1
16849,1
16850,1
16851,1
16852,1
16853,1
16854,1
16855,1
16856,1
16857,1
16858,1
16859,1
16860,1
16861,1
16862,1
16863,1
16864,1
16865,1
16866,1
16867,1
16868,1
16869,1
16870,1
16871,1
16872,1
16873,1
16874,1
16875,1
16876,1
16877,1
16878,1
16879,1
16880,1
16881,1
16882,1
16883,1
16884,1
16885,1
16886,1
16887,1
16888,1
16889,1
16890,1
16891,1
16892,1
16893,1
16894,1
16895,1
16896,1
16897,1
16898,1
16899,1
16900,1
16901,1
16902,1
16903,1
16904,1
16905,1
16906,1
16907,1
16908,1
16909,1
16910,1
16911,1
16912,1
16913,1
16914,1
16915,1
16916,1
16917,1
16918,1
16919,1
16920,1
16921,1
16922,1
16923,1
16924,1
16925,1
16926,1
16927,1
16928,1
16929,1
16930,1
16931,1
16932,1
16933,1
16934,1
16935,1
16936,1
16937,1
16938,1
16939,1
16940,1
16941,1
16942,1
16943,1
16944,1
16945,1
16946,1
16947,1
16948,1
16949,1
16950,1
16951,1
16952,1
16953,1
16954,1
16955,1
16956,1
16957,1
16958,1
16959,1
16960,1
16961,1
16962,1
16963,1
16964,1
16965,1
16966,1
16967,1
16968,1
16969,1
16970,1
16971,1
16972,1
16973,1
16974,1
16975,1
16976,1
16977,1
16978,1
16979,1
16980,1
16981,1
16982,1
16983,1
16984,1
16985,1
16986,1
16987,1
16988,1
16989,1
16990,1
16991,1
16992,1
16993,1
16994,1
16995,1
16996,1
16997,1
16998,1
16999,1
17000,1
17001,1
17002,1
17003,1
17004,1
17005,1
17006,1
17007,1
17008,1
17009,1
17010,1
17011,1
17012,1
17013,1
17014,1
17015,1
17016,1
17017,1
17018,1
17019,1
17020,1
17021,1
17022,1
17023,1
17024,1
17025,1
17026,1
17027,1
17028,1
17029,1
17030,1
17031,1
17032,1
17033,1
17034,1
17035,1
17036,1
17037,1
17038,1
17039,1
17040,1
17041,1
17042,1
17043,1
17044,1
17045,1
17046,1
17047,1
17048,1
17049,1
17050,1
17051,1
17052,1
17053,1
17054,1
17055,1
17056,1
17057,1
17058,1
17059,1
17060,1
17061,1
17062,1
17063,1
17064,1
17065,1
17066,1
17067,1
17068,1
17069,1
17070,1
17071,1
17072,1
17073,1
17074,1
17075,1
17076,1
17077,1
17078,1
17079,1
17080,1
17081,1
17082,1
17083,1
17084,1
17085,1
17086,1
17087,1
17088,1
17089,1
17090,1
17091,1
17092,1
17093,1
17094,1
17095,1
17096,1
17097,1
17098,1
17099,1
17100,1
17101,1
17102,1
17103,1
17104,1
17105,1
17106,1
17107,1
17108,1
17109,1
17110,1
17111,1
17112,1
17113,1
17114,1
17115,1
17116,1
17117,1
17118,1
17119,1
17120,1
17121,1
17122,1
17123,1
17124,1
17125,1
17126,1
17127,1
17128,1
17129,1
17130,1
17131,1
17132,1
17133,1
17134,1
17135,1
17136,1
17137,1
17138,1
17139,1
17140,1
17141,1
17142,1
17143,1
17144,1
17145,1
17146,1
17147,1
17148,1
17149,1
17150,1
17151,1
17152,1
17153,1
17154,1
17155,1
17156,1
17157,1
17158,1
17159,1
17160,1
17161,1
17162,1
17163,1
17164,1
17165,1
17166,1
17167,1
17168,1
17169,1
17170,1
17171,1
17172,1
17173,1
17174,1
17175,1
17176,1
17177,1
17178,1
17179,1
17180,1
17181,1
17182,1
17183,1
17184,1
17185,1
17186,1
17187,1
17188,1
17189,1
17190,1
17191,1
17192,1
17193,1
17194,1
17195,1
17196,1
17197,1
17198,1
17199,1
17200,1
17201,1
17202,1
17203,1
17204,1
17205,1
17206,1
17207,1
17208,1
17209,1
17210,1
17211,1
17212,1
17213,1
17214,1
17215,1
17216,1
17217,1
17218,1
17219,1
17220,1
17221,1
17222,1
17223,1
17224,1
17225,1
17226,1
17227,1
17228,1
17229,1
17230,1
17231,1
17232,1
17233,1
17234,1
17235,1
17236,1
17237,1
17238,1
17239,1
17240,1
17241,1
17242,1
17243,1
17244,1
17245,1
17246,1
17247,1
17248,1
17249,1
17250,1
17251,1
17252,1
17253,1
17254,1
17255,1
17256,1
17257,1
17258,1
17259,1
17260,1
17261,1
17262,1
17263,1
17264,1
17265,1
17266,1
17267,1
17268,1
17269,1
17270,1
17271,1
17272,1
17273,1
17274,1
17275,1
17276,1
17277,1
17278,1
17279,1
17280,1
17281,1
17282,1
17283,1
17284,1
17285,1
17286,1
17287,1
17288,1
17289,1
17290,1
17291,1
17292,1
17293,1
17294,1
17295,1
17296,1
17297,1
17298,1
17299,1
17300,1
17301,1
17302,1
17303,1
17304,1
17305,1
17306,1
17307,1
17308,1
17309,1
17310,1
17311,1
17312,1
17313,1
17314,1
17315,1
17316,1
17317,1
17318,1
17319,1
17320,1
17321,1
17322,1
17323,1
17324,1
17325,1
17326,1
17327,1
17328,1
17329,1
17330,1
17331,1
17332,1
17333,1
17334,1
17335,1
17336,1
17337,1
17338,1
17339,1
17340,1
17341,1
17342,1
17343,1
17344,1
17345,1
17346,1
17347,1
17348,1
17349,1
17350,1
17351,1
17352,1
17353,1
17354,1
17355,1
17356,1
17357,1
17358,1
17359,1
17360,1
17361,1
17362,1
17363,1
17364,1
17365,1
17366,1
17367,1
17368,1
17369,1
17370,1
17371,1
17372,1
17373,1
17374,1
17375,1
17376,1
17377,1
17378,1
17379,1
17380,1
17381,1
17382,1
17383,1
17384,1
17385,1
17386,1
17387,1
17388,1
17389,1
17390,1
17391,1
17392,1
17393,1
17394,1
17395,1
17396,1
17397,1
17398,1
17399,1
17400,1
17401,1
17402,1
17403,1
17404,1
17405,1
17406,1
17407,1
17408,1
17409,1
17410,1
17411,1
17412,1
17413,1
17414,1
17415,1
17416,1
17417,1
17418,1
17419,1
17420,1
17421,1
17422,1
17423,1
17424,1
17425,1
17426,1
17427,1
17428,1
17429,1
17430,1
17431,1
17432,1
17433,1
17434,1
17435,1
17436,1
17437,1
17438,1
17439,1
17440,1
17441,1
17442,1
17443,1
17444,1
17445,1
17446,1
17447,1
17448,1
17449,1
17450,1
17451,1
17452,1
17453,1
17454,1
17455,1
17456,1
17457,1
17458,1
17459,1
17460,1
17461,1
17462,1
17463,1
17464,1
17465,1
17466,1
17467,1
17468,1
17469,1
17470,1
17471,1
17472,1
17473,1
17474,1
17475,1
17476,1
17477,1
17478,1
17479,1
17480,1
17481,1
17482,1
17483,1
17484,1
17485,1
17486,1
17487,1
17488,1
17489,1
17490,1
17491,1
17492,1
17493,1
17494,1
17495,1
17496,1
17497,1
17498,1
17499,1
17500,1
17501,1
17502,1
17503,1
17504,1
17505,1
17506,1
17507,1
17508,1
17509,1
17510,1
17511,1
17512,1
17513,1
17514,1
17515,1
17516,1
17517,1
17518,1
17519,1
17520,1
17521,1
17522,1
17523,1
17524,1
17525,1
17526,1
17527,1
17528,1
17529,1
17530,1
17531,1
17532,1
17533,1
17534,1
17535,1
17536,1
17537,1
17538,1
17539,1
17540,1
17541,1
17542,1
17543,1
17544,1
17545,1
17546,1
17547,1
17548,1
17549,1
17550,1
17551,1
17552,1
17553,1
17554,1
17555,1
17556,1
17557,1
17558,1
17559,1
17560,1
17561,1
17562,1
17563,1
17564,1
17565,1
17566,1
17567,1
17568,1
17569,1
17570,1
17571,1
17572,1
17573,1
17574,1
17575,1
17576,1
17577,1
17578,1
17579,1
17580,1
17581,1
17582,1
17583,1
17584,1
17585,1
17586,1
17587,1
17588,1
17589,1
17590,1
17591,1
17592,1
17593,1
17594,1
17595,1
17596,1
17597,1
17598,1
17599,1
17600,1
17601,1
17602,1
17603,1
17604,1
17605,1
17606,1
17607,1
17608,1
17609,1
17610,1
17611,1
17612,1
17613,1
17614,1
17615,1
17616,1
17617,1
17618,1
17619,1
17620,1
17621,1
17622,1
17623,1
17624,1
17625,1
17626,1
17627,1
17628,1
17629,1
17630,1
17631,1
17632,1
17633,1
17634,1
17635,1
17636,1
17637,1
17638,1
17639,1
17640,1
17641,1
17642,1
17643,1
17644,1
17645,1
17646,1
17647,1
17648,1
17649,1
17650,1
17651,1
17652,1
17653,1
17654,1
17655,1
17656,1
17657,1
17658,1
17659,1
17660,1
17661,1
17662,1
17663,1
17664,1
17665,1
17666,1
17667,1
17668,1
17669,1
17670,1
17671,1
17672,1
17673,1
17674,1
17675,1
17676,1
17677,1
17678,1
17679,1
17680,1
17681,1
17682,1
17683,1
17684,1
17685,1
17686,1
17687,1
17688,1
17689,1
17690,1
17691,1
17692,1
17693,1
17694,1
17695,1
17696,1
17697,1
17698,1
17699,1
17700,1
17701,1
17702,1
17703,1
17704,1
17705,1
17706,1
17707,1
17708,1
17709,1
17710,1
17711,1
17712,1
17713,1
17714,1
17715,1
17716,1
17717,1
17718,1
17719,1
17720,1
17721,1
17722,1
17723,1
17724,1
17725,1
17726,1
17727,1
17728,1
17729,1
17730,1
17731,1
17732,1
17733,1
17734,1
17735,1
17736,1
17737,1
17738,1
17739,1
17740,1
17741,1
17742,1
17743,1
17744,1
17745,1
17746,1
17747,1
17748,1
17749,1
17750,1
17751,1
17752,1
17753,1
17754,1
17755,1
17756,1
17757,1
17758,1
17759,1
17760,1
17761,1
17762,1
17763,1
17764,1
17765,1
17766,1
17767,1
17768,1
17769,1
17770,1
17771,1
17772,1
17773,1
17774,1
17775,1
17776,1
17777,1
17778,1
17779,1
17780,1
17781,1
17782,1
17783,1
17784,1
17785,1
17786,1
17787,1
17788,1
17789,1
17790,1
17791,1
17792,1
17793,1
17794,1
17795,1
17796,1
17797,1
17798,1
17799,1
17800,1
17801,1
17802,1
17803,1
17804,1
17805,1
17806,1
17807,1
17808,1
17809,1
17810,1
17811,1
17812,1
17813,1
17814,1
17815,1
17816,1
17817,1
17818,1
17819,1
17820,1
17821,1
17822,1
17823,1
17824,1
17825,1
17826,1
17827,1
17828,1
17829,1
17830,1
17831,1
17832,1
17833,1
17834,1
17835,1
17836,1
17837,1
17838,1
17839,1
17840,1
17841,1
17842,1
17843,1
17844,1
17845,1
17846,1
17847,1
17848,1
17849,1
17850,1
17851,1
17852,1
17853,1
17854,1
17855,1
17856,1
17857,1
17858,1
17859,1
17860,1
17861,1
17862,1
17863,1
17864,1
17865,1
17866,1
17867,1
17868,1
17869,1
17870,1
17871,1
17872,1
17873,1
17874,1
17875,1
17876,1
17877,1
17878,1
17879,1
17880,1
17881,1
17882,1
17883,1
17884,1
17885,1
17886,1
17887,1
17888,1
17889,1
17890,1
17891,1
17892,1
17893,1
17894,1
17895,1
17896,1
17897,1
17898,1
17899,1
17900,1
17901,1
17902,1
17903,1
17904,1
17905,1
17906,1
17907,1
17908,1
17909,1
17910,1
17911,1
17912,1
17913,1
17914,1
17915,1
17916,1
17917,1
17918,1
17919,1
17920,1
17921,1
17922,1
17923,1
17924,1
17925,1
17926,1
17927,1
17928,1
17929,1
17930,1
17931,1
17932,1
17933,1
17934,1
17935,1
17936,1
17937,1
17938,1
17939,1
17940,1
17941,1
17942,1
17943,1
17944,1
17945,1
17946,1
17947,1
17948,1
17949,1
17950,1
17951,1
17952,1
17953,1
17954,1
17955,1
17956,1
17957,1
17958,1
17959,1
17960,1
17961,1
17962,1
17963,1
17964,1
17965,1
17966,1
17967,1
17968,1
17969,1
17970,1
17971,1
17972,1
17973,1
17974,1
17975,1
17976,1
17977,1
17978,1
17979,1
17980,1
17981,1
17982,1
17983,1
17984,1
17985,1
17986,1
17987,1
17988,1
17989,1
17990,1
17991,1
17992,1
17993,1
17994,1
17995,1
17996,1
17997,1
17998,1
17999,1
18000,1
18001,1
18002,1
18003,1
18004,1
18005,1
18006,1
18007,1
18008,1
18009,1
18010,1
18011,1
18012,1
18013,1
18014,1
18015,1
18016,1
18017,1
18018,1
18019,1
18020,1
18021,1
18022,1
18023,1
18024,1
18025,1
18026,1
18027,1
18028,1
18029,1
18030,1
18031,1
18032,1
18033,1
18034,1
18035,1
18036,1
18037,1
18038,1
18039,1
18040,1
18041,1
18042,1
18043,1
18044,1
18045,1
18046,1
18047,1
18048,1
18049,1
18050,1
18051,1
18052,1
18053,1
18054,1
18055,1
18056,1
18057,1
18058,1
18059,1
18060,1
18061,1
18062,1
18063,1
18064,1
18065,1
18066,1
18067,1
18068,1
18069,1
18070,1
18071,1
18072,1
18073,1
18074,1
18075,1
18076,1
18077,1
18078,1
18079,1
18080,1
18081,1
18082,1
18083,1
18084,1
18085,1
18086,1
18087,1
18088,1
18089,1
18090,1
18091,1
18092,1
18093,1
18094,1
18095,1
18096,1
18097,1
18098,1
18099,1
18100,1
18101,1
18102,1
18103,1
18104,1
18105,1
18106,1
18107,1
18108,1
18109,1
18110,1
18111,1
18112,1
18113,1
18114,1
18115,1
18116,1
18117,1
18118,1
18119,1
18120,1
18121,1
18122,1
18123,1
18124,1
18125,1
18126,1
18127,1
18128,1
18129,1
18130,1
18131,1
18132,1
18133,1
18134,1
18135,1
18136,1
18137,1
18138,1
18139,1
18140,1
18141,1
18142,1
18143,1
18144,1
18145,1
18146,1
18147,1
18148,1
18149,1
18150,1
18151,1
18152,1
18153,1
18154,1
18155,1
18156,1
18157,1
18158,1
18159,1
18160,1
18161,1
18162,1
18163,1
18164,1
18165,1
18166,1
18167,1
18168,1
18169,1
18170,1
18171,1
18172,1
18173,1
18174,1
18175,1
18176,1
18177,1
18178,1
18179,1
18180,1
18181,1
18182,1
18183,1
18184,1
18185,1
18186,1
18187,1
18188,1
18189,1
18190,1
18191,1
18192,1
18193,1
18194,1
18195,1
18196,1
18197,1
18198,1
18199,1
18200,1
18201,1
18202,1
18203,1
18204,1
18205,1
18206,1
18207,1
18208,1
18209,1
18210,1
18211,1
18212,1
18213,1
18214,1
18215,1
18216,1
18217,1
18218,1
18219,1
18220,1
18221,1
18222,1
18223,1
18224,1
18225,1
18226,1
18227,1
18228,1
18229,1
18230,1
18231,1
18232,1
18233,1
18234,1
18235,1
18236,1
18237,1
18238,1
18239,1
18240,1
18241,1
18242,1
18243,1
18244,1
18245,1
18246,1
18247,1
18248,1
18249,1
18250,1
18251,1
18252,1
18253,1
18254,1
18255,1
18256,1
18257,1
18258,1
18259,1
18260,1
18261,1
18262,1
18263,1
18264,1
18265,1
18266,1
18267,1
18268,1
18269,1
18270,1
18271,1
18272,1
18273,1
18274,1
18275,1
18276,1
18277,1
18278,1
18279,1
18280,1
18281,1
18282,1
18283,1
18284,1
18285,1
18286,1
18287,1
18288,1
18289,1
18290,1
18291,1
18292,1
18293,1
18294,1
18295,1
18296,1
18297,1
18298,1
18299,1
18300,1
18301,1
18302,1
18303,1
18304,1
18305,1
18306,1
18307,1
18308,1
18309,1
18310,1
18311,1
18312,1
18313,1
18314,1
18315,1
18316,1
18317,1
18318,1
18319,1
18320,1
18321,1
18322,1
18323,1
18324,1
18325,1
18326,1
18327,1
18328,1
18329,1
18330,1
18331,1
18332,1
18333,1
18334,1
18335,1
18336,1
18337,1
18338,1
18339,1
18340,1
18341,1
18342,1
18343,1
18344,1
18345,1
18346,1
18347,1
18348,1
18349,1
18350,1
18351,1
18352,1
18353,1
18354,1
18355,1
18356,1
18357,1
18358,1
18359,1
18360,1
18361,1
18362,1
18363,1
18364,1
18365,1
18366,1
18367,1
18368,1
18369,1
18370,1
18371,1
18372,1
18373,1
18374,1
18375,1
18376,1
18377,1
18378,1
18379,1
18380,1
18381,1
18382,1
18383,1
18384,1
18385,1
18386,1
18387,1
18388,1
18389,1
18390,1
18391,1
18392,1
18393,1
18394,1
18395,1
18396,1
18397,1
18398,1
18399,1
18400,1
18401,1
18402,1
18403,1
18404,1
18405,1
18406,1
18407,1
18408,1
18409,1
18410,1
18411,1
18412,1
18413,1
18414,1
18415,1
18416,1
18417,1
18418,1
18419,1
18420,1
18421,1
18422,1
18423,1
18424,1
18425,1
18426,1
18427,1
18428,1
18429,1
18430,1
18431,1
18432,1
18433,1
18434,1
18435,1
18436,1
18437,1
18438,1
18439,1
18440,1
18441,1
18442,1
18443,1
18444,1
18445,1
18446,1
18447,1
18448,1
18449,1
18450,1
18451,1
18452,1
18453,1
18454,1
18455,1
18456,1
18457,1
18458,1
18459,1
18460,1
18461,1
18462,1
18463,1
18464,1
18465,1
18466,1
18467,1
18468,1
18469,1
18470,1
18471,1
18472,1
18473,1
18474,1
18475,1
18476,1
18477,1
18478,1
18479,1
18480,1
18481,1
18482,1
18483,1
18484,1
18485,1
18486,1
18487,1
18488,1
18489,1
18490,1
18491,1
18492,1
18493,1
18494,1
18495,1
18496,1
18497,1
18498,1
18499,1
18500,1
18501,1
18502,1
18503,1
18504,1
18505,1
18506,1
18507,1
18508,1
18509,1
18510,1
18511,1
18512,1
18513,1
18514,1
18515,1
18516,1
18517,1
18518,1
18519,1
18520,1
18521,1
18522,1
18523,1
18524,1
18525,1
18526,1
18527,1
18528,1
18529,1
18530,1
18531,1
18532,1
18533,1
18534,1
18535,1
18536,1
18537,1
18538,1
18539,1
18540,1
18541,1
18542,1
18543,1
18544,1
18545,1
18546,1
18547,1
18548,1
18549,1
18550,1
18551,1
18552,1
18553,1
18554,1
18555,1
18556,1
18557,1
18558,1
18559,1
18560,1
18561,1
18562,1
18563,1
18564,1
18565,1
18566,1
18567,1
18568,1
18569,1
18570,1
18571,1
18572,1
18573,1
18574,1
18575,1
18576,1
18577,1
18578,1
18579,1
18580,1
18581,1
18582,1
18583,1
18584,1
18585,1
18586,1
18587,1
18588,1
18589,1
18590,1
18591,1
18592,1
18593,1
18594,1
18595,1
18596,1
18597,1
18598,1
18599,1
18600,1
18601,1
18602,1
18603,1
18604,1
18605,1
18606,1
18607,1
18608,1
18609,1
18610,1
18611,1
18612,1
18613,1
18614,1
18615,1
18616,1
18617,1
18618,1
18619,1
18620,1
18621,1
18622,1
18623,1
18624,1
18625,1
18626,1
18627,1
18628,1
18629,1
18630,1
18631,1
18632,1
18633,1
18634,1
18635,1
18636,1
18637,1
18638,1
18639,1
18640,1
18641,1
18642,1
18643,1
18644,1
18645,1
18646,1
18647,1
18648,1
18649,1
18650,1
18651,1
18652,1
18653,1
18654,1
18655,1
18656,1
18657,1
18658,1
18659,1
18660,1
18661,1
18662,1
18663,1
18664,1
18665,1
18666,1
18667,1
18668,1
18669,1
18670,1
18671,1
18672,1
18673,1
18674,1
18675,1
18676,1
18677,1
18678,1
18679,1
18680,1
18681,1
18682,1
18683,1
18684,1
18685,1
18686,1
18687,1
18688,1
18689,1
18690,1
18691,1
18692,1
18693,1
18694,1
18695,1
18696,1
18697,1
18698,1
18699,1
18700,1
18701,1
18702,1
18703,1
18704,1
18705,1
18706,1
18707,1
18708,1
18709,1
18710,1
18711,1
18712,1
18713,1
18714,1
18715,1
18716,1
18717,1
18718,1
18719,1
18720,1
18721,1
18722,1
18723,1
18724,1
18725,1
18726,1
18727,1
18728,1
18729,1
18730,1
18731,1
18732,1
18733,1
18734,1
18735,1
18736,1
18737,1
18738,1
18739,1
18740,1
18741,1
18742,1
18743,1
18744,1
18745,1
18746,1
18747,1
18748,1
18749,1
18750,1
18751,1
18752,1
18753,1
18754,1
18755,1
18756,1
18757,1
18758,1
18759,1
18760,1
18761,1
18762,1
18763,1
18764,1
18765,1
18766,1
18767,1
18768,1
18769,1
18770,1
18771,1
18772,1
18773,1
18774,1
18775,1
18776,1
18777,1
18778,1
18779,1
18780,1
18781,1
18782,1
18783,1
18784,1
18785,1
18786,1
18787,1
18788,1
18789,1
18790,1
18791,1
18792,1
18793,1
18794,1
18795,1
18796,1
18797,1
18798,1
18799,1
18800,1
18801,1
18802,1
18803,1
18804,1
18805,1
18806,1
18807,1
18808,1
18809,1
18810,1
18811,1
18812,1
18813,1
18814,1
18815,1
18816,1
18817,1
18818,1
18819,1
18820,1
18821,1
18822,1
18823,1
18824,1
18825,1
18826,1
18827,1
18828,1
18829,1
18830,1
18831,1
18832,1
18833,1
18834,1
18835,1
18836,1
18837,1
18838,1
18839,1
18840,1
18841,1
18842,1
18843,1
18844,1
18845,1
18846,1
18847,1
18848,1
18849,1
18850,1
18851,1
18852,1
18853,1
18854,1
18855,1
18856,1
18857,1
18858,1
18859,1
18860,1
18861,1
18862,1
18863,1
18864,1
18865,1
18866,1
18867,1
18868,1
18869,1
18870,1
18871,1
18872,1
18873,1
18874,1
18875,1
18876,1
18877,1
18878,1
18879,1
18880,1
18881,1
18882,1
18883,1
18884,1
18885,1
18886,1
18887,1
18888,1
18889,1
18890,1
18891,1
18892,1
18893,1
18894,1
18895,1
18896,1
18897,1
18898,1
18899,1
18900,1
18901,1
18902,1
18903,1
18904,1
18905,1
18906,1
18907,1
18908,1
18909,1
18910,1
18911,1
18912,1
18913,1
18914,1
18915,1
18916,1
18917,1
18918,1
18919,1
18920,1
18921,1
18922,1
18923,1
18924,1
18925,1
18926,1
18927,1
18928,1
18929,1
18930,1
18931,1
18932,1
18933,1
18934,1
18935,1
18936,1
18937,1
18938,1
18939,1
18940,1
18941,1
18942,1
18943,1
18944,1
18945,1
18946,1
18947,1
18948,1
18949,1
18950,1
18951,1
18952,1
18953,1
18954,1
18955,1
18956,1
18957,1
18958,1
18959,1
18960,1
18961,1
18962,1
18963,1
18964,1
18965,1
18966,1
18967,1
18968,1
18969,1
18970,1
18971,1
18972,1
18973,1
18974,1
18975,1
18976,1
18977,1
18978,1
18979,1
18980,1
18981,1
18982,1
18983,1
18984,1
18985,1
18986,1
18987,1
18988,1
18989,1
18990,1
18991,1
18992,1
18993,1
18994,1
18995,1
18996,1
18997,1
18998,1
18999,1
19000,1
19001,1
19002,1
19003,1
19004,1
19005,1
19006,1
19007,1
19008,1
19009,1
19010,1
19011,1
19012,1
19013,1
19014,1
19015,1
19016,1
19017,1
19018,1
19019,1
19020,1
19021,1
19022,1
19023,1
19024,1
19025,1
19026,1
19027,1
19028,1
19029,1
19030,1
19031,1
19032,1
19033,1
19034,1
19035,1
19036,1
19037,1
19038,1
19039,1
19040,1
19041,1
19042,1
19043,1
19044,1
19045,1
19046,1
19047,1
19048,1
19049,1
19050,1
19051,1
19052,1
19053,1
19054,1
19055,1
19056,1
19057,1
19058,1
19059,1
19060,1
19061,1
19062,1
19063,1
19064,1
19065,1
19066,1
19067,1
19068,1
19069,1
19070,1
19071,1
19072,1
19073,1
19074,1
19075,1
19076,1
19077,1
19078,1
19079,1
19080,1
19081,1
19082,1
19083,1
19084,1
19085,1
19086,1
19087,1
19088,1
19089,1
19090,1
19091,1
19092,1
19093,1
19094,1
19095,1
19096,1
19097,1
19098,1
19099,1
19100,1
19101,1
19102,1
19103,1
19104,1
19105,1
19106,1
19107,1
19108,1
19109,1
19110,1
19111,1
19112,1
19113,1
19114,1
19115,1
19116,1
19117,1
19118,1
19119,1
19120,1
19121,1
19122,1
19123,1
19124,1
19125,1
19126,1
19127,1
19128,1
19129,1
19130,1
19131,1
19132,1
19133,1
19134,1
19135,1
19136,1
19137,1
19138,1
19139,1
19140,1
19141,1
19142,1
19143,1
19144,1
19145,1
19146,1
19147,1
19148,1
19149,1
19150,1
19151,1
19152,1
19153,1
19154,1
19155,1
19156,1
19157,1
19158,1
19159,1
19160,1
19161,1
19162,1
19163,1
19164,1
19165,1
19166,1
19167,1
19168,1
19169,1
19170,1
19171,1
19172,1
19173,1
19174,1
19175,1
19176,1
19177,1
19178,1
19179,1
19180,1
19181,1
19182,1
19183,1
19184,1
19185,1
19186,1
19187,1
19188,1
19189,1
19190,1
19191,1
19192,1
19193,1
19194,1
19195,1
19196,1
19197,1
19198,1
19199,1
19200,1
19201,1
19202,1
19203,1
19204,1
19205,1
19206,1
19207,1
19208,1
19209,1
19210,1
19211,1
19212,1
19213,1
19214,1
19215,1
19216,1
19217,1
19218,1
19219,1
19220,1
19221,1
19222,1
19223,1
19224,1
19225,1
19226,1
19227,1
19228,1
19229,1
19230,1
19231,1
19232,1
19233,1
19234,1
19235,1
19236,1
19237,1
19238,1
19239,1
19240,1
19241,1
19242,1
19243,1
19244,1
19245,1
19246,1
19247,1
19248,1
19249,1
19250,1
19251,1
19252,1
19253,1
19254,1
19255,1
19256,1
19257,1
19258,1
19259,1
19260,1
19261,1
19262,1
19263,1
19264,1
19265,1
19266,1
19267,1
19268,1
19269,1
19270,1
19271,1
19272,1
19273,1
19274,1
19275,1
19276,1
19277,1
19278,1
19279,1
19280,1
19281,1
19282,1
19283,1
19284,1
19285,1
19286,1
19287,1
19288,1
19289,1
19290,1
19291,1
19292,1
19293,1
19294,1
19295,1
19296,1
19297,1
19298,1
19299,1
19300,1
19301,1
19302,1
19303,1
19304,1
19305,1
19306,1
19307,1
19308,1
19309,1
19310,1
19311,1
19312,1
19313,1
19314,1
19315,1
19316,1
19317,1
19318,1
19319,1
19320,1
19321,1
19322,1
19323,1
19324,1
19325,1
19326,1
19327,1
19328,1
19329,1
19330,1
19331,1
19332,1
19333,1
19334,1
19335,1
19336,1
19337,1
19338,1
19339,1
19340,1
19341,1
19342,1
19343,1
19344,1
19345,1
19346,1
19347,1
19348,1
19349,1
19350,1
19351,1
19352,1
19353,1
19354,1
19355,1
19356,1
19357,1
19358,1
19359,1
19360,1
19361,1
19362,1
19363,1
19364,1
19365,1
19366,1
19367,1
19368,1
19369,1
19370,1
19371,1
19372,1
19373,1
19374,1
19375,1
19376,1
19377,1
19378,1
19379,1
19380,1
19381,1
19382,1
19383,1
19384,1
19385,1
19386,1
19387,1
19388,1
19389,1
19390,1
19391,1
19392,1
19393,1
19394,1
19395,1
19396,1
19397,1
19398,1
19399,1
19400,1
19401,1
19402,1
19403,1
19404,1
19405,1
19406,1
19407,1
19408,1
19409,1
19410,1
19411,1
19412,1
19413,1
19414,1
19415,1
19416,1
19417,1
19418,1
19419,1
19420,1
19421,1
19422,1
19423,1
19424,1
19425,1
19426,1
19427,1
19428,1
19429,1
19430,1
19431,1
19432,1
19433,1
19434,1
19435,1
19436,1
19437,1
19438,1
19439,1
19440,1
19441,1
19442,1
19443,1
19444,1
19445,1
19446,1
19447,1
19448,1
19449,1
19450,1
19451,1
19452,1
19453,1
19454,1
19455,1
19456,1
19457,1
19458,1
19459,1
19460,1
19461,1
19462,1
19463,1
19464,1
19465,1
19466,1
19467,1
19468,1
19469,1
19470,1
19471,1
19472,1
19473,1
19474,1
19475,1
19476,1
19477,1
19478,1
19479,1
19480,1
19481,1
19482,1
19483,1
19484,1
19485,1
19486,1
19487,1
19488,1
19489,1
19490,1
19491,1
19492,1
19493,1
19494,1
19495,1
19496,1
19497,1
19498,1
19499,1
19500,1
19501,1
19502,1
19503,1
19504,1
19505,1
19506,1
19507,1
19508,1
19509,1
19510,1
19511,1
19512,1
19513,1
19514,1
19515,1
19516,1
19517,1
19518,1
19519,1
19520,1
19521,1
19522,1
19523,1
19524,1
19525,1
19526,1
19527,1
19528,1
19529,1
19530,1
19531,1
19532,1
19533,1
19534,1
19535,1
19536,1
19537,1
19538,1
19539,1
19540,1
19541,1
19542,1
19543,1
19544,1
19545,1
19546,1
19547,1
19548,1
19549,1
19550,1
19551,1
19552,1
19553,1
19554,1
19555,1
19556,1
19557,1
19558,1
19559,1
19560,1
19561,1
19562,1
19563,1
19564,1
19565,1
19566,1
19567,1
19568,1
19569,1
19570,1
19571,1
19572,1
19573,1
19574,1
19575,1
19576,1
19577,1
19578,1
19579,1
19580,1
19581,1
19582,1
19583,1
19584,1
19585,1
19586,1
19587,1
19588,1
19589,1
19590,1
19591,1
19592,1
19593,1
19594,1
19595,1
19596,1
19597,1
19598,1
19599,1
19600,1
19601,1
19602,1
19603,1
19604,1
19605,1
19606,1
19607,1
19608,1
19609,1
19610,1
19611,1
19612,1
19613,1
19614,1
19615,1
19616,1
19617,1
19618,1
19619,1
19620,1
19621,1
19622,1
19623,1
19624,1
19625,1
19626,1
19627,1
19628,1
19629,1
19630,1
19631,1
19632,1
19633,1
19634,1
19635,1
19636,1
19637,1
19638,1
19639,1
19640,1
19641,1
19642,1
19643,1
19644,1
19645,1
19646,1
19647,1
19648,1
19649,1
19650,1
19651,1
19652,1
19653,1
19654,1
19655,1
19656,1
19657,1
19658,1
19659,1
19660,1
19661,1
19662,1
19663,1
19664,1
19665,1
19666,1
19667,1
19668,1
19669,1
19670,1
19671,1
19672,1
19673,1
19674,1
19675,1
19676,1
19677,1
19678,1
19679,1
19680,1
19681,1
19682,1
19683,1
19684,1
19685,1
19686,1
19687,1
19688,1
19689,1
19690,1
19691,1
19692,1
19693,1
19694,1
19695,1
19696,1
19697,1
19698,1
19699,1
19700,1
19701,1
19702,1
19703,1
19704,1
19705,1
19706,1
19707,1
19708,1
19709,1
19710,1
19711,1
19712,1
19713,1
19714,1
19715,1
19716,1
19717,1
19718,1
19719,1
19720,1
19721,1
19722,1
19723,1
19724,1
19725,1
19726,1
19727,1
19728,1
19729,1
19730,1
19731,1
19732,1
19733,1
19734,1
19735,1
19736,1
19737,1
19738,1
19739,1
19740,1
19741,1
19742,1
19743,1
19744,1
19745,1
19746,1
19747,1
19748,1
19749,1
19750,1
19751,1
19752,1
19753,1
19754,1
19755,1
19756,1
19757,1
19758,1
19759,1
19760,1
19761,1
19762,1
19763,1
19764,1
19765,1
19766,1
19767,1
19768,1
19769,1
19770,1
19771,1
19772,1
19773,1
19774,1
19775,1
19776,1
19777,1
19778,1
19779,1
19780,1
19781,1
19782,1
19783,1
19784,1
19785,1
19786,1
19787,1
19788,1
19789,1
19790,1
19791,1
19792,1
19793,1
19794,1
19795,1
19796,1
19797,1
19798,1
19799,1
19800,1
19801,1
19802,1
19803,1
19804,1
19805,1
19806,1
19807,1
19808,1
19809,1
19810,1
19811,1
19812,1
19813,1
19814,1
19815,1
19816,1
19817,1
19818,1
19819,1
19820,1
19821,1
19822,1
19823,1
19824,1
19825,1
19826,1
19827,1
19828,1
19829,1
19830,1
19831,1
19832,1
19833,1
19834,1
19835,1
19836,1
19837,1
19838,1
19839,1
19840,1
19841,1
19842,1
19843,1
19844,1
19845,1
19846,1
19847,1
19848,1
19849,1
19850,1
19851,1
19852,1
19853,1
19854,1
19855,1
19856,1
19857,1
19858,1
19859,1
19860,1
19861,1
19862,1
19863,1
19864,1
19865,1
19866,1
19867,1
19868,1
19869,1
19870,1
19871,1
19872,1
19873,1
19874,1
19875,1
19876,1
19877,1
19878,1
19879,1
19880,1
19881,1
19882,1
19883,1
19884,1
19885,1
19886,1
19887,1
19888,1
19889,1
19890,1
19891,1
19892,1
19893,1
19894,1
19895,1
19896,1
19897,1
19898,1
19899,1
19900,1
19901,1
19902,1
19903,1
19904,1
19905,1
19906,1
19907,1
19908,1
19909,1
19910,1
19911,1
19912,1
19913,1
19914,1
19915,1
19916,1
19917,1
19918,1
19919,1
19920,1
19921,1
19922,1
19923,1
19924,1
19925,1
19926,1
19927,1
19928,1
19929,1
19930,1
19931,1
19932,1
19933,1
19934,1
19935,1
19936,1
19937,1
19938,1
19939,1
19940,1
19941,1
19942,1
19943,1
19944,1
19945,1
19946,1
19947,1
19948,1
19949,1
19950,1
19951,1
19952,1
19953,1
19954,1
19955,1
19956,1
19957,1
19958,1
19959,1
19960,1
19961,1
19962,1
19963,1
19964,1
19965,1
19966,1
19967,1
19968,1
19969,1
19970,1
19971,1
19972,1
19973,1
19974,1
19975,1
19976,1
19977,1
19978,1
19979,1
19980,1
19981,1
19982,1
19983,1
19984,1
19985,1
19986,1
19987,1
19988,1
19989,1
19990,1
19991,1
19992,1
19993,1
19994,1
19995,1
19996,1
19997,1
19998,1
19999,1
20000,1
20001,1
20002,1
20003,1
20004,1
20005,1
20006,1
20007,1
20008,1
20009,1
20010,1
20011,1
20012,1
20013,1
20014,1
20015,1
20016,1
20017,1
20018,1
20019,1
20020,1
20021,1
20022,1
20023,1
20024,1
20025,1
20026,1
20027,1
20028,1
20029,1
20030,1
20031,1
20032,1
20033,1
20034,1
20035,1
20036,1
20037,1
20038,1
20039,1
20040,1
20041,1
20042,1
20043,1
20044,1
20045,1
20046,1
20047,1
20048,1
20049,1
20050,1
20051,1
20052,1
20053,1
20054,1
20055,1
20056,1
20057,1
20058,1
20059,1
20060,1
20061,1
20062,1
20063,1
20064,1
20065,1
20066,1
20067,1
20068,1
20069,1
20070,1
20071,1
20072,1
20073,1
20074,1
20075,1
20076,1
20077,1
20078,1
20079,1
20080,1
20081,1
20082,1
20083,1
20084,1
20085,1
20086,1
20087,1
20088,1
20089,1
20090,1
20091,1
20092,1
20093,1
20094,1
20095,1
20096,1
20097,1
20098,1
20099,1
20100,1
20101,1
20102,1
20103,1
20104,1
20105,1
20106,1
20107,1
20108,1
20109,1
20110,1
20111,1
20112,1
20113,1
20114,1
20115,1
20116,1
20117,1
20118,1
20119,1
20120,1
20121,1
20122,1
20123,1
20124,1
20125,1
20126,1
20127,1
20128,1
20129,1
20130,1
20131,1
20132,1
20133,1
20134,1
20135,1
20136,1
20137,1
20138,1
20139,1
20140,1
20141,1
20142,1
20143,1
20144,1
20145,1
20146,1
20147,1
20148,1
20149,1
20150,1
20151,1
20152,1
20153,1
20154,1
20155,1
20156,1
20157,1
20158,1
20159,1
20160,1
20161,1
20162,1
20163,1
20164,1
20165,1
20166,1
20167,1
20168,1
20169,1
20170,1
20171,1
20172,1
20173,1
20174,1
20175,1
20176,1
20177,1
20178,1
20179,1
20180,1
20181,1
20182,1
20183,1
20184,1
20185,1
20186,1
20187,1
20188,1
20189,1
20190,1
20191,1
20192,1
20193,1
20194,1
20195,1
20196,1
20197,1
20198,1
20199,1
20200,1
20201,1
20202,1
20203,1
20204,1
20205,1
20206,1
20207,1
20208,1
20209,1
20210,1
20211,1
20212,1
20213,1
20214,1
20215,1
20216,1
20217,1
20218,1
20219,1
20220,1
20221,1
20222,1
20223,1
20224,1
20225,1
20226,1
20227,1
20228,1
20229,1
20230,1
20231,1
20232,1
20233,1
20234,1
20235,1
20236,1
20237,1
20238,1
20239,1
20240,1
20241,1
20242,1
20243,1
20244,1
20245,1
20246,1
20247,1
20248,1
20249,1
20250,1
20251,1
20252,1
20253,1
20254,1
20255,1
20256,1
20257,1
20258,1
20259,1
20260,1
20261,1
20262,1
20263,1
20264,1
20265,1
20266,1
20267,1
20268,1
20269,1
20270,1
20271,1
20272,1
20273,1
20274,1
20275,1
20276,1
20277,1
20278,1
20279,1
20280,1
20281,1
20282,1
20283,1
20284,1
20285,1
20286,1
20287,1
20288,1
20289,1
20290,1
20291,1
20292,1
20293,1
20294,1
20295,1
20296,1
20297,1
20298,1
20299,1
20300,1
20301,1
20302,1
20303,1
20304,1
20305,1
20306,1
20307,1
20308,1
20309,1
20310,1
20311,1
20312,1
20313,1
20314,1
20315,1
20316,1
20317,1
20318,1
20319,1
20320,1
20321,1
20322,1
20323,1
20324,1
20325,1
20326,1
20327,1
20328,1
20329,1
20330,1
20331,1
20332,1
20333,1
20334,1
20335,1
20336,1
20337,1
20338,1
20339,1
20340,1
20341,1
20342,1
20343,1
20344,1
20345,1
20346,1
20347,1
20348,1
20349,1
20350,1
20351,1
20352,1
20353,1
20354,1
20355,1
20356,1
20357,1
20358,1
20359,1
20360,1
20361,1
20362,1
20363,1
20364,1
20365,1
20366,1
20367,1
20368,1
20369,1
20370,1
20371,1
20372,1
20373,1
20374,1
20375,1
20376,1
20377,1
20378,1
20379,1
20380,1
20381,1
20382,1
20383,1
20384,1
20385,1
20386,1
20387,1
20388,1
20389,1
20390,1
20391,1
20392,1
20393,1
20394,1
20395,1
20396,1
20397,1
20398,1
20399,1
20400,1
20401,1
20402,1
20403,1
20404,1
20405,1
20406,1
20407,1
20408,1
20409,1
20410,1
20411,1
20412,1
20413,1
20414,1
20415,1
20416,1
20417,1
20418,1
20419,1
20420,1
20421,1
20422,1
20423,1
20424,1
20425,1
20426,1
20427,1
20428,1
20429,1
20430,1
20431,1
20432,1
20433,1
20434,1
20435,1
20436,1
20437,1
20438,1
20439,1
20440,1
20441,1
20442,1
20443,1
20444,1
20445,1
20446,1
20447,1
20448,1
20449,1
20450,1
20451,1
20452,1
20453,1
20454,1
20455,1
20456,1
20457,1
20458,1
20459,1
20460,1
20461,1
20462,1
20463,1
20464,1
20465,1
20466,1
20467,1
20468,1
20469,1
20470,1
20471,1
20472,1
20473,1
20474,1
20475,1
20476,1
20477,1
20478,1
20479,1
20480,1
20481,1
20482,1
20483,1
20484,1
20485,1
20486,1
20487,1
20488,1
20489,1
20490,1
20491,1
20492,1
20493,1
20494,1
20495,1
20496,1
20497,1
20498,1
20499,1
20500,1
20501,1
20502,1
20503,1
20504,1
20505,1
20506,1
20507,1
20508,1
20509,1
20510,1
20511,1
20512,1
20513,1
20514,1
20515,1
20516,1
20517,1
20518,1
20519,1
20520,1
20521,1
20522,1
20523,1
20524,1
20525,1
20526,1
20527,1
20528,1
20529,1
20530,1
20531,1
20532,1
20533,1
20534,1
20535,1
20536,1
20537,1
20538,1
20539,1
20540,1
20541,1
20542,1
20543,1
20544,1
20545,1
20546,1
20547,1
20548,1
20549,1
20550,1
20551,1
20552,1
20553,1
20554,1
20555,1
20556,1
20557,1
20558,1
20559,1
20560,1
20561,1
20562,1
20563,1
20564,1
20565,1
20566,1
20567,1
20568,1
20569,1
20570,1
20571,1
20572,1
20573,1
20574,1
20575,1
20576,1
20577,1
20578,1
20579,1
20580,1
20581,1
20582,1
20583,1
20584,1
20585,1
20586,1
20587,1
20588,1
20589,1
20590,1
20591,1
20592,1
20593,1
20594,1
20595,1
20596,1
20597,1
20598,1
20599,1
20600,1
20601,1
20602,1
20603,1
20604,1
20605,1
20606,1
20607,1
20608,1
20609,1
20610,1
20611,1
20612,1
20613,1
20614,1
20615,1
20616,1
20617,1
20618,1
20619,1
20620,1
20621,1
20622,1
20623,1
20624,1
20625,1
20626,1
20627,1
20628,1
20629,1
20630,1
20631,1
20632,1
20633,1
20634,1
20635,1
20636,1
20637,1
20638,1
20639,1
20640,1
20641,1
20642,1
20643,1
20644,1
20645,1
20646,1
20647,1
20648,1
20649,1
20650,1
20651,1
20652,1
20653,1
20654,1
20655,1
20656,1
20657,1
20658,1
20659,1
20660,1
20661,1
20662,1
20663,1
20664,1
20665,1
20666,1
20667,1
20668,1
20669,1
20670,1
20671,1
20672,1
20673,1
20674,1
20675,1
20676,1
20677,1
20678,1
20679,1
20680,1
20681,1
20682,1
20683,1
20684,1
20685,1
20686,1
20687,1
20688,1
20689,1
20690,1
20691,1
20692,1
20693,1
20694,1
20695,1
20696,1
20697,1
20698,1
20699,1
20700,1
20701,1
20702,1
20703,1
20704,1
20705,1
20706,1
20707,1
20708,1
20709,1
20710,1
20711,1
20712,1
20713,1
20714,1
20715,1
20716,1
20717,1
20718,1
20719,1
20720,1
20721,1
20722,1
20723,1
20724,1
20725,1
20726,1
20727,1
20728,1
20729,1
20730,1
20731,1
20732,1
20733,1
20734,1
20735,1
20736,1
20737,1
20738,1
20739,1
20740,1
20741,1
20742,1
20743,1
20744,1
20745,1
20746,1
20747,1
20748,1
20749,1
20750,1
20751,1
20752,1
20753,1
20754,1
20755,1
20756,1
20757,1
20758,1
20759,1
20760,1
20761,1
20762,1
20763,1
20764,1
20765,1
20766,1
20767,1
20768,1
20769,1
20770,1
20771,1
20772,1
20773,1
20774,1
20775,1
20776,1
20777,1
20778,1
20779,1
20780,1
20781,1
20782,1
20783,1
20784,1
20785,1
20786,1
20787,1
20788,1
20789,1
20790,1
20791,1
20792,1
20793,1
20794,1
20795,1
20796,1
20797,1
20798,1
20799,1
20800,1
20801,1
20802,1
20803,1
20804,1
20805,1
20806,1
20807,1
20808,1
20809,1
20810,1
20811,1
20812,1
20813,1
20814,1
20815,1
20816,1
20817,1
20818,1
20819,1
20820,1
20821,1
20822,1
20823,1
20824,1
20825,1
20826,1
20827,1
20828,1
20829,1
20830,1
20831,1
20832,1
20833,1
20834,1
20835,1
20836,1
20837,1
20838,1
20839,1
20840,1
20841,1
20842,1
20843,1
20844,1
20845,1
20846,1
20847,1
20848,1
20849,1
20850,1
20851,1
20852,1
20853,1
20854,1
20855,1
20856,1
20857,1
20858,1
20859,1
20860,1
20861,1
20862,1
20863,1
20864,1
20865,1
20866,1
20867,1
20868,1
20869,1
20870,1
20871,1
20872,1
20873,1
20874,1
20875,1
20876,1
20877,1
20878,1
20879,1
20880,1
20881,1
20882,1
20883,1
20884,1
20885,1
20886,1
20887,1
20888,1
20889,1
20890,1
20891,1
20892,1
20893,1
20894,1
20895,1
20896,1
20897,1
20898,1
20899,1
20900,1
20901,1
20902,1
20903,1
20904,1
20905,1
20906,1
20907,1
20908,1
20909,1
20910,1
20911,1
20912,1
20913,1
20914,1
20915,1
20916,1
20917,1
20918,1
20919,1
20920,1
20921,1
20922,1
20923,1
20924,1
20925,1
20926,1
20927,1
20928,1
20929,1
20930,1
20931,1
20932,1
20933,1
20934,1
20935,1
20936,1
20937,1
20938,1
20939,1
20940,1
20941,1
20942,1
20943,1
20944,1
20945,1
20946,1
20947,1
20948,1
20949,1
20950,1
20951,1
20952,1
20953,1
20954,1
20955,1
20956,1
20957,1
20958,1
20959,1
20960,1
20961,1
20962,1
20963,1
20964,1
20965,1
20966,1
20967,1
20968,1
20969,1
20970,1
20971,1
20972,1
20973,1
20974,1
20975,1
20976,1
20977,1
20978,1
20979,1
20980,1
20981,1
20982,1
20983,1
20984,1
20985,1
20986,1
20987,1
20988,1
20989,1
20990,1
20991,1
20992,1
20993,1
20994,1
20995,1
20996,1
20997,1
20998,1
20999,1
21000,1
21001,1
21002,1
21003,1
21004,1
21005,1
21006,1
21007,1
21008,1
21009,1
21010,1
21011,1
21012,1
21013,1
21014,1
21015,1
21016,1
21017,1
21018,1
21019,1
21020,1
21021,1
21022,1
21023,1
21024,1
21025,1
21026,1
21027,1
21028,1
21029,1
21030,1
21031,1
21032,1
21033,1
21034,1
21035,1
21036,1
21037,1
21038,1
21039,1
21040,1
21041,1
21042,1
21043,1
21044,1
21045,1
21046,1
21047,1
21048,1
21049,1
21050,1
21051,1
21052,1
21053,1
21054,1
21055,1
21056,1
21057,1
21058,1
21059,1
21060,1
21061,1
21062,1
21063,1
21064,1
21065,1
21066,1
21067,1
21068,1
21069,1
21070,1
21071,1
21072,1
21073,1
21074,1
21075,1
21076,1
21077,1
21078,1
21079,1
21080,1
21081,1
21082,1
21083,1
21084,1
21085,1
21086,1
21087,1
21088,1
21089,1
21090,1
21091,1
21092,1
21093,1
21094,1
21095,1
21096,1
21097,1
21098,1
21099,1
21100,1
21101,1
21102,1
21103,1
21104,1
21105,1
21106,1
21107,1
21108,1
21109,1
21110,1
21111,1
21112,1
21113,1
21114,1
21115,1
21116,1
21117,1
21118,1
21119,1
21120,1
21121,1
21122,1
21123,1
21124,1
21125,1
21126,1
21127,1
21128,1
21129,1
21130,1
21131,1
21132,1
21133,1
21134,1
21135,1
21136,1
21137,1
21138,1
21139,1
21140,1
21141,1
21142,1
21143,1
21144,1
21145,1
21146,1
21147,1
21148,1
21149,1
21150,1
21151,1
21152,1
21153,1
21154,1
21155,1
21156,1
21157,1
21158,1
21159,1
21160,1
21161,1
21162,1
21163,1
21164,1
21165,1
21166,1
21167,1
21168,1
21169,1
21170,1
21171,1
21172,1
21173,1
21174,1
21175,1
21176,1
21177,1
21178,1
21179,1
21180,1
21181,1
21182,1
21183,1
21184,1
21185,1
21186,1
21187,1
21188,1
21189,1
21190,1
21191,1
21192,1
21193,1
21194,1
21195,1
21196,1
21197,1
21198,1
21199,1
21200,1
21201,1
21202,1
21203,1
21204,1
21205,1
21206,1
21207,1
21208,1
21209,1
21210,1
21211,1
21212,1
21213,1
21214,1
21215,1
21216,1
21217,1
21218,1
21219,1
21220,1
21221,1
21222,1
21223,1
21224,1
21225,1
21226,1
21227,1
21228,1
21229,1
21230,1
21231,1
21232,1
21233,1
21234,1
21235,1
21236,1
21237,1
21238,1
21239,1
21240,1
21241,1
21242,1
21243,1
21244,1
21245,1
21246,1
21247,1
21248,1
21249,1
21250,1
21251,1
21252,1
21253,1
21254,1
21255,1
21256,1
21257,1
21258,1
21259,1
21260,1
21261,1
21262,1
21263,1
21264,1
21265,1
21266,1
21267,1
21268,1
21269,1
21270,1
21271,1
21272,1
21273,1
21274,1
21275,1
21276,1
21277,1
21278,1
21279,1
21280,1
21281,1
21282,1
21283,1
21284,1
21285,1
21286,1
21287,1
21288,1
21289,1
21290,1
21291,1
21292,1
21293,1
21294,1
21295,1
21296,1
21297,1
21298,1
21299,1
21300,1
21301,1
21302,1
21303,1
21304,1
21305,1
21306,1
21307,1
21308,1
21309,1
21310,1
21311,1
21312,1
21313,1
21314,1
21315,1
21316,1
21317,1
21318,1
21319,1
21320,1
21321,1
21322,1
21323,1
21324,1
21325,1
21326,1
21327,1
21328,1
21329,1
21330,1
21331,1
21332,1
21333,1
21334,1
21335,1
21336,1
21337,1
21338,1
21339,1
21340,1
21341,1
21342,1
21343,1
21344,1
21345,1
21346,1
21347,1
21348,1
21349,1
21350,1
21351,1
21352,1
21353,1
21354,1
21355,1
21356,1
21357,1
21358,1
21359,1
21360,1
21361,1
21362,1
21363,1
21364,1
21365,1
21366,1
21367,1
21368,1
21369,1
21370,1
21371,1
21372,1
21373,1
21374,1
21375,1
21376,1
21377,1
21378,1
21379,1
21380,1
21381,1
21382,1
21383,1
21384,1
21385,1
21386,1
21387,1
21388,1
21389,1
21390,1
21391,1
21392,1
21393,1
21394,1
21395,1
21396,1
21397,1
21398,1
21399,1
21400,1
21401,1
21402,1
21403,1
21404,1
21405,1
21406,1
21407,1
21408,1
21409,1
21410,1
21411,1
21412,1
21413,1
21414,1
21415,1
21416,1
21417,1
21418,1
21419,1
21420,1
21421,1
21422,1
21423,1
21424,1
21425,1
21426,1
21427,1
21428,1
21429,1
21430,1
21431,1
21432,1
21433,1
21434,1
21435,1
21436,1
21437,1
21438,1
21439,1
21440,1
21441,1
21442,1
21443,1
21444,1
21445,1
21446,1
21447,1
21448,1
21449,1
21450,1
21451,1
21452,1
21453,1
21454,1
21455,1
21456,1
21457,1
21458,1
21459,1
21460,1
21461,1
21462,1
21463,1
21464,1
21465,1
21466,1
21467,1
21468,1
21469,1
21470,1
21471,1
21472,1
21473,1
21474,1
21475,1
21476,1
21477,1
21478,1
21479,1
21480,1
21481,1
21482,1
21483,1
21484,1
21485,1
21486,1
21487,1
21488,1
21489,1
21490,1
21491,1
21492,1
21493,1
21494,1
21495,1
21496,1
21497,1
21498,1
21499,1
21500,1
21501,1
21502,1
21503,1
21504,1
21505,1
21506,1
21507,1
21508,1
21509,1
21510,1
21511,1
21512,1
21513,1
21514,1
21515,1
21516,1
21517,1
21518,1
21519,1
21520,1
21521,1
21522,1
21523,1
21524,1
21525,1
21526,1
21527,1
21528,1
21529,1
21530,1
21531,1
21532,1
21533,1
21534,1
21535,1
21536,1
21537,1
21538,1
21539,1
21540,1
21541,1
21542,1
21543,1
21544,1
21545,1
21546,2
21547,2
21548,2
21549,2
21550,2
21551,2
21552,2
21553,2
21554,2
21555,2
21556,2
21557,2
21558,2
21559,2
21560,2
21561,2
21562,2
21563,2
21564,2
21565,2
21566,2
21567,2
21568,2
21569,2
21570,2
21571,2
21572,2
21573,2
21574,2
21575,2
21576,2
21577,2
21578,2
21579,2
21580,2
21581,2
21582,2
21583,2
21584,2
21585,2
21586,2
21587,2
21588,2
21589,2
21590,2
21591,2
21592,2
21593,2
21594,2
21595,2
21596,2
21597,2
21598,2
21599,2
21600,2
21601,2
21602,2
21603,2
21604,2
21605,2
21606,2
21607,2
21608,2
21609,2
21610,2
21611,2
21612,2
21613,2
21614,2
21615,2
21616,2
21617,2
21618,2
21619,2
21620,2
21621,2
21622,2
21623,2
21624,2
21625,2
21626,2
21627,2
21628,2
21629,2
21630,2
21631,2
21632,2
21633,2
21634,2
21635,2
21636,2
21637,2
21638,2
21639,2
21640,2
21641,2
21642,2
21643,2
21644,2
21645,2
21646,2
21647,2
21648,2
21649,2
21650,2
21651,2
21652,2
21653,2
21654,2
21655,2
21656,2
21657,2
21658,2
21659,2
21660,2
21661,2
21662,2
21663,2
21664,2
21665,2
21666,2
21667,2
21668,2
21669,2
21670,2
21671,2
21672,2
21673,2
21674,2
21675,2
21676,2
21677,2
21678,2
21679,2
21680,2
21681,2
21682,2
21683,2
21684,2
21685,2
21686,2
21687,2
21688,2
21689,2
21690,2
21691,2
21692,2
21693,2
21694,2
21695,2
21696,2
21697,2
21698,2
21699,2
21700,2
21701,2
21702,2
21703,2
21704,2
21705,2
21706,2
21707,2
21708,2
21709,2
21710,2
21711,2
21712,2
21713,2
21714,2
21715,2
21716,2
21717,2
21718,2
21719,2
21720,2
21721,2
21722,2
21723,2
21724,2
21725,2
21726,2
21727,2
21728,2
21729,2
21730,2
21731,2
21732,2
21733,2
21734,2
21735,2
21736,2
21737,2
21738,2
21739,2
21740,2
21741,2
21742,2
21743,2
21744,2
21745,2
21746,2
21747,2
21748,2
21749,2
21750,2
21751,2
21752,2
21753,2
21754,2
21755,2
21756,2
21757,2
21758,2
21759,2
21760,2
21761,2
21762,2
21763,2
21764,2
21765,2
21766,2
21767,2
21768,2
21769,2
21770,2
21771,2
21772,2
21773,2
21774,2
21775,2
21776,2
21777,2
21778,2
21779,2
21780,2
21781,2
21782,2
21783,2
21784,2
21785,2
21786,2
21787,2
21788,2
21789,2
21790,2
21791,2
21792,2
21793,2
21794,2
21795,2
21796,2
21797,2
21798,2
21799,2
21800,2
21801,2
21802,2
21803,2
21804,2
21805,2
21806,2
21807,2
21808,2
21809,2
21810,2
21811,2
21812,2
21813,2
21814,2
21815,2
21816,2
21817,2
21818,2
21819,2
21820,2
21821,2
21822,2
21823,2
21824,2
21825,2
21826,2
21827,2
21828,2
21829,2
21830,2
21831,2
21832,2
21833,2
21834,2
21835,2
21836,2
21837,2
21838,2
21839,2
21840,2
21841,2
21842,2
21843,2
21844,2
21845,2
21846,2
21847,2
21848,2
21849,2
21850,2
21851,2
21852,2
21853,2
21854,2
21855,2
21856,2
21857,2
21858,2
21859,2
21860,2
21861,2
21862,2
21863,2
21864,2
21865,2
21866,2
21867,2
21868,2
21869,2
21870,2
21871,2
21872,2
21873,2
21874,2
21875,2
21876,2
21877,2
21878,2
21879,2
21880,2
21881,2
21882,2
21883,2
21884,2
21885,2
21886,2
21887,2
21888,2
21889,2
21890,2
21891,2
21892,2
21893,2
21894,2
21895,2
21896,2
21897,2
21898,2
21899,2
21900,2
21901,2
21902,2
21903,2
21904,2
21905,2
21906,2
21907,2
21908,2
21909,2
21910,2
21911,2
21912,2
21913,2
21914,2
21915,2
21916,2
21917,2
21918,2
21919,2
21920,2
21921,2
21922,2
21923,2
21924,2
21925,2
21926,2
21927,2
21928,2
21929,2
21930,2
21931,2
21932,2
21933,2
21934,2
21935,2
21936,2
21937,2
21938,2
21939,2
21940,2
21941,2
21942,2
21943,2
21944,2
21945,2
21946,2
21947,2
21948,2
21949,2
21950,2
21951,2
21952,2
21953,2
21954,2
21955,2
21956,2
21957,2
21958,2
21959,2
21960,2
21961,2
21962,2
21963,2
21964,2
21965,2
21966,2
21967,2
21968,2
21969,2
21970,2
21971,2
21972,2
21973,2
21974,2
21975,2
21976,2
21977,2
21978,2
21979,2
21980,2
21981,2
21982,2
21983,2
21984,2
21985,2
21986,2
21987,2
21988,2
21989,2
21990,2
21991,2
21992,2
21993,2
21994,2
21995,2
21996,2
21997,2
21998,2
21999,2
22000,2
22001,2
22002,2
22003,2
22004,2
22005,2
22006,2
22007,2
22008,2
22009,2
22010,2
22011,2
22012,2
22013,2
22014,2
22015,2
22016,2
22017,2
22018,2
22019,2
22020,2
22021,2
22022,2
22023,2
22024,2
22025,2
22026,2
22027,2
22028,2
22029,2
22030,2
22031,2
22032,2
22033,2
22034,2
22035,2
22036,2
22037,2
22038,2
22039,2
22040,2
22041,2
22042,2
22043,2
22044,2
22045,2
22046,2
22047,2
22048,2
22049,2
22050,2
22051,2
22052,2
22053,2
22054,2
22055,2
22056,2
22057,2
22058,2
22059,2
22060,2
22061,2
22062,2
22063,2
22064,2
22065,2
22066,2
22067,2
22068,2
22069,2
22070,2
22071,2
22072,2
22073,2
22074,2
22075,2
22076,2
22077,2
22078,2
22079,2
22080,2
22081,2
22082,2
22083,2
22084,2
22085,2
22086,2
22087,2
22088,2
22089,2
22090,2
22091,2
22092,2
22093,2
22094,2
22095,2
22096,2
22097,2
22098,2
22099,2
22100,2
22101,2
22102,2
22103,2
22104,2
22105,2
22106,2
22107,2
22108,2
22109,2
22110,2
22111,2
22112,2
22113,2
22114,2
22115,2
22116,2
22117,2
22118,2
22119,2
22120,2
22121,2
22122,2
22123,2
22124,2
22125,2
22126,2
22127,2
22128,2
22129,2
22130,2
22131,2
22132,2
22133,2
22134,2
22135,2
22136,2
22137,2
22138,2
22139,2
22140,2
22141,2
22142,2
22143,2
22144,2
22145,2
22146,2
22147,2
22148,2
22149,2
22150,2
22151,2
22152,2
22153,2
22154,2
22155,2
22156,2
22157,2
22158,2
22159,2
22160,2
22161,2
22162,2
22163,2
22164,2
22165,2
22166,2
22167,2
22168,2
22169,2
22170,2
22171,2
22172,2
22173,2
22174,2
22175,2
22176,2
22177,2
22178,2
22179,2
22180,2
22181,2
22182,2
22183,2
22184,2
22185,2
22186,2
22187,2
22188,2
22189,2
22190,2
22191,2
22192,2
22193,2
22194,2
22195,2
22196,2
22197,2
22198,2
22199,2
22200,2
22201,2
22202,2
22203,2
22204,2
22205,2
22206,2
22207,2
22208,2
22209,2
22210,2
22211,2
22212,2
22213,2
22214,2
22215,2
22216,2
22217,2
22218,2
22219,2
22220,2
22221,2
22222,2
22223,2
22224,2
22225,2
22226,2
22227,2
22228,2
22229,2
22230,2
22231,2
22232,2
22233,2
22234,2
22235,2
22236,2
22237,2
22238,2
22239,2
22240,2
22241,2
22242,2
22243,2
22244,2
22245,2
22246,2
22247,2
22248,2
22249,2
22250,2
22251,2
22252,2
22253,2
22254,2
22255,2
22256,2
22257,2
22258,2
22259,2
22260,2
22261,2
22262,2
22263,2
22264,2
22265,2
22266,2
22267,2
22268,2
22269,2
22270,2
22271,2
22272,2
22273,2
22274,2
22275,2
22276,2
22277,2
22278,2
22279,2
22280,2
22281,2
22282,2
22283,2
22284,2
22285,2
22286,2
22287,2
22288,2
22289,2
22290,2
22291,2
22292,2
22293,2
22294,2
22295,2
22296,2
22297,2
22298,2
22299,2
22300,2
22301,2
22302,2
22303,2
22304,2
22305,2
22306,2
22307,2
22308,2
22309,2
22310,2
22311,2
22312,2
22313,2
22314,2
22315,2
22316,2
22317,2
22318,2
22319,2
22320,2
22321,2
22322,2
22323,2
22324,2
22325,2
22326,2
22327,2
22328,2
22329,2
22330,2
22331,2
22332,2
22333,2
22334,2
22335,2
22336,2
22337,2
22338,2
22339,2
22340,2
22341,2
22342,2
22343,2
22344,2
22345,2
22346,2
22347,2
22348,2
22349,2
22350,2
22351,2
22352,2
22353,2
22354,2
22355,2
22356,2
22357,2
22358,2
22359,2
22360,2
22361,2
22362,2
22363,2
22364,2
22365,2
22366,2
22367,2
22368,2
22369,2
22370,2
22371,2
22372,2
22373,2
22374,2
22375,2
22376,2
22377,2
22378,2
22379,2
22380,2
22381,2
22382,2
22383,2
22384,2
22385,2
22386,2
22387,2
22388,2
22389,2
22390,2
22391,2
22392,2
22393,2
22394,2
22395,2
22396,2
22397,2
22398,2
22399,2
22400,2
22401,2
22402,2
22403,2
22404,2
22405,2
22406,2
22407,2
22408,2
22409,2
22410,2
22411,2
22412,2
22413,2
22414,2
22415,2
22416,2
22417,2
22418,2
22419,2
22420,2
22421,2
22422,2
22423,2
22424,2
22425,2
22426,2
22427,2
22428,2
22429,2
22430,2
22431,2
22432,2
22433,2
22434,2
22435,2
22436,2
22437,2
22438,2
22439,2
22440,2
22441,2
22442,2
22443,2
22444,2
22445,2
22446,2
22447,2
22448,2
22449,2
22450,2
22451,2
22452,2
22453,2
22454,2
22455,2
22456,2
22457,2
22458,2
22459,2
22460,2
22461,2
22462,2
22463,2
22464,2
22465,2
22466,2
22467,2
22468,2
22469,2
22470,2
22471,2
22472,2
22473,2
22474,2
22475,2
22476,2
22477,2
22478,2
22479,2
22480,2
22481,2
22482,2
22483,2
22484,2
22485,2
22486,2
22487,2
22488,2
22489,2
22490,2
22491,2
22492,2
22493,2
22494,2
22495,2
22496,2
22497,2
22498,2
22499,2
22500,2
22501,2
22502,2
22503,2
22504,2
22505,2
22506,2
22507,2
22508,2
22509,2
22510,2
22511,2
22512,2
22513,2
22514,2
22515,2
22516,2
22517,2
22518,2
22519,2
22520,2
22521,2
22522,2
22523,2
22524,2
22525,2
22526,2
22527,2
22528,2
22529,2
22530,2
22531,2
22532,2
22533,2
22534,2
22535,2
22536,2
22537,2
22538,2
22539,2
22540,2
22541,2
22542,2
22543,2
22544,2
22545,2
22546,2
22547,2
22548,2
22549,2
22550,2
22551,2
22552,2
22553,2
22554,2
22555,2
22556,2
22557,2
22558,2
22559,2
22560,2
22561,2
22562,2
22563,2
22564,2
22565,2
22566,2
22567,2
22568,2
22569,2
22570,2
22571,2
22572,2
22573,2
22574,2
22575,2
22576,2
22577,2
22578,2
22579,2
22580,2
22581,2
22582,2
22583,2
22584,2
22585,2
22586,2
22587,2
22588,2
22589,2
22590,2
22591,2
22592,2
22593,2
22594,2
22595,2
22596,2
22597,2
22598,2
22599,2
22600,2
22601,2
22602,2
22603,2
22604,2
22605,2
22606,2
22607,2
22608,2
22609,2
22610,2
22611,2
22612,2
22613,2
22614,2
22615,2
22616,2
22617,2
22618,2
22619,2
22620,2
22621,2
22622,2
22623,2
22624,2
22625,2
22626,2
22627,2
22628,2
22629,2
22630,2
22631,2
22632,2
22633,2
22634,2
22635,2
22636,2
22637,2
22638,2
22639,2
22640,2
22641,2
22642,2
22643,2
22644,2
22645,2
22646,2
22647,2
22648,2
22649,2
22650,2
22651,2
22652,2
22653,2
22654,2
22655,2
22656,2
22657,2
22658,2
22659,2
22660,2
22661,2
22662,2
22663,2
22664,2
22665,2
22666,2
22667,2
22668,2
22669,2
22670,2
22671,2
22672,2
22673,2
22674,2
22675,2
22676,2
22677,2
22678,2
22679,2
22680,2
22681,2
22682,2
22683,2
22684,2
22685,2
22686,2
22687,2
22688,2
22689,2
22690,2
22691,2
22692,2
22693,2
22694,2
22695,2
22696,2
22697,2
22698,2
22699,2
22700,2
22701,2
22702,2
22703,2
22704,2
22705,2
22706,2
22707,2
22708,2
22709,2
22710,2
22711,2
22712,2
22713,2
22714,2
22715,2
22716,2
22717,2
22718,2
22719,2
22720,2
22721,2
22722,2
22723,2
22724,2
22725,2
22726,2
22727,2
22728,2
22729,2
22730,2
22731,2
22732,2
22733,2
22734,2
22735,2
22736,2
22737,2
22738,2
22739,2
22740,2
22741,2
22742,2
22743,2
22744,2
22745,2
22746,2
22747,2
22748,2
22749,2
22750,2
22751,2
22752,2
22753,2
22754,2
22755,2
22756,2
22757,2
22758,2
22759,2
22760,2
22761,2
22762,2
22763,2
22764,2
22765,2
22766,2
22767,2
22768,2
22769,2
22770,2
22771,2
22772,2
22773,2
22774,2
22775,2
22776,2
22777,2
22778,2
22779,2
22780,2
22781,2
22782,2
22783,2
22784,2
22785,2
22786,2
22787,2
22788,2
22789,2
22790,2
22791,2
22792,2
22793,2
22794,2
22795,2
22796,2
22797,2
22798,2
22799,2
22800,2
22801,2
22802,2
22803,2
22804,2
22805,2
22806,2
22807,2
22808,2
22809,2
22810,2
22811,2
22812,2
22813,2
22814,2
22815,2
22816,2
22817,2
22818,2
22819,2
22820,2
22821,2
22822,2
22823,2
22824,2
22825,2
22826,2
22827,2
22828,2
22829,2
22830,2
22831,2
22832,2
22833,2
22834,2
22835,2
22836,2
22837,2
22838,2
22839,2
22840,2
22841,2
22842,2
22843,2
22844,2
22845,2
22846,2
22847,2
22848,2
22849,2
22850,2
22851,2
22852,2
22853,2
22854,2
22855,2
22856,2
22857,2
22858,2
22859,2
22860,2
22861,2
22862,2
22863,2
22864,2
22865,2
22866,2
22867,2
22868,2
22869,2
22870,2
22871,2
22872,2
22873,2
22874,2
22875,2
22876,2
22877,2
22878,2
22879,2
22880,2
22881,2
22882,2
22883,2
22884,2
22885,2
22886,2
22887,2
22888,2
22889,2
22890,2
22891,2
22892,2
22893,2
22894,2
22895,2
22896,2
22897,2
22898,2
22899,2
22900,2
22901,2
22902,2
22903,2
22904,2
22905,2
22906,2
22907,2
22908,2
22909,2
22910,2
22911,2
22912,2
22913,2
22914,2
22915,2
22916,2
22917,2
22918,2
22919,2
22920,2
22921,2
22922,2
22923,2
22924,2
22925,2
22926,2
22927,2
22928,2
22929,2
22930,2
22931,2
22932,2
22933,2
22934,2
22935,2
22936,2
22937,2
22938,2
22939,2
22940,2
22941,2
22942,2
22943,2
22944,2
22945,2
22946,2
22947,2
22948,2
22949,2
22950,2
22951,2
22952,2
22953,2
22954,2
22955,2
22956,2
22957,2
22958,2
22959,2
22960,2
22961,2
22962,2
22963,2
22964,2
22965,2
22966,2
22967,2
22968,2
22969,2
22970,2
22971,2
22972,2
22973,2
22974,2
22975,2
22976,2
22977,2
22978,2
22979,2
22980,2
22981,2
22982,2
22983,2
22984,2
22985,2
22986,2
22987,2
22988,2
22989,2
22990,2
22991,2
22992,2
22993,2
22994,2
22995,2
22996,2
22997,2
22998,2
22999,2
23000,2
23001,2
23002,2
23003,2
23004,2
23005,2
23006,2
23007,2
23008,2
23009,2
23010,2
23011,2
23012,2
23013,2
23014,2
23015,2
23016,2
23017,2
23018,2
23019,2
23020,2
23021,2
23022,2
23023,2
23024,2
23025,2
23026,2
23027,2
23028,2
23029,2
23030,2
23031,2
23032,2
23033,2
23034,2
23035,2
23036,2
23037,2
23038,2
23039,2
23040,2
23041,2
23042,2
23043,2
23044,2
23045,2
23046,2
23047,2
23048,2
23049,2
23050,2
23051,2
23052,2
23053,2
23054,2
23055,2
23056,2
23057,2
23058,2
23059,2
23060,2
23061,2
23062,2
23063,2
23064,2
23065,2
23066,2
23067,2
23068,2
23069,2
23070,2
23071,2
23072,2
23073,2
23074,2
23075,2
23076,2
23077,2
23078,2
23079,2
23080,2
23081,2
23082,2
23083,2
23084,2
23085,2
23086,2
23087,2
23088,2
23089,2
23090,2
23091,2
23092,2
23093,2
23094,2
23095,2
23096,2
23097,2
23098,2
23099,2
23100,2
23101,2
23102,2
23103,2
23104,2
23105,2
23106,2
23107,2
23108,2
23109,2
23110,2
23111,2
23112,2
23113,2
23114,2
23115,2
23116,2
23117,2
23118,2
23119,2
23120,2
23121,2
23122,2
23123,2
23124,2
23125,2
23126,2
23127,2
23128,2
23129,2
23130,2
23131,2
23132,2
23133,2
23134,2
23135,2
23136,2
23137,2
23138,2
23139,2
23140,2
23141,2
23142,2
23143,2
23144,2
23145,2
23146,2
23147,2
23148,2
23149,2
23150,2
23151,2
23152,2
23153,2
23154,2
23155,2
23156,2
23157,2
23158,2
23159,2
23160,2
23161,2
23162,2
23163,2
23164,2
23165,2
23166,2
23167,2
23168,2
23169,2
23170,2
23171,2
23172,2
23173,2
23174,2
23175,2
23176,2
23177,2
23178,2
23179,2
23180,2
23181,2
23182,2
23183,2
23184,2
23185,2
23186,2
23187,2
23188,2
23189,2
23190,2
23191,2
23192,2
23193,2
23194,2
23195,2
23196,2
23197,2
23198,2
23199,2
23200,2
23201,2
23202,2
23203,2
23204,2
23205,2
23206,2
23207,2
23208,2
23209,2
23210,2
23211,2
23212,2
23213,2
23214,2
23215,2
23216,2
23217,2
23218,2
23219,2
23220,2
23221,2
23222,2
23223,2
23224,2
23225,2
23226,2
23227,2
23228,2
23229,2
23230,2
23231,2
23232,2
23233,2
23234,2
23235,2
23236,2
23237,2
23238,2
23239,2
23240,2
23241,2
23242,2
23243,2
23244,2
23245,2
23246,2
23247,2
23248,2
23249,2
23250,2
23251,2
23252,2
23253,2
23254,2
23255,2
23256,2
23257,2
23258,2
23259,2
23260,2
23261,2
23262,2
23263,2
23264,2
23265,2
23266,2
23267,2
23268,2
23269,2
23270,2
23271,2
23272,2
23273,2
23274,2
23275,2
23276,2
23277,2
23278,2
23279,2
23280,2
23281,2
23282,2
23283,2
23284,2
23285,2
23286,2
23287,2
23288,2
23289,2
23290,2
23291,2
23292,2
23293,2
23294,2
23295,2
23296,2
23297,2
23298,2
23299,2
23300,2
23301,2
23302,2
23303,2
23304,2
23305,2
23306,2
23307,2
23308,2
23309,2
23310,2
23311,2
23312,2
23313,2
23314,2
23315,2
23316,2
23317,2
23318,2
23319,2
23320,2
23321,2
23322,2
23323,2
23324,2
23325,2
23326,2
23327,2
23328,2
23329,2
23330,2
23331,2
23332,2
23333,2
23334,2
23335,2
23336,2
23337,2
23338,2
23339,2
23340,2
23341,2
23342,2
23343,2
23344,2
23345,2
23346,2
23347,2
23348,2
23349,2
23350,2
23351,2
23352,2
23353,2
23354,2
23355,2
23356,2
23357,2
23358,2
23359,2
23360,2
23361,2
23362,2
23363,2
23364,2
23365,2
23366,2
23367,2
23368,2
23369,2
23370,2
23371,2
23372,2
23373,2
23374,2
23375,2
23376,2
23377,2
23378,2
23379,2
23380,2
23381,2
23382,2
23383,2
23384,2
23385,2
23386,2
23387,2
23388,2
23389,2
23390,2
23391,2
23392,2
23393,2
23394,2
23395,2
23396,2
23397,2
23398,2
23399,2
23400,2
23401,2
23402,2
23403,2
23404,2
23405,2
23406,2
23407,2
23408,2
23409,2
23410,2
23411,2
23412,2
23413,2
23414,2
23415,2
23416,2
23417,2
23418,2
23419,2
23420,2
23421,2
23422,2
23423,2
23424,2
23425,2
23426,2
23427,2
23428,2
23429,2
23430,2
23431,2
23432,2
23433,2
23434,2
23435,2
23436,2
23437,2
23438,2
23439,2
23440,2
23441,2
23442,2
23443,2
23444,2
23445,2
23446,2
23447,2
23448,2
23449,2
23450,2
23451,2
23452,2
23453,2
23454,2
23455,2
23456,2
23457,2
23458,2
23459,2
23460,2
23461,2
23462,2
23463,2
23464,2
23465,2
23466,2
23467,2
23468,2
23469,2
23470,2
23471,2
23472,2
23473,2
23474,2
23475,2
23476,2
23477,2
23478,2
23479,2
23480,2
23481,2
23482,2
23483,2
23484,2
23485,2
23486,2
23487,2
23488,2
23489,2
23490,2
23491,2
23492,2
23493,2
23494,2
23495,2
23496,2
23497,2
23498,2
23499,2
23500,2
23501,2
23502,2
23503,2
23504,2
23505,2
23506,2
23507,2
23508,2
23509,2
23510,2
23511,2
23512,2
23513,2
23514,2
23515,2
23516,2
23517,2
23518,2
23519,2
23520,2
23521,2
23522,2
23523,2
23524,2
23525,2
23526,2
23527,2
23528,2
23529,2
23530,2
23531,2
23532,2
23533,2
23534,2
23535,2
23536,2
23537,2
23538,2
23539,2
23540,2
23541,2
23542,2
23543,2
23544,2
23545,2
23546,2
23547,2
23548,2
23549,2
23550,2
23551,2
23552,2
23553,2
23554,2
23555,2
23556,2
23557,2
23558,2
23559,2
23560,2
23561,2
23562,2
23563,2
23564,2
23565,2
23566,2
23567,2
23568,2
23569,2
23570,2
23571,2
23572,2
23573,2
23574,2
23575,2
23576,2
23577,2
23578,2
23579,2
23580,2
23581,2
23582,2
23583,2
23584,2
23585,2
23586,2
23587,2
23588,2
23589,2
23590,2
23591,2
23592,2
23593,2
23594,2
23595,2
23596,2
23597,2
23598,2
23599,2
23600,2
23601,2
23602,2
23603,2
23604,2
23605,2
23606,2
23607,2
23608,2
23609,2
23610,2
23611,2
23612,2
23613,2
23614,2
23615,2
23616,2
23617,2
23618,2
23619,2
23620,2
23621,2
23622,2
23623,2
23624,2
23625,2
23626,2
23627,2
23628,2
23629,2
23630,2
23631,2
23632,2
23633,2
23634,2
23635,2
23636,2
23637,2
23638,2
23639,2
23640,2
23641,2
23642,2
23643,2
23644,2
23645,2
23646,2
23647,2
23648,2
23649,2
23650,2
23651,2
23652,2
23653,2
23654,2
23655,2
23656,2
23657,2
23658,2
23659,2
23660,2
23661,2
23662,2
23663,2
23664,2
23665,2
23666,2
23667,2
23668,2
23669,2
23670,2
23671,2
23672,2
23673,2
23674,2
23675,2
23676,2
23677,2
23678,2
23679,2
23680,2
23681,2
23682,2
23683,2
23684,2
23685,2
23686,2
23687,2
23688,2
23689,2
23690,2
23691,2
23692,2
23693,2
23694,2
23695,2
23696,2
23697,2
23698,2
23699,2
23700,2
23701,2
23702,2
23703,2
23704,2
23705,2
23706,2
23707,2
23708,2
23709,2
23710,2
23711,2
23712,2
23713,2
23714,2
23715,2
23716,2
23717,2
23718,2
23719,2
23720,2
23721,2
23722,2
23723,2
23724,2
23725,2
23726,2
23727,2
23728,2
23729,2
23730,2
23731,2
23732,2
23733,2
23734,2
23735,2
23736,2
23737,2
23738,2
23739,2
23740,2
23741,2
23742,2
23743,2
23744,2
23745,2
23746,2
23747,2
23748,2
23749,2
23750,2
23751,2
23752,2
23753,2
23754,2
23755,2
23756,2
23757,2
23758,2
23759,2
23760,2
23761,2
23762,2
23763,2
23764,2
23765,2
23766,2
23767,2
23768,2
23769,2
23770,2
23771,2
23772,2
23773,2
23774,2
23775,2
23776,2
23777,2
23778,2
23779,2
23780,2
23781,2
23782,2
23783,2
23784,2
23785,2
23786,2
23787,2
23788,2
23789,2
23790,2
23791,2
23792,2
23793,2
23794,2
23795,2
23796,2
23797,2
23798,2
23799,2
23800,2
23801,2
23802,2
23803,2
23804,2
23805,2
23806,2
23807,2
23808,2
23809,2
23810,2
23811,2
23812,2
23813,2
23814,2
23815,2
23816,2
23817,2
23818,2
23819,2
23820,2
23821,2
23822,2
23823,2
23824,2
23825,2
23826,2
23827,2
23828,2
23829,2
23830,2
23831,2
23832,2
23833,2
23834,2
23835,2
23836,2
23837,2
23838,2
23839,2
23840,2
23841,2
23842,2
23843,2
23844,2
23845,2
23846,2
23847,2
23848,2
23849,2
23850,2
23851,2
23852,2
23853,2
23854,2
23855,2
23856,2
23857,2
23858,2
23859,2
23860,2
23861,2
23862,2
23863,2
23864,2
23865,2
23866,2
23867,2
23868,2
23869,2
23870,2
23871,2
23872,2
23873,2
23874,2
23875,2
23876,2
23877,2
23878,2
23879,2
23880,2
23881,2
23882,2
23883,2
23884,2
23885,2
23886,2
23887,2
23888,2
23889,2
23890,2
23891,2
23892,2
23893,2
23894,2
23895,2
23896,2
23897,2
23898,2
23899,2
23900,2
23901,2
23902,2
23903,2
23904,2
23905,2
23906,2
23907,2
23908,2
23909,2
23910,2
23911,2
23912,2
23913,2
23914,2
23915,2
23916,2
23917,2
23918,2
23919,2
23920,2
23921,2
23922,2
23923,2
23924,2
23925,2
23926,2
23927,2
23928,2
23929,2
23930,2
23931,2
23932,2
23933,2
23934,2
23935,2
23936,2
23937,2
23938,2
23939,2
23940,2
23941,2
23942,2
23943,2
23944,2
23945,2
23946,2
23947,2
23948,2
23949,2
23950,2
23951,2
23952,2
23953,2
23954,2
23955,2
23956,2
23957,2
23958,2
23959,2
23960,2
23961,2
23962,2
23963,2
23964,2
23965,2
23966,2
23967,2
23968,2
23969,2
23970,2
23971,2
23972,2
23973,2
23974,2
23975,2
23976,2
23977,2
23978,2
23979,2
23980,2
23981,2
23982,2
23983,2
23984,2
23985,2
23986,2
23987,2
23988,2
23989,2
23990,2
23991,2
23992,2
23993,2
23994,2
23995,2
23996,2
23997,2
23998,2
23999,2
24000,2
24001,2
24002,2
24003,2
24004,2
24005,2
24006,2
24007,2
24008,2
24009,2
24010,2
24011,2
24012,2
24013,2
24014,2
24015,2
24016,2
24017,2
24018,2
24019,2
24020,2
24021,2
24022,2
24023,2
24024,2
24025,2
24026,2
24027,2
24028,2
24029,2
24030,2
24031,2
24032,2
24033,2
24034,2
24035,2
24036,2
24037,2
24038,2
24039,2
24040,2
24041,2
24042,2
24043,2
24044,2
24045,2
24046,2
24047,2
24048,2
24049,2
24050,2
24051,2
24052,2
24053,2
24054,2
24055,2
24056,2
24057,2
24058,2
24059,2
24060,2
24061,2
24062,2
24063,2
24064,2
24065,2
24066,2
24067,2
24068,2
24069,2
24070,2
24071,2
24072,2
24073,2
24074,2
24075,2
24076,2
24077,2
24078,2
24079,2
24080,2
24081,2
24082,2
24083,2
24084,2
24085,2
24086,2
24087,2
24088,2
24089,2
24090,2
24091,2
24092,2
24093,2
24094,2
24095,2
24096,2
24097,2
24098,2
24099,2
24100,2
24101,2
24102,2
24103,2
24104,2
24105,2
24106,2
24107,2
24108,2
24109,2
24110,2
24111,2
24112,2
24113,2
24114,2
24115,2
24116,2
24117,2
24118,2
24119,2
24120,2
24121,2
24122,2
24123,2
24124,2
24125,2
24126,2
24127,2
24128,2
24129,2
24130,2
24131,2
24132,2
24133,2
24134,2
24135,2
24136,2
24137,2
24138,2
24139,2
24140,2
24141,2
24142,2
24143,2
24144,2
24145,2
24146,2
24147,2
24148,2
24149,2
24150,2
24151,2
24152,2
24153,2
24154,2
24155,2
24156,2
24157,2
24158,2
24159,2
24160,2
24161,2
24162,2
24163,2
24164,2
24165,2
24166,2
24167,2
24168,2
24169,2
24170,2
24171,2
24172,2
24173,2
24174,2
24175,2
24176,2
24177,2
24178,2
24179,2
24180,2
24181,2
24182,2
24183,2
24184,2
24185,2
24186,2
24187,2
24188,2
24189,2
24190,2
24191,2
24192,2
24193,2
24194,2
24195,2
24196,2
24197,2
24198,2
24199,2
24200,2
24201,2
24202,2
24203,2
24204,2
24205,2
24206,2
24207,2
24208,2
24209,2
24210,2
24211,2
24212,2
24213,2
24214,2
24215,2
24216,2
24217,2
24218,2
24219,2
24220,2
24221,2
24222,2
24223,2
24224,2
24225,2
24226,2
24227,2
24228,2
24229,2
24230,2
24231,2
24232,2
24233,2
24234,2
24235,2
24236,2
24237,2
24238,2
24239,2
24240,2
24241,2
24242,2
24243,2
24244,2
24245,2
24246,2
24247,2
24248,2
24249,2
24250,2
24251,2
24252,2
24253,2
24254,2
24255,2
24256,2
24257,2
24258,2
24259,2
24260,2
24261,2
24262,2
24263,2
24264,2
24265,2
24266,2
24267,2
24268,2
24269,2
24270,2
24271,2
24272,2
24273,2
24274,2
24275,2
24276,2
24277,2
24278,2
24279,2
24280,2
24281,2
24282,2
24283,2
24284,2
24285,2
24286,2
24287,2
24288,2
24289,2
24290,2
24291,2
24292,2
24293,2
24294,2
24295,2
24296,2
24297,2
24298,2
24299,2
24300,2
24301,2
24302,2
24303,2
24304,2
24305,2
24306,2
24307,2
24308,2
24309,2
24310,2
24311,2
24312,2
24313,2
24314,2
24315,2
24316,2
24317,2
24318,2
24319,2
24320,2
24321,2
24322,2
24323,2
24324,2
24325,2
24326,2
24327,2
24328,2
24329,2
24330,2
24331,2
24332,2
24333,2
24334,2
24335,2
24336,2
24337,2
24338,2
24339,2
24340,2
24341,2
24342,2
24343,2
24344,2
24345,2
24346,2
24347,2
24348,2
24349,2
24350,2
24351,2
24352,2
24353,2
24354,2
24355,2
24356,2
24357,2
24358,2
24359,2
24360,2
24361,2
24362,2
24363,2
24364,2
24365,2
24366,2
24367,2
24368,2
24369,2
24370,2
24371,2
24372,2
24373,2
24374,2
24375,2
24376,2
24377,2
24378,2
24379,2
24380,2
24381,2
24382,2
24383,2
24384,2
24385,2
24386,2
24387,2
24388,2
24389,2
24390,2
24391,2
24392,2
24393,2
24394,2
24395,2
24396,2
24397,2
24398,2
24399,2
24400,2
24401,2
24402,2
24403,2
24404,2
24405,2
24406,2
24407,2
24408,2
24409,2
24410,2
24411,2
24412,2
24413,2
24414,2
24415,2
24416,2
24417,2
24418,2
24419,2
24420,2
24421,2
24422,2
24423,2
24424,2
24425,2
24426,2
24427,2
24428,2
24429,2
24430,2
24431,2
24432,2
24433,2
24434,2
24435,2
24436,2
24437,2
24438,2
24439,2
24440,2
24441,2
24442,2
24443,2
24444,2
24445,2
24446,2
24447,2
24448,2
24449,2
24450,2
24451,2
24452,2
24453,2
24454,2
24455,2
24456,2
24457,2
24458,2
24459,2
24460,2
24461,2
24462,2
24463,2
24464,2
24465,2
24466,2
24467,2
24468,2
24469,2
24470,2
24471,2
24472,2
24473,2
24474,2
24475,2
24476,2
24477,2
24478,2
24479,2
24480,2
24481,2
24482,2
24483,2
24484,2
24485,2
24486,2
24487,2
24488,2
24489,2
24490,2
24491,2
24492,2
24493,2
24494,2
24495,2
24496,2
24497,2
24498,2
24499,2
24500,2
24501,2
24502,2
24503,2
24504,2
24505,2
24506,2
24507,2
24508,2
24509,2
24510,2
24511,2
24512,2
24513,2
24514,2
24515,2
24516,2
24517,2
24518,2
24519,2
24520,2
24521,2
24522,2
24523,2
24524,2
24525,2
24526,2
24527,2
24528,2
24529,2
24530,2
24531,2
24532,2
24533,2
24534,2
24535,2
24536,2
24537,2
24538,2
24539,2
24540,2
24541,2
24542,2
24543,2
24544,2
24545,2
24546,2
24547,2
24548,2
24549,2
24550,2
24551,2
24552,2
24553,2
24554,2
24555,2
24556,2
24557,2
24558,2
24559,2
24560,2
24561,2
24562,2
24563,2
24564,2
24565,2
24566,2
24567,2
24568,2
24569,2
24570,2
24571,2
24572,2
24573,2
24574,2
24575,2
24576,2
24577,2
24578,2
24579,2
24580,2
24581,2
24582,2
24583,2
24584,2
24585,2
24586,2
24587,2
24588,2
24589,2
24590,2
24591,2
24592,2
24593,2
24594,2
24595,2
24596,2
24597,2
24598,2
24599,2
24600,2
24601,2
24602,2
24603,2
24604,2
24605,2
24606,2
24607,2
24608,2
24609,2
24610,2
24611,2
24612,2
24613,2
24614,2
24615,2
24616,2
24617,2
24618,2
24619,2
24620,2
24621,2
24622,2
24623,2
24624,2
24625,2
24626,2
24627,2
24628,2
24629,2
24630,2
24631,2
24632,2
24633,2
24634,2
24635,2
24636,2
24637,2
24638,2
24639,2
24640,2
24641,2
24642,2
24643,2
24644,2
24645,2
24646,2
24647,2
24648,2
24649,2
24650,2
24651,2
24652,2
24653,2
24654,2
24655,2
24656,2
24657,2
24658,2
24659,2
24660,2
24661,2
24662,2
24663,2
24664,2
24665,2
24666,2
24667,2
24668,2
24669,2
24670,2
24671,2
24672,2
24673,2
24674,2
24675,2
24676,2
24677,2
24678,2
24679,2
24680,2
24681,2
24682,2
24683,2
24684,2
24685,2
24686,2
24687,2
24688,2
24689,2
24690,2
24691,2
24692,2
24693,2
24694,2
24695,2
24696,2
24697,2
24698,2
24699,2
24700,2
24701,2
24702,2
24703,2
24704,2
24705,2
24706,2
24707,2
24708,2
24709,2
24710,2
24711,2
24712,2
24713,2
24714,2
24715,2
24716,2
24717,2
24718,2
24719,2
24720,2
24721,2
24722,2
24723,2
24724,2
24725,2
24726,2
24727,2
24728,2
24729,2
24730,2
24731,2
24732,2
24733,2
24734,2
24735,2
24736,2
24737,2
24738,2
24739,2
24740,2
24741,2
24742,2
24743,2
24744,2
24745,2
24746,2
24747,2
24748,2
24749,2
24750,2
24751,2
24752,2
24753,2
24754,2
24755,2
24756,2
24757,2
24758,2
24759,2
24760,2
24761,2
24762,2
24763,2
24764,2
24765,2
24766,2
24767,2
24768,2
24769,2
24770,2
24771,2
24772,2
24773,2
24774,2
24775,2
24776,2
24777,2
24778,2
24779,2
24780,2
24781,2
24782,2
24783,2
24784,2
24785,2
24786,2
24787,2
24788,2
24789,2
24790,2
24791,2
24792,2
24793,2
24794,2
24795,2
24796,2
24797,2
24798,2
24799,2
24800,2
24801,2
24802,2
24803,2
24804,2
24805,2
24806,2
24807,2
24808,2
24809,2
24810,2
24811,2
24812,2
24813,2
24814,2
24815,2
24816,2
24817,2
24818,2
24819,2
24820,2
24821,2
24822,2
24823,2
24824,2
24825,2
24826,2
24827,2
24828,2
24829,2
24830,2
24831,2
24832,2
24833,2
24834,2
24835,2
24836,2
24837,2
24838,2
24839,2
24840,2
24841,2
24842,2
24843,2
24844,2
24845,2
24846,2
24847,2
24848,2
24849,2
24850,2
24851,2
24852,2
24853,2
24854,2
24855,2
24856,2
24857,2
24858,2
24859,2
24860,2
24861,2
24862,2
24863,2
24864,2
24865,2
24866,2
24867,2
24868,2
24869,2
24870,2
24871,2
24872,2
24873,2
24874,2
24875,2
24876,2
24877,2
24878,2
24879,2
24880,2
24881,2
24882,2
24883,2
24884,2
24885,2
24886,2
24887,2
24888,2
24889,2
24890,2
24891,2
24892,2
24893,2
24894,2
24895,2
24896,2
24897,2
24898,2
24899,2
24900,2
24901,2
24902,2
24903,2
24904,2
24905,2
24906,2
24907,2
24908,2
24909,2
24910,2
24911,2
24912,2
24913,2
24914,2
24915,2
24916,2
24917,2
24918,2
24919,2
24920,2
24921,2
24922,2
24923,2
24924,2
24925,2
24926,2
24927,2
24928,2
24929,2
24930,2
24931,2
24932,2
24933,2
24934,2
24935,2
24936,2
24937,2
24938,2
24939,2
24940,2
24941,2
24942,2
24943,2
24944,2
24945,2
24946,2
24947,2
24948,2
24949,2
24950,2
24951,2
24952,2
24953,2
24954,2
24955,2
24956,2
24957,2
24958,2
24959,2
24960,2
24961,2
24962,2
24963,2
24964,2
24965,2
24966,2
24967,2
24968,2
24969,2
24970,2
24971,2
24972,2
24973,2
24974,2
24975,2
24976,2
24977,2
24978,2
24979,2
24980,2
24981,2
24982,2
24983,2
24984,2
24985,2
24986,2
24987,2
24988,2
24989,2
24990,2
24991,2
24992,2
24993,2
24994,2
24995,2
24996,2
24997,2
24998,2
24999,2
25000,2
25001,2
25002,2
25003,2
25004,2
25005,2
25006,2
25007,2
25008,2
25009,2
25010,2
25011,2
25012,2
25013,2
25014,2
25015,2
25016,2
25017,2
25018,2
25019,2
25020,2
25021,2
25022,2
25023,2
25024,2
25025,2
25026,2
25027,2
25028,2
25029,2
25030,2
25031,2
25032,2
25033,2
25034,2
25035,2
25036,2
25037,2
25038,2
25039,2
25040,2
25041,2
25042,2
25043,2
25044,2
25045,2
25046,2
25047,2
25048,2
25049,2
25050,2
25051,2
25052,2
25053,2
25054,2
25055,2
25056,2
25057,2
25058,2
25059,2
25060,2
25061,2
25062,2
25063,2
25064,2
25065,2
25066,2
25067,2
25068,2
25069,2
25070,2
25071,2
25072,2
25073,2
25074,2
25075,2
25076,2
25077,2
25078,2
25079,2
25080,2
25081,2
25082,2
25083,2
25084,2
25085,2
25086,2
25087,2
25088,2
25089,2
25090,2
25091,2
25092,2
25093,2
25094,2
25095,2
25096,2
25097,2
25098,2
25099,2
25100,2
25101,2
25102,2
25103,2
25104,2
25105,2
25106,2
25107,2
25108,2
25109,2
25110,2
25111,2
25112,2
25113,2
25114,2
25115,2
25116,2
25117,2
25118,2
25119,2
25120,2
25121,2
25122,2
25123,2
25124,2
25125,2
25126,2
25127,2
25128,2
25129,2
25130,2
25131,2
25132,2
25133,2
25134,2
25135,2
25136,2
25137,2
25138,2
25139,2
25140,2
25141,2
25142,2
25143,2
25144,2
25145,2
25146,2
25147,2
25148,2
25149,2
25150,2
25151,2
25152,2
25153,2
25154,2
25155,2
25156,2
25157,2
25158,2
25159,2
25160,2
25161,2
25162,2
25163,2
25164,2
25165,2
25166,2
25167,2
25168,2
25169,2
25170,2
25171,2
25172,2
25173,2
25174,2
25175,2
25176,2
25177,2
25178,2
25179,2
25180,2
25181,2
25182,2
25183,2
25184,2
25185,2
25186,2
25187,2
25188,2
25189,2
25190,2
25191,2
25192,2
25193,2
25194,2
25195,2
25196,2
25197,2
25198,2
25199,2
25200,2
25201,2
25202,2
25203,2
25204,2
25205,2
25206,2
25207,2
25208,2
25209,2
25210,2
25211,2
25212,2
25213,2
25214,2
25215,2
25216,2
25217,2
25218,2
25219,2
25220,2
25221,2
25222,2
25223,2
25224,2
25225,2
25226,2
25227,2
25228,2
25229,2
25230,2
25231,2
25232,2
25233,2
25234,2
25235,2
25236,2
25237,2
25238,2
25239,2
25240,2
25241,2
25242,2
25243,2
25244,2
25245,2
25246,2
25247,2
25248,2
25249,2
25250,2
25251,2
25252,2
25253,2
25254,2
25255,2
25256,2
25257,2
25258,2
25259,2
25260,2
25261,2
25262,2
25263,2
25264,2
25265,2
25266,2
25267,2
25268,2
25269,2
25270,2
25271,2
25272,2
25273,2
25274,2
25275,2
25276,2
25277,2
25278,2
25279,2
25280,2
25281,2
25282,2
25283,2
25284,2
25285,2
25286,2
25287,2
25288,2
25289,2
25290,2
25291,2
25292,2
25293,2
25294,2
25295,2
25296,2
25297,2
25298,2
25299,2
25300,2
25301,2
25302,2
25303,2
25304,2
25305,2
25306,2
25307,2
25308,2
25309,2
25310,2
25311,2
25312,2
25313,2
25314,2
25315,2
25316,2
25317,2
25318,2
25319,2
25320,2
25321,2
25322,2
25323,2
25324,2
25325,2
25326,2
25327,2
25328,2
25329,2
25330,2
25331,2
25332,2
25333,2
25334,2
25335,2
25336,2
25337,2
25338,2
25339,2
25340,2
25341,2
25342,2
25343,2
25344,2
25345,2
25346,2
25347,2
25348,2
25349,2
25350,2
25351,2
25352,2
25353,2
25354,2
25355,2
25356,2
25357,2
25358,2
25359,2
25360,2
25361,2
25362,2
25363,2
25364,2
25365,2
25366,2
25367,2
25368,2
25369,2
25370,2
25371,2
25372,2
25373,2
25374,2
25375,2
25376,2
25377,2
25378,2
25379,2
25380,2
25381,2
25382,2
25383,2
25384,2
25385,2
25386,2
25387,2
25388,2
25389,2
25390,2
25391,2
25392,2
25393,2
25394,2
25395,2
25396,2
25397,2
25398,2
25399,2
25400,2
25401,2
25402,2
25403,2
25404,2
25405,2
25406,2
25407,2
25408,2
25409,2
25410,2
25411,2
25412,2
25413,2
25414,2
25415,2
25416,2
25417,2
25418,2
25419,2
25420,2
25421,2
25422,2
25423,2
25424,2
25425,2
25426,2
25427,2
25428,2
25429,2
25430,2
25431,2
25432,2
25433,2
25434,2
25435,2
25436,2
25437,2
25438,2
25439,2
25440,2
25441,2
25442,2
25443,2
25444,2
25445,2
25446,2
25447,2
25448,2
25449,2
25450,2
25451,2
25452,2
25453,2
25454,2
25455,2
25456,2
25457,2
25458,2
25459,2
25460,2
25461,2
25462,2
25463,2
25464,2
25465,2
25466,2
25467,2
25468,2
25469,2
25470,2
25471,2
25472,2
25473,2
25474,2
25475,2
25476,2
25477,2
25478,2
25479,2
25480,2
25481,2
25482,2
25483,2
25484,2
25485,2
25486,2
25487,2
25488,2
25489,2
25490,2
25491,2
25492,2
25493,2
25494,2
25495,2
25496,2
25497,2
25498,2
25499,2
25500,2
25501,2
25502,2
25503,2
25504,2
25505,2
25506,2
25507,2
25508,2
25509,2
25510,2
25511,2
25512,2
25513,2
25514,2
25515,2
25516,2
25517,2
25518,2
25519,2
25520,2
25521,2
25522,2
25523,2
25524,2
25525,2
25526,2
25527,2
25528,2
25529,2
25530,2
25531,2
25532,2
25533,2
25534,2
25535,2
25536,2
25537,2
25538,2
25539,2
25540,2
25541,2
25542,2
25543,2
25544,2
25545,2
25546,2
25547,2
25548,2
25549,2
25550,2
25551,2
25552,2
25553,2
25554,2
25555,2
25556,2
25557,2
25558,2
25559,2
25560,2
25561,2
25562,2
25563,2
25564,2
25565,2
25566,2
25567,2
25568,2
25569,2
25570,2
25571,2
25572,2
25573,2
25574,2
25575,2
25576,2
25577,2
25578,2
25579,2
25580,2
25581,2
25582,2
25583,2
25584,2
25585,2
25586,2
25587,2
25588,2
25589,2
25590,2
25591,2
25592,2
25593,2
25594,2
25595,2
25596,2
25597,2
25598,2
25599,2
25600,2
25601,2
25602,2
25603,2
25604,2
25605,2
25606,2
25607,2
25608,2
25609,2
25610,2
25611,2
25612,2
25613,2
25614,2
25615,2
25616,2
25617,2
25618,2
25619,2
25620,2
25621,2
25622,2
25623,2
25624,2
25625,2
25626,2
25627,2
25628,2
25629,2
25630,2
25631,2
25632,2
25633,2
25634,2
25635,2
25636,2
25637,2
25638,2
25639,2
25640,2
25641,2
25642,2
25643,2
25644,2
25645,2
25646,2
25647,2
25648,2
25649,2
25650,2
25651,2
25652,2
25653,2
25654,2
25655,2
25656,2
25657,2
25658,2
25659,2
25660,2
25661,2
25662,2
25663,2
25664,2
25665,2
25666,2
25667,2
25668,2
25669,2
25670,2
25671,2
25672,2
25673,2
25674,2
25675,2
25676,2
25677,2
25678,2
25679,2
25680,2
25681,2
25682,2
25683,2
25684,2
25685,2
25686,2
25687,2
25688,2
25689,2
25690,2
25691,2
25692,2
25693,2
25694,2
25695,2
25696,2
25697,2
25698,2
25699,2
25700,2
25701,2
25702,2
25703,2
25704,2
25705,2
25706,2
25707,2
25708,2
25709,2
25710,2
25711,2
25712,2
25713,2
25714,2
25715,2
25716,2
25717,2
25718,2
25719,2
25720,2
25721,2
25722,2
25723,2
25724,2
25725,2
25726,2
25727,2
25728,2
25729,2
25730,2
25731,2
25732,2
25733,2
25734,2
25735,2
25736,2
25737,2
25738,2
25739,2
25740,2
25741,2
25742,2
25743,2
25744,2
25745,2
25746,2
25747,2
25748,2
25749,2
25750,2
25751,2
25752,2
25753,2
25754,2
25755,2
25756,2
25757,2
25758,2
25759,2
25760,2
25761,2
25762,2
25763,2
25764,2
25765,2
25766,2
25767,2
25768,2
25769,2
25770,2
25771,2
25772,2
25773,2
25774,2
25775,2
25776,2
25777,2
25778,2
25779,2
25780,2
25781,2
25782,2
25783,2
25784,2
25785,2
25786,2
25787,2
25788,2
25789,2
25790,2
25791,2
25792,2
25793,2
25794,2
25795,2
25796,2
25797,2
25798,2
25799,2
25800,2
25801,2
25802,2
25803,2
25804,2
25805,2
25806,2
25807,2
25808,2
25809,2
25810,2
25811,2
25812,2
25813,2
25814,2
25815,2
25816,2
25817,2
25818,2
25819,2
25820,2
25821,2
25822,2
25823,2
25824,2
25825,2
25826,2
25827,2
25828,2
25829,2
25830,2
25831,2
25832,2
25833,2
25834,2
25835,2
25836,2
25837,2
25838,2
25839,2
25840,2
25841,2
25842,2
25843,2
25844,2
25845,2
25846,2
25847,2
25848,2
25849,2
25850,2
25851,2
25852,2
25853,2
25854,2
25855,2
25856,2
25857,2
25858,2
25859,2
25860,2
25861,2
25862,2
25863,2
25864,2
25865,2
25866,2
25867,2
25868,2
25869,2
25870,2
25871,2
25872,2
25873,2
25874,2
25875,2
25876,2
25877,2
25878,2
25879,2
25880,2
25881,2
25882,2
25883,2
25884,2
25885,2
25886,2
25887,2
25888,2
25889,2
25890,2
25891,2
25892,2
25893,2
25894,2
25895,2
25896,2
25897,2
25898,2
25899,2
25900,2
25901,2
25902,2
25903,2
25904,2
25905,2
25906,2
25907,2
25908,2
25909,2
25910,2
25911,2
25912,2
25913,2
25914,2
25915,2
25916,2
25917,2
25918,2
25919,2
25920,2
25921,2
25922,2
25923,2
25924,2
25925,2
25926,2
25927,2
25928,2
25929,2
25930,2
25931,2
25932,2
25933,2
25934,2
25935,2
25936,2
25937,2
25938,2
25939,2
25940,2
25941,2
25942,2
25943,2
25944,2
25945,2
25946,2
25947,2
25948,2
25949,2
25950,2
25951,2
25952,2
25953,2
25954,2
25955,2
25956,2
25957,2
25958,2
25959,2
25960,2
25961,2
25962,2
25963,2
25964,2
25965,2
25966,2
25967,2
25968,2
25969,2
25970,2
25971,2
25972,2
25973,2
25974,2
25975,2
25976,2
25977,2
25978,2
25979,2
25980,2
25981,2
25982,2
25983,2
25984,2
25985,2
25986,2
25987,2
25988,2
25989,2
25990,2
25991,2
25992,2
25993,2
25994,2
25995,2
25996,2
25997,2
25998,2
25999,2
26000,2
26001,2
26002,2
26003,2
26004,2
26005,2
26006,2
26007,2
26008,2
26009,2
26010,2
26011,2
26012,2
26013,2
26014,2
26015,2
26016,2
26017,2
26018,2
26019,2
26020,2
26021,2
26022,2
26023,2
26024,2
26025,2
26026,2
26027,2
26028,2
26029,2
26030,2
26031,2
26032,2
26033,2
26034,2
26035,2
26036,2
26037,2
26038,2
26039,2
26040,2
26041,2
26042,2
26043,2
26044,2
26045,2
26046,2
26047,2
26048,2
26049,2
26050,2
26051,2
26052,2
26053,2
26054,2
26055,2
26056,2
26057,2
26058,2
26059,2
26060,2
26061,2
26062,2
26063,2
26064,2
26065,2
26066,2
26067,2
26068,2
26069,2
26070,2
26071,2
26072,2
26073,2
26074,2
26075,2
26076,2
26077,2
26078,2
26079,2
26080,2
26081,2
26082,2
26083,2
26084,2
26085,2
26086,2
26087,2
26088,2
26089,2
26090,2
26091,2
26092,2
26093,2
26094,2
26095,2
26096,2
26097,2
26098,2
26099,2
26100,2
26101,2
26102,2
26103,2
26104,2
26105,2
26106,2
26107,2
26108,2
26109,2
26110,2
26111,2
26112,2
26113,2
26114,2
26115,2
26116,2
26117,2
26118,2
26119,2
26120,2
26121,2
26122,2
26123,2
26124,2
26125,2
26126,2
26127,2
26128,2
26129,2
26130,2
26131,2
26132,2
26133,2
26134,2
26135,2
26136,2
26137,2
26138,2
26139,2
26140,2
26141,2
26142,2
26143,2
26144,2
26145,2
26146,2
26147,2
26148,2
26149,2
26150,2
26151,2
26152,2
26153,2
26154,2
26155,2
26156,2
26157,2
26158,2
26159,2
26160,2
26161,2
26162,2
26163,2
26164,2
26165,2
26166,2
26167,2
26168,2
26169,2
26170,2
26171,2
26172,2
26173,2
26174,2
26175,2
26176,2
26177,2
26178,2
26179,2
26180,2
26181,2
26182,2
26183,2
26184,2
26185,2
26186,2
26187,2
26188,2
26189,2
26190,2
26191,2
26192,2
26193,2
26194,2
26195,2
26196,2
26197,2
26198,2
26199,2
26200,2
26201,2
26202,2
26203,2
26204,2
26205,2
26206,2
26207,2
26208,2
26209,2
26210,2
26211,2
26212,2
26213,2
26214,2
26215,2
26216,2
26217,2
26218,2
26219,2
26220,2
26221,2
26222,2
26223,2
26224,2
26225,2
26226,2
26227,2
26228,2
26229,2
26230,2
26231,2
26232,2
26233,2
26234,2
26235,2
26236,2
26237,2
26238,2
26239,2
26240,2
26241,2
26242,2
26243,2
26244,2
26245,2
26246,2
26247,2
26248,2
26249,2
26250,2
26251,2
26252,2
26253,2
26254,2
26255,2
26256,2
26257,2
26258,2
26259,2
26260,2
26261,2
26262,2
26263,2
26264,2
26265,2
26266,2
26267,2
26268,2
26269,2
26270,2
26271,2
26272,2
26273,2
26274,2
26275,2
26276,2
26277,2
26278,2
26279,2
26280,2
26281,2
26282,2
26283,2
26284,2
26285,2
26286,2
26287,2
26288,2
26289,2
26290,2
26291,2
26292,2
26293,2
26294,2
26295,2
26296,2
26297,2
26298,2
26299,2
26300,2
26301,2
26302,2
26303,2
26304,2
26305,2
26306,2
26307,2
26308,2
26309,2
26310,2
26311,2
26312,2
26313,2
26314,2
26315,2
26316,2
26317,2
26318,2
26319,2
26320,2
26321,2
26322,2
26323,2
26324,2
26325,2
26326,2
26327,2
26328,2
26329,2
26330,2
26331,2
26332,2
26333,2
26334,2
26335,2
26336,2
26337,2
26338,2
26339,2
26340,2
26341,2
26342,2
26343,2
26344,2
26345,2
26346,2
26347,2
26348,2
26349,2
26350,2
26351,2
26352,2
26353,2
26354,2
26355,2
26356,2
26357,2
26358,2
26359,2
26360,2
26361,2
26362,2
26363,2
26364,2
26365,2
26366,2
26367,2
26368,2
26369,2
26370,2
26371,2
26372,2
26373,2
26374,2
26375,2
26376,2
26377,2
26378,2
26379,2
26380,2
26381,2
26382,2
26383,2
26384,2
26385,2
26386,2
26387,2
26388,2
26389,2
26390,2
26391,2
26392,2
26393,2
26394,2
26395,2
26396,2
26397,2
26398,2
26399,2
26400,2
26401,2
26402,2
26403,2
26404,2
26405,2
26406,2
26407,2
26408,2
26409,2
26410,2
26411,2
26412,2
26413,2
26414,2
26415,2
26416,2
26417,2
26418,2
26419,2
26420,2
26421,2
26422,2
26423,2
26424,2
26425,2
26426,2
26427,2
26428,2
26429,2
26430,2
26431,2
26432,2
26433,2
26434,2
26435,2
26436,2
26437,2
26438,2
26439,2
26440,2
26441,2
26442,2
26443,2
26444,2
26445,2
26446,2
26447,2
26448,2
26449,2
26450,2
26451,2
26452,2
26453,2
26454,2
26455,2
26456,2
26457,2
26458,2
26459,2
26460,2
26461,2
26462,2
26463,2
26464,2
26465,2
26466,2
26467,2
26468,2
26469,2
26470,2
26471,2
26472,2
26473,2
26474,2
26475,2
26476,2
26477,2
26478,2
26479,2
26480,2
26481,2
26482,2
26483,2
26484,2
26485,2
26486,2
26487,2
26488,2
26489,2
26490,2
26491,2
26492,2
26493,2
26494,2
26495,2
26496,2
26497,2
26498,2
26499,2
26500,2
26501,2
26502,2
26503,2
26504,2
26505,2
26506,2
26507,2
26508,2
26509,2
26510,2
26511,2
26512,2
26513,2
26514,2
26515,2
26516,2
26517,2
26518,2
26519,2
26520,2
26521,2
26522,2
26523,2
26524,2
26525,2
26526,2
26527,2
26528,2
26529,2
26530,2
26531,2
26532,2
26533,2
26534,2
26535,2
26536,2
26537,2
26538,2
26539,2
26540,2
26541,2
26542,2
26543,2
26544,2
26545,2
26546,2
26547,2
26548,2
26549,2
26550,2
26551,2
26552,2
26553,2
26554,2
26555,2
26556,2
26557,2
26558,2
26559,2
26560,2
26561,2
26562,2
26563,2
26564,2
26565,2
26566,2
26567,2
26568,2
26569,2
26570,2
26571,2
26572,2
26573,2
26574,2
26575,2
26576,2
26577,2
26578,2
26579,2
26580,2
26581,2
26582,2
26583,2
26584,2
26585,2
26586,2
26587,2
26588,2
26589,2
26590,2
26591,2
26592,2
26593,2
26594,2
26595,2
26596,2
26597,2
26598,2
26599,2
26600,2
26601,2
26602,2
26603,2
26604,2
26605,2
26606,2
26607,2
26608,2
26609,2
26610,2
26611,2
26612,2
26613,2
26614,2
26615,2
26616,2
26617,2
26618,2
26619,2
26620,2
26621,2
26622,2
26623,2
26624,2
26625,2
26626,2
26627,2
26628,2
26629,2
26630,2
26631,2
26632,2
26633,2
26634,2
26635,2
26636,2
26637,2
26638,2
26639,2
26640,2
26641,2
26642,2
26643,2
26644,2
26645,2
26646,2
26647,2
26648,2
26649,2
26650,2
26651,2
26652,2
26653,2
26654,2
26655,2
26656,2
26657,2
26658,2
26659,2
26660,2
26661,2
26662,2
26663,2
26664,2
26665,2
26666,2
26667,2
26668,2
26669,2
26670,2
26671,2
26672,2
26673,2
26674,2
26675,2
26676,2
26677,2
26678,2
26679,2
26680,2
26681,2
26682,2
26683,2
26684,2
26685,2
26686,2
26687,2
26688,2
26689,2
26690,2
26691,2
26692,2
26693,2
26694,2
26695,2
26696,2
26697,2
26698,2
26699,2
26700,2
26701,2
26702,2
26703,2
26704,2
26705,2
26706,2
26707,2
26708,2
26709,2
26710,2
26711,2
26712,2
26713,2
26714,2
26715,2
26716,2
26717,2
26718,2
26719,2
26720,2
26721,2
26722,2
26723,2
26724,2
26725,2
26726,2
26727,2
26728,2
26729,2
26730,2
26731,2
26732,2
26733,2
26734,2
26735,2
26736,2
26737,2
26738,2
26739,2
26740,2
26741,2
26742,2
26743,2
26744,2
26745,2
26746,2
26747,2
26748,2
26749,2
26750,2
26751,2
26752,2
26753,2
26754,2
26755,2
26756,2
26757,2
26758,2
26759,2
26760,2
26761,2
26762,2
26763,2
26764,2
26765,2
26766,2
26767,2
26768,2
26769,2
26770,2
26771,2
26772,2
26773,2
26774,2
26775,2
26776,2
26777,2
26778,2
26779,2
26780,2
26781,2
26782,2
26783,2
26784,2
26785,2
26786,2
26787,2
26788,2
26789,2
26790,2
26791,2
26792,2
26793,2
26794,2
26795,2
26796,2
26797,2
26798,2
26799,2
26800,2
26801,2
26802,2
26803,2
26804,2
26805,2
26806,2
26807,2
26808,2
26809,2
26810,2
26811,2
26812,2
26813,2
26814,2
26815,2
26816,2
26817,2
26818,2
26819,2
26820,2
26821,2
26822,2
26823,2
26824,2
26825,2
26826,2
26827,2
26828,2
26829,2
26830,2
26831,2
26832,2
26833,2
26834,2
26835,2
26836,2
26837,2
26838,2
26839,2
26840,2
26841,2
26842,2
26843,2
26844,2
26845,2
26846,2
26847,2
26848,2
26849,2
26850,2
26851,2
26852,2
26853,2
26854,2
26855,2
26856,2
26857,2
26858,2
26859,2
26860,2
26861,2
26862,2
26863,2
26864,2
26865,2
26866,2
26867,2
26868,2
26869,2
26870,2
26871,2
26872,2
26873,2
26874,2
26875,2
26876,2
26877,2
26878,2
26879,2
26880,2
26881,2
26882,2
26883,2
26884,2
26885,2
26886,2
26887,2
26888,2
26889,2
26890,2
26891,2
26892,2
26893,2
26894,2
26895,2
26896,2
26897,2
26898,2
26899,2
26900,2
26901,2
26902,2
26903,2
26904,2
26905,2
26906,2
26907,2
26908,2
26909,2
26910,2
26911,2
26912,2
26913,2
26914,2
26915,2
26916,2
26917,2
26918,2
26919,2
26920,2
26921,2
26922,2
26923,2
26924,2
26925,2
26926,2
26927,2
26928,2
26929,2
26930,2
26931,2
26932,2
26933,2
26934,2
26935,2
26936,2
26937,2
26938,2
26939,2
26940,2
26941,2
26942,2
26943,2
26944,2
26945,2
26946,2
26947,2
26948,2
26949,2
26950,2
26951,2
26952,2
26953,2
26954,2
26955,2
26956,2
26957,2
26958,2
26959,2
26960,2
26961,2
26962,2
26963,2
26964,2
26965,2
26966,2
26967,2
26968,2
26969,2
26970,2
26971,2
26972,2
26973,2
26974,2
26975,2
26976,2
26977,2
26978,2
26979,2
26980,2
26981,2
26982,2
26983,2
26984,2
26985,2
26986,2
26987,2
26988,2
26989,2
26990,2
26991,2
26992,2
26993,2
26994,2
26995,2
26996,2
26997,2
26998,2
26999,2
27000,2
27001,2
27002,2
27003,2
27004,2
27005,2
27006,2
27007,2
27008,2
27009,2
27010,2
27011,2
27012,2
27013,2
27014,2
27015,2
27016,2
27017,2
27018,2
27019,2
27020,2
27021,2
27022,2
27023,2
27024,2
27025,2
27026,2
27027,2
27028,2
27029,2
27030,2
27031,2
27032,2
27033,2
27034,2
27035,2
27036,2
27037,2
27038,2
27039,2
27040,2
27041,2
27042,2
27043,2
27044,2
27045,2
27046,2
27047,2
27048,2
27049,2
27050,2
27051,2
27052,2
27053,2
27054,2
27055,2
27056,2
27057,2
27058,2
27059,2
27060,2
27061,2
27062,2
27063,2
27064,2
27065,2
27066,2
27067,2
27068,2
27069,2
27070,2
27071,2
27072,2
27073,2
27074,2
27075,2
27076,2
27077,2
27078,2
27079,2
27080,2
27081,2
27082,2
27083,2
27084,2
27085,2
27086,2
27087,2
27088,2
27089,2
27090,2
27091,2
27092,2
27093,2
27094,2
27095,2
27096,2
27097,2
27098,2
27099,2
27100,2
27101,2
27102,2
27103,2
27104,2
27105,2
27106,2
27107,2
27108,2
27109,2
27110,2
27111,2
27112,2
27113,2
27114,2
27115,2
27116,2
27117,2
27118,2
27119,2
27120,2
27121,2
27122,2
27123,2
27124,2
27125,2
27126,2
27127,2
27128,2
27129,2
27130,2
27131,2
27132,2
27133,2
27134,2
27135,2
27136,2
27137,2
27138,2
27139,2
27140,2
27141,2
27142,2
27143,2
27144,2
27145,2
27146,2
27147,2
27148,2
27149,2
27150,2
27151,2
27152,2
27153,2
27154,2
27155,2
27156,2
27157,2
27158,2
27159,2
27160,2
27161,2
27162,2
27163,2
27164,2
27165,2
27166,2
27167,2
27168,2
27169,2
27170,2
27171,2
27172,2
27173,2
27174,2
27175,2
27176,2
27177,2
27178,2
27179,2
27180,2
27181,2
27182,2
27183,2
27184,2
27185,2
27186,2
27187,2
27188,2
27189,2
27190,2
27191,2
27192,2
27193,2
27194,2
27195,2
27196,2
27197,2
27198,2
27199,2
27200,2
27201,2
27202,2
27203,2
27204,2
27205,2
27206,2
27207,2
27208,2
27209,2
27210,2
27211,2
27212,2
27213,2
27214,2
27215,2
27216,2
27217,2
27218,2
27219,2
27220,2
27221,2
27222,2
27223,2
27224,2
27225,2
27226,2
27227,2
27228,2
27229,2
27230,2
27231,2
27232,2
27233,2
27234,2
27235,2
27236,2
27237,2
27238,2
27239,2
27240,2
27241,2
27242,2
27243,2
27244,2
27245,2
27246,2
27247,2
27248,2
27249,2
27250,2
27251,2
27252,2
27253,2
27254,2
27255,2
27256,2
27257,2
27258,2
27259,2
27260,2
27261,2
27262,2
27263,2
27264,2
27265,2
27266,2
27267,2
27268,2
27269,2
27270,2
27271,2
27272,2
27273,2
27274,2
27275,2
27276,2
27277,2
27278,2
27279,2
27280,2
27281,2
27282,2
27283,2
27284,2
27285,2
27286,2
27287,2
27288,2
27289,2
27290,2
27291,2
27292,2
27293,2
27294,2
27295,2
27296,2
27297,2
27298,2
27299,2
27300,2
27301,2
27302,2
27303,2
27304,2
27305,2
27306,2
27307,2
27308,2
27309,2
27310,2
27311,2
27312,2
27313,2
27314,2
27315,2
27316,2
27317,2
27318,2
27319,2
27320,2
27321,2
27322,2
27323,2
27324,2
27325,2
27326,2
27327,2
27328,2
27329,2
27330,2
27331,2
27332,2
27333,2
27334,2
27335,2
27336,2
27337,2
27338,2
27339,2
27340,2
27341,2
27342,2
27343,2
27344,2
27345,2
27346,2
27347,2
27348,2
27349,2
27350,2
27351,2
27352,2
27353,2
27354,2
27355,2
27356,2
27357,2
27358,2
27359,2
27360,2
27361,2
27362,2
27363,2
27364,2
27365,2
27366,2
27367,2
27368,2
27369,2
27370,2
27371,2
27372,2
27373,2
27374,2
27375,2
27376,2
27377,2
27378,2
27379,2
27380,2
27381,2
27382,2
27383,2
27384,2
27385,2
27386,2
27387,2
27388,2
27389,2
27390,2
27391,2
27392,2
27393,2
27394,2
27395,2
27396,2
27397,2
27398,2
27399,2
27400,2
27401,2
27402,2
27403,2
27404,2
27405,2
27406,2
27407,2
27408,2
27409,2
27410,2
27411,2
27412,2
27413,2
27414,2
27415,2
27416,2
27417,2
27418,2
27419,2
27420,2
27421,2
27422,2
27423,2
27424,2
27425,2
27426,2
27427,2
27428,2
27429,2
27430,2
27431,2
27432,2
27433,2
27434,2
27435,2
27436,2
27437,2
27438,2
27439,2
27440,2
27441,2
27442,2
27443,2
27444,2
27445,2
27446,2
27447,2
27448,2
27449,2
27450,2
27451,2
27452,2
27453,2
27454,2
27455,2
27456,2
27457,2
27458,2
27459,2
27460,2
27461,2
27462,2
27463,2
27464,2
27465,2
27466,2
27467,2
27468,2
27469,2
27470,2
27471,2
27472,2
27473,2
27474,2
27475,2
27476,2
27477,2
27478,2
27479,2
27480,2
27481,2
27482,2
27483,2
27484,2
27485,2
27486,2
27487,2
27488,2
27489,2
27490,2
27491,2
27492,2
27493,2
27494,2
27495,2
27496,2
27497,2
27498,2
27499,2
27500,2
27501,2
27502,2
27503,2
27504,2
27505,2
27506,2
27507,2
27508,2
27509,2
27510,2
27511,2
27512,2
27513,2
27514,2
27515,2
27516,2
27517,2
27518,2
27519,2
27520,2
27521,2
27522,2
27523,2
27524,2
27525,2
27526,2
27527,2
27528,2
27529,2
27530,2
27531,2
27532,2
27533,2
27534,2
27535,2
27536,2
27537,2
27538,2
27539,2
27540,2
27541,2
27542,2
27543,2
27544,2
27545,2
27546,2
27547,2
27548,2
27549,2
27550,2
27551,2
27552,2
27553,2
27554,2
27555,2
27556,2
27557,2
27558,2
27559,2
27560,2
27561,2
27562,2
27563,2
27564,2
27565,2
27566,2
27567,2
27568,2
27569,2
27570,2
27571,2
27572,2
27573,2
27574,2
27575,2
27576,2
27577,2
27578,2
27579,2
27580,2
27581,2
27582,2
27583,2
27584,2
27585,2
27586,2
27587,2
27588,2
27589,2
27590,2
27591,2
27592,2
27593,2
27594,2
27595,2
27596,2
27597,2
27598,2
27599,2
27600,2
27601,2
27602,2
27603,2
27604,2
27605,2
27606,2
27607,2
27608,2
27609,2
27610,2
27611,2
27612,2
27613,2
27614,2
27615,2
27616,2
27617,2
27618,2
27619,2
27620,2
27621,2
27622,2
27623,2
27624,2
27625,2
27626,2
27627,2
27628,2
27629,2
27630,2
27631,2
27632,2
27633,2
27634,2
27635,2
27636,2
27637,2
27638,2
27639,2
27640,2
27641,2
27642,2
27643,2
27644,2
27645,2
27646,2
27647,2
27648,2
27649,2
27650,2
27651,2
27652,2
27653,2
27654,2
27655,2
27656,2
27657,2
27658,2
27659,2
27660,2
27661,2
27662,2
27663,2
27664,2
27665,2
27666,2
27667,2
27668,2
27669,2
27670,2
27671,2
27672,2
27673,2
27674,2
27675,2
27676,2
27677,2
27678,2
27679,2
27680,2
27681,2
27682,2
27683,2
27684,2
27685,2
27686,2
27687,2
27688,2
27689,2
27690,2
27691,2
27692,2
27693,2
27694,2
27695,2
27696,2
27697,2
27698,2
27699,2
27700,2
27701,2
27702,2
27703,2
27704,2
27705,2
27706,2
27707,2
27708,2
27709,2
27710,2
27711,2
27712,2
27713,2
27714,2
27715,2
27716,2
27717,2
27718,2
27719,2
27720,2
27721,2
27722,2
27723,2
27724,2
27725,2
27726,2
27727,2
27728,2
27729,2
27730,2
27731,2
27732,2
27733,2
27734,2
27735,2
27736,2
27737,2
27738,2
27739,2
27740,2
27741,2
27742,2
27743,2
27744,2
27745,2
27746,2
27747,2
27748,2
27749,2
27750,2
27751,2
27752,2
27753,2
27754,2
27755,2
27756,2
27757,2
27758,2
27759,2
27760,2
27761,2
27762,2
27763,2
27764,2
27765,2
27766,2
27767,2
27768,2
27769,2
27770,2
27771,2
27772,2
27773,2
27774,2
27775,2
27776,2
27777,2
27778,2
27779,2
27780,2
27781,2
27782,2
27783,2
27784,2
27785,2
27786,2
27787,2
27788,2
27789,2
27790,2
27791,2
27792,2
27793,2
27794,2
27795,2
27796,2
27797,2
27798,2
27799,2
27800,2
27801,2
27802,2
27803,2
27804,2
27805,2
27806,2
27807,2
27808,2
27809,2
27810,2
27811,2
27812,2
27813,2
27814,2
27815,2
27816,2
27817,2
27818,2
27819,2
27820,2
27821,2
27822,2
27823,2
27824,2
27825,2
27826,2
27827,2
27828,2
27829,2
27830,2
27831,2
27832,2
27833,2
27834,2
27835,2
27836,2
27837,2
27838,2
27839,2
27840,2
27841,2
27842,2
27843,2
27844,2
27845,2
27846,2
27847,2
27848,2
27849,2
27850,2
27851,2
27852,2
27853,2
27854,2
27855,2
27856,2
27857,2
27858,2
27859,2
27860,2
27861,2
27862,2
27863,2
27864,2
27865,2
27866,2
27867,2
27868,2
27869,2
27870,2
27871,2
27872,2
27873,2
27874,2
27875,2
27876,2
27877,2
27878,2
27879,2
27880,2
27881,2
27882,2
27883,2
27884,2
27885,2
27886,2
27887,2
27888,2
27889,2
27890,2
27891,2
27892,2
27893,2
27894,2
27895,2
27896,2
27897,2
27898,2
27899,2
27900,2
27901,2
27902,2
27903,2
27904,2
27905,2
27906,2
27907,2
27908,2
27909,2
27910,2
27911,2
27912,2
27913,2
27914,2
27915,2
27916,2
27917,2
27918,2
27919,2
27920,2
27921,2
27922,2
27923,2
27924,2
27925,2
27926,2
27927,2
27928,2
27929,2
27930,2
27931,2
27932,2
27933,2
27934,2
27935,2
27936,2
27937,2
27938,2
27939,2
27940,2
27941,2
27942,2
27943,2
27944,2
27945,2
27946,2
27947,2
27948,2
27949,2
27950,2
27951,2
27952,2
27953,2
27954,2
27955,2
27956,2
27957,2
27958,2
27959,2
27960,2
27961,2
27962,2
27963,2
27964,2
27965,2
27966,2
27967,2
27968,2
27969,2
27970,2
27971,2
27972,2
27973,2
27974,2
27975,2
27976,2
27977,2
27978,2
27979,2
27980,2
27981,2
27982,2
27983,2
27984,2
27985,2
27986,2
27987,2
27988,2
27989,2
27990,2
27991,2
27992,2
27993,2
27994,2
27995,2
27996,2
27997,2
27998,2
27999,2
28000,2
28001,2
28002,2
28003,2
28004,2
28005,2
28006,2
28007,2
28008,2
28009,2
28010,2
28011,2
28012,2
28013,2
28014,2
28015,2
28016,2
28017,2
28018,2
28019,2
28020,2
28021,2
28022,2
28023,2
28024,2
28025,2
28026,2
28027,2
28028,2
28029,2
28030,2
28031,2
28032,2
28033,2
28034,2
28035,2
28036,2
28037,2
28038,2
28039,2
28040,2
28041,2
28042,2
28043,2
28044,2
28045,2
28046,2
28047,2
28048,2
28049,2
28050,2
28051,2
28052,2
28053,2
28054,2
28055,2
28056,2
28057,2
28058,2
28059,2
28060,2
28061,2
28062,2
28063,2
28064,2
28065,2
28066,2
28067,2
28068,2
28069,2
28070,2
28071,2
28072,2
28073,2
28074,2
28075,2
28076,2
28077,2
28078,2
28079,2
28080,2
28081,2
28082,2
28083,2
28084,2
28085,2
28086,2
28087,2
28088,2
28089,2
28090,2
28091,2
28092,2
28093,2
28094,2
28095,2
28096,2
28097,2
28098,2
28099,2
28100,2
28101,2
28102,2
28103,2
28104,2
28105,2
28106,2
28107,2
28108,2
28109,2
28110,2
28111,2
28112,2
28113,2
28114,2
28115,2
28116,2
28117,2
28118,2
28119,2
28120,2
28121,2
28122,2
28123,2
28124,2
28125,2
28126,2
28127,2
28128,2
28129,2
28130,2
28131,2
28132,2
28133,2
28134,2
28135,2
28136,2
28137,2
28138,2
28139,2
28140,2
28141,2
28142,2
28143,2
28144,2
28145,2
28146,2
28147,2
28148,2
28149,2
28150,2
28151,2
28152,2
28153,2
28154,2
28155,2
28156,2
28157,2
28158,2
28159,2
28160,2
28161,2
28162,2
28163,2
28164,2
28165,2
28166,2
28167,2
28168,2
28169,2
28170,2
28171,2
28172,2
28173,2
28174,2
28175,2
28176,2
28177,2
28178,2
28179,2
28180,2
28181,2
28182,2
28183,2
28184,2
28185,2
28186,2
28187,2
28188,2
28189,2
28190,2
28191,2
28192,2
28193,2
28194,2
28195,2
28196,2
28197,2
28198,2
28199,2
28200,2
28201,2
28202,2
28203,2
28204,2
28205,2
28206,2
28207,2
28208,2
28209,2
28210,2
28211,2
28212,2
28213,2
28214,2
28215,2
28216,2
28217,2
28218,2
28219,2
28220,2
28221,2
28222,2
28223,2
28224,2
28225,2
28226,2
28227,2
28228,2
28229,2
28230,2
28231,2
28232,2
28233,2
28234,2
28235,2
28236,2
28237,2
28238,2
28239,2
28240,2
28241,2
28242,2
28243,2
28244,2
28245,2
28246,2
28247,2
28248,2
28249,2
28250,2
28251,2
28252,2
28253,2
28254,2
28255,2
28256,2
28257,2
28258,2
28259,2
28260,2
28261,2
28262,2
28263,2
28264,2
28265,2
28266,2
28267,2
28268,2
28269,2
28270,2
28271,2
28272,2
28273,2
28274,2
28275,2
28276,2
28277,2
28278,2
28279,2
28280,2
28281,2
28282,2
28283,2
28284,2
28285,2
28286,2
28287,2
28288,2
28289,2
28290,2
28291,2
28292,2
28293,2
28294,2
28295,2
28296,2
28297,2
28298,2
28299,2
28300,2
28301,2
28302,2
28303,2
28304,2
28305,2
28306,2
28307,2
28308,2
28309,2
28310,2
28311,2
28312,2
28313,2
28314,2
28315,2
28316,2
28317,2
28318,2
28319,2
28320,2
28321,2
28322,2
28323,2
28324,2
28325,2
28326,2
28327,2
28328,2
28329,2
28330,2
28331,2
28332,2
28333,2
28334,2
28335,2
28336,2
28337,2
28338,2
28339,2
28340,2
28341,2
28342,2
28343,2
28344,2
28345,2
28346,2
28347,2
28348,2
28349,2
28350,2
28351,2
28352,2
28353,2
28354,2
28355,2
28356,2
28357,2
28358,2
28359,2
28360,2
28361,2
28362,2
28363,2
28364,2
28365,2
28366,2
28367,2
28368,2
28369,2
28370,2
28371,2
28372,2
28373,2
28374,2
28375,2
28376,2
28377,2
28378,2
28379,2
28380,2
28381,2
28382,2
28383,2
28384,2
28385,2
28386,2
28387,2
28388,2
28389,2
28390,2
28391,2
28392,2
28393,2
28394,2
28395,2
28396,2
28397,2
28398,2
28399,2
28400,2
28401,2
28402,2
28403,2
28404,2
28405,2
28406,2
28407,2
28408,2
28409,2
28410,2
28411,2
28412,2
28413,2
28414,2
28415,2
28416,2
28417,2
28418,2
28419,2
28420,2
28421,2
28422,2
28423,2
28424,2
28425,2
28426,2
28427,2
28428,2
28429,2
28430,2
28431,2
28432,2
28433,2
28434,2
28435,2
28436,2
28437,2
28438,2
28439,2
28440,2
28441,2
28442,2
28443,2
28444,2
28445,2
28446,2
28447,2
28448,2
28449,2
28450,2
28451,2
28452,2
28453,2
28454,2
28455,2
28456,2
28457,2
28458,2
28459,2
28460,2
28461,2
28462,2
28463,2
28464,2
28465,2
28466,2
28467,2
28468,2
28469,2
28470,2
28471,2
28472,2
28473,2
28474,2
28475,2
28476,2
28477,2
28478,2
28479,2
28480,2
28481,2
28482,2
28483,2
28484,2
28485,2
28486,2
28487,2
28488,2
28489,2
28490,2
28491,2
28492,2
28493,2
28494,2
28495,2
28496,2
28497,2
28498,2
28499,2
28500,2
28501,2
28502,2
28503,2
28504,2
28505,2
28506,2
28507,2
28508,2
28509,2
28510,2
28511,2
28512,2
28513,2
28514,2
28515,2
28516,2
28517,2
28518,2
28519,2
28520,2
28521,2
28522,2
28523,2
28524,2
28525,2
28526,2
28527,2
28528,2
28529,2
28530,2
28531,2
28532,2
28533,2
28534,2
28535,2
28536,2
28537,2
28538,2
28539,2
28540,2
28541,2
28542,2
28543,2
28544,2
28545,2
28546,2
28547,2
28548,2
28549,2
28550,2
28551,2
28552,2
28553,2
28554,2
28555,2
28556,2
28557,2
28558,2
28559,2
28560,2
28561,2
28562,2
28563,2
28564,2
28565,2
28566,2
28567,2
28568,2
28569,2
28570,2
28571,2
28572,2
28573,2
28574,2
28575,2
28576,2
28577,2
28578,2
28579,2
28580,2
28581,2
28582,2
28583,2
28584,2
28585,2
28586,2
28587,2
28588,2
28589,2
28590,2
28591,2
28592,2
28593,2
28594,2
28595,2
28596,2
28597,2
28598,2
28599,2
28600,2
28601,2
28602,2
28603,2
28604,2
28605,2
28606,2
28607,2
28608,2
28609,2
28610,2
28611,2
28612,2
28613,2
28614,2
28615,2
28616,2
28617,2
28618,2
28619,2
28620,2
28621,2
28622,2
28623,2
28624,2
28625,2
28626,2
28627,2
28628,2
28629,2
28630,2
28631,2
28632,2
28633,2
28634,2
28635,2
28636,2
28637,2
28638,2
28639,2
28640,2
28641,2
28642,2
28643,2
28644,2
28645,2
28646,2
28647,2
28648,2
28649,2
28650,2
28651,2
28652,2
28653,2
28654,2
28655,2
28656,2
28657,2
28658,2
28659,2
28660,2
28661,2
28662,2
28663,2
28664,2
28665,2
28666,2
28667,2
28668,2
28669,2
28670,2
28671,2
28672,2
28673,2
28674,2
28675,2
28676,2
28677,2
28678,2
28679,2
28680,2
28681,2
28682,2
28683,2
28684,2
28685,2
28686,2
28687,2
28688,2
28689,2
28690,2
28691,2
28692,2
28693,2
28694,2
28695,2
28696,2
28697,2
28698,2
28699,2
28700,2
28701,2
28702,2
28703,2
28704,2
28705,2
28706,2
28707,2
28708,2
28709,2
28710,2
28711,2
28712,2
28713,2
28714,2
28715,2
28716,2
28717,2
28718,2
28719,2
28720,2
28721,2
28722,2
28723,2
28724,2
28725,2
28726,2
28727,2
28728,2
28729,2
28730,2
28731,2
28732,2
28733,2
28734,2
28735,2
28736,2
28737,2
28738,2
28739,2
28740,2
28741,2
28742,2
28743,2
28744,2
28745,2
28746,2
28747,2
28748,2
28749,2
28750,2
28751,2
28752,2
28753,2
28754,2
28755,2
28756,2
28757,2
28758,2
28759,2
28760,2
28761,2
28762,2
28763,2
28764,2
28765,2
28766,2
28767,2
28768,2
28769,2
28770,2
28771,2
28772,2
28773,2
28774,2
28775,2
28776,2
28777,2
28778,2
28779,2
28780,2
28781,2
28782,2
28783,2
28784,2
28785,2
28786,2
28787,2
28788,2
28789,2
28790,2
28791,2
28792,2
28793,2
28794,2
28795,2
28796,2
28797,2
28798,2
28799,2
28800,2
28801,2
28802,2
28803,2
28804,2
28805,2
28806,2
28807,2
28808,2
28809,2
28810,2
28811,2
28812,2
28813,2
28814,2
28815,2
28816,2
28817,2
28818,2
28819,2
28820,2
28821,2
28822,2
28823,2
28824,2
28825,2
28826,2
28827,2
28828,2
28829,2
28830,2
28831,2
28832,2
28833,2
28834,2
28835,2
28836,2
28837,2
28838,2
28839,2
28840,2
28841,2
28842,2
28843,2
28844,2
28845,2
28846,2
28847,2
28848,2
28849,2
28850,2
28851,2
28852,2
28853,2
28854,2
28855,2
28856,2
28857,2
28858,2
28859,2
28860,2
28861,2
28862,2
28863,2
28864,2
28865,2
28866,2
28867,2
28868,2
28869,2
28870,2
28871,2
28872,2
28873,2
28874,2
28875,2
28876,2
28877,2
28878,2
28879,2
28880,2
28881,2
28882,2
28883,2
28884,2
28885,2
28886,2
28887,2
28888,2
28889,2
28890,2
28891,2
28892,2
28893,2
28894,2
28895,2
28896,2
28897,2
28898,2
28899,2
28900,2
28901,2
28902,2
28903,2
28904,2
28905,2
28906,2
28907,2
28908,2
28909,2
28910,2
28911,2
28912,2
28913,2
28914,2
28915,2
28916,2
28917,2
28918,2
28919,2
28920,2
28921,2
28922,2
28923,2
28924,2
28925,2
28926,2
28927,2
28928,2
28929,2
28930,2
28931,2
28932,2
28933,2
28934,2
28935,2
28936,2
28937,2
28938,2
28939,2
28940,2
28941,2
28942,2
28943,2
28944,2
28945,2
28946,2
28947,2
28948,2
28949,2
28950,2
28951,2
28952,2
28953,2
28954,2
28955,2
28956,2
28957,2
28958,2
28959,2
28960,2
28961,2
28962,2
28963,2
28964,2
28965,2
28966,2
28967,2
28968,2
28969,2
28970,2
28971,2
28972,2
28973,2
28974,2
28975,2
28976,2
28977,2
28978,2
28979,2
28980,2
28981,2
28982,2
28983,2
28984,2
28985,2
28986,2
28987,2
28988,2
28989,2
28990,2
28991,2
28992,2
28993,2
28994,2
28995,2
28996,2
28997,2
28998,2
28999,2
29000,2
29001,2
29002,2
29003,2
29004,2
29005,2
29006,2
29007,2
29008,2
29009,2
29010,2
29011,2
29012,2
29013,2
29014,2
29015,2
29016,2
29017,2
29018,2
29019,2
29020,2
29021,2
29022,2
29023,2
29024,2
29025,2
29026,2
29027,2
29028,2
29029,2
29030,2
29031,2
29032,2
29033,2
29034,2
29035,2
29036,2
29037,2
29038,2
29039,2
29040,2
29041,2
29042,2
29043,2
29044,2
29045,2
29046,2
29047,2
29048,2
29049,2
29050,2
29051,2
29052,2
29053,2
29054,2
29055,2
29056,2
29057,2
29058,2
29059,2
29060,2
29061,2
29062,2
29063,2
29064,2
29065,2
29066,2
29067,2
29068,2
29069,2
29070,2
29071,2
29072,2
29073,2
29074,2
29075,2
29076,2
29077,2
29078,2
29079,2
29080,2
29081,2
29082,2
29083,2
29084,2
29085,2
29086,2
29087,2
29088,2
29089,2
29090,2
29091,2
29092,2
29093,2
29094,2
29095,2
29096,2
29097,2
29098,2
29099,2
29100,2
29101,2
29102,2
29103,2
29104,2
29105,2
29106,2
29107,2
29108,2
29109,2
29110,2
29111,2
29112,2
29113,2
29114,2
29115,2
29116,2
29117,2
29118,2
29119,2
29120,2
29121,2
29122,2
29123,2
29124,2
29125,2
29126,2
29127,2
29128,2
29129,2
29130,2
29131,2
29132,2
29133,2
29134,2
29135,2
29136,2
29137,2
29138,2
29139,2
29140,2
29141,2
29142,2
29143,2
29144,2
29145,2
29146,2
29147,2
29148,2
29149,2
29150,2
29151,2
29152,2
29153,2
29154,2
29155,2
29156,2
29157,2
29158,2
29159,2
29160,2
29161,2
29162,2
29163,2
29164,2
29165,2
29166,2
29167,2
29168,2
29169,2
29170,2
29171,2
29172,2
29173,2
29174,2
29175,2
29176,2
29177,2
29178,2
29179,2
29180,2
29181,2
29182,2
29183,2
29184,2
29185,2
29186,2
29187,2
29188,2
29189,2
29190,2
29191,2
29192,2
29193,2
29194,2
29195,2
29196,2
29197,2
29198,2
29199,2
29200,2
29201,2
29202,2
29203,2
29204,2
29205,2
29206,2
29207,2
29208,2
29209,2
29210,2
29211,2
29212,2
29213,2
29214,2
29215,2
29216,2
29217,2
29218,2
29219,2
29220,2
29221,2
29222,2
29223,2
29224,2
29225,2
29226,2
29227,2
29228,2
29229,2
29230,2
29231,2
29232,2
29233,2
29234,2
29235,2
29236,2
29237,2
29238,2
29239,2
29240,2
29241,2
29242,2
29243,2
29244,2
29245,2
29246,2
29247,2
29248,2
29249,2
29250,2
29251,2
29252,2
29253,2
29254,2
29255,2
29256,2
29257,2
29258,2
29259,2
29260,2
29261,2
29262,2
29263,2
29264,2
29265,2
29266,2
29267,2
29268,2
29269,2
29270,2
29271,2
29272,2
29273,2
29274,2
29275,2
29276,2
29277,2
29278,2
29279,2
29280,2
29281,2
29282,2
29283,2
29284,2
29285,2
29286,2
29287,2
29288,2
29289,2
29290,2
29291,2
29292,2
29293,2
29294,2
29295,2
29296,2
29297,2
29298,2
29299,2
29300,2
29301,2
29302,2
29303,2
29304,2
29305,2
29306,2
29307,2
29308,2
29309,2
29310,2
29311,2
29312,2
29313,2
29314,2
29315,2
29316,2
29317,2
29318,2
29319,2
29320,2
29321,2
29322,2
29323,2
29324,2
29325,2
29326,2
29327,2
29328,2
29329,2
29330,2
29331,2
29332,2
29333,2
29334,2
29335,2
29336,2
29337,2
29338,2
29339,2
29340,2
29341,2
29342,2
29343,2
29344,2
29345,2
29346,2
29347,2
29348,2
29349,2
29350,2
29351,2
29352,2
29353,2
29354,2
29355,2
29356,2
29357,2
29358,2
29359,2
29360,2
29361,2
29362,2
29363,2
29364,2
29365,2
29366,2
29367,2
29368,2
29369,2
29370,2
29371,2
29372,2
29373,2
29374,2
29375,2
29376,2
29377,2
29378,2
29379,2
29380,2
29381,2
29382,2
29383,2
29384,2
29385,2
29386,2
29387,2
29388,2
29389,2
29390,2
29391,2
29392,2
29393,2
29394,2
29395,2
29396,2
29397,2
29398,2
29399,2
29400,2
29401,2
29402,2
29403,2
29404,2
29405,2
29406,2
29407,2
29408,2
29409,2
29410,2
29411,2
29412,2
29413,2
29414,2
29415,2
29416,2
29417,2
29418,2
29419,2
29420,2
29421,2
29422,2
29423,2
29424,2
29425,2
29426,2
29427,2
29428,2
29429,2
29430,2
29431,2
29432,2
29433,2
29434,2
29435,2
29436,2
29437,2
29438,2
29439,2
29440,2
29441,2
29442,2
29443,2
29444,2
29445,2
29446,2
29447,2
29448,2
29449,2
29450,2
29451,2
29452,2
29453,2
29454,2
29455,2
29456,2
29457,2
29458,2
29459,2
29460,2
29461,2
29462,2
29463,2
29464,2
29465,2
29466,2
29467,2
29468,2
29469,2
29470,2
29471,2
29472,2
29473,2
29474,2
29475,2
29476,2
29477,2
29478,2
29479,2
29480,2
29481,2
29482,2
29483,2
29484,2
29485,2
29486,2
29487,2
29488,2
29489,2
29490,2
29491,2
29492,2
29493,2
29494,2
29495,2
29496,2
29497,2
29498,2
29499,2
29500,2
29501,2
29502,2
29503,2
29504,2
29505,2
29506,2
29507,2
29508,2
29509,2
29510,2
29511,2
29512,2
29513,2
29514,2
29515,2
29516,2
29517,2
29518,2
29519,2
29520,2
29521,2
29522,2
29523,2
29524,2
29525,2
29526,2
29527,2
29528,2
29529,2
29530,2
29531,2
29532,2
29533,2
29534,2
29535,2
29536,2
29537,2
29538,2
29539,2
29540,2
29541,2
29542,2
29543,2
29544,2
29545,2
29546,2
29547,2
29548,2
29549,2
29550,2
29551,2
29552,2
29553,2
29554,2
29555,2
29556,2
29557,2
29558,2
29559,2
29560,2
29561,2
29562,2
29563,2
29564,2
29565,2
29566,2
29567,2
29568,2
29569,2
29570,2
29571,2
29572,2
29573,2
29574,2
29575,2
29576,2
29577,2
29578,2
29579,2
29580,2
29581,2
29582,2
29583,2
29584,2
29585,2
29586,2
29587,2
29588,2
29589,2
29590,2
29591,2
29592,2
29593,2
29594,2
29595,2
29596,2
29597,2
29598,2
29599,2
29600,2
29601,2
29602,2
29603,2
29604,2
29605,2
29606,2
29607,2
29608,2
29609,2
29610,2
29611,2
29612,2
29613,2
29614,2
29615,2
29616,2
29617,2
29618,2
29619,2
29620,2
29621,2
29622,2
29623,2
29624,2
29625,2
29626,2
29627,2
29628,2
29629,2
29630,2
29631,2
29632,2
29633,2
29634,2
29635,2
29636,2
29637,2
29638,2
29639,2
29640,2
29641,2
29642,2
29643,2
29644,2
29645,2
29646,2
29647,2
29648,2
29649,2
29650,2
29651,2
29652,2
29653,2
29654,2
29655,2
29656,2
29657,2
29658,2
29659,2
29660,2
29661,2
29662,2
29663,2
29664,2
29665,2
29666,2
29667,2
29668,2
29669,2
29670,2
29671,2
29672,2
29673,2
29674,2
29675,2
29676,2
29677,2
29678,2
29679,2
29680,2
29681,2
29682,2
29683,2
29684,2
29685,2
29686,2
29687,2
29688,2
29689,2
29690,2
29691,2
29692,2
29693,2
29694,2
29695,2
29696,2
29697,2
29698,2
29699,2
29700,2
29701,2
29702,2
29703,2
29704,2
29705,2
29706,2
29707,2
29708,2
29709,2
29710,2
29711,2
29712,2
29713,2
29714,2
29715,2
29716,2
29717,2
29718,2
29719,2
29720,2
29721,2
29722,2
29723,2
29724,2
29725,2
29726,2
29727,2
29728,2
29729,2
29730,2
29731,2
29732,2
29733,2
29734,2
29735,2
29736,2
29737,2
29738,2
29739,2
29740,2
29741,2
29742,2
29743,2
29744,2
29745,2
29746,2
29747,2
29748,2
29749,2
29750,2
29751,2
29752,2
29753,2
29754,2
29755,2
29756,2
29757,2
29758,2
29759,2
29760,2
29761,2
29762,2
29763,2
29764,2
29765,2
29766,2
29767,2
29768,2
29769,2
29770,2
29771,2
29772,2
29773,2
29774,2
29775,2
29776,2
29777,2
29778,2
29779,2
29780,2
29781,2
29782,2
29783,2
29784,2
29785,2
29786,2
29787,2
29788,2
29789,2
29790,2
29791,2
29792,2
29793,2
29794,2
29795,2
29796,2
29797,2
29798,2
29799,2
29800,2
29801,2
29802,2
29803,2
29804,2
29805,2
29806,2
29807,2
29808,2
29809,2
29810,2
29811,2
29812,2
29813,2
29814,2
29815,2
29816,2
29817,2
29818,2
29819,2
29820,2
29821,2
29822,2
29823,2
29824,2
29825,2
29826,2
29827,2
29828,2
29829,2
29830,2
29831,2
29832,2
29833,2
29834,2
29835,2
29836,2
29837,2
29838,2
29839,2
29840,2
29841,2
29842,2
29843,2
29844,2
29845,2
29846,2
29847,2
29848,2
29849,2
29850,2
29851,2
29852,2
29853,2
29854,2
29855,2
29856,2
29857,2
29858,2
29859,2
29860,2
29861,2
29862,2
29863,2
29864,2
29865,2
29866,2
29867,2
29868,2
29869,2
29870,2
29871,2
29872,2
29873,2
29874,2
29875,2
29876,2
29877,2
29878,2
29879,2
29880,2
29881,2
29882,2
29883,2
29884,2
29885,2
29886,2
29887,2
29888,2
29889,2
29890,2
29891,2
29892,2
29893,2
29894,2
29895,2
29896,2
29897,2
29898,2
29899,2
29900,2
29901,2
29902,2
29903,2
29904,2
29905,2
29906,2
29907,2
29908,2
29909,2
29910,2
29911,2
29912,2
29913,2
29914,2
29915,2
29916,2
29917,2
29918,2
29919,2
29920,2
29921,2
29922,2
29923,2
29924,2
29925,2
29926,2
29927,2
29928,2
29929,2
29930,2
29931,2
29932,2
29933,2
29934,2
29935,2
29936,2
29937,2
29938,2
29939,2
29940,2
29941,2
29942,2
29943,2
29944,2
29945,2
29946,2
29947,2
29948,2
29949,2
29950,2
29951,2
29952,2
29953,2
29954,2
29955,2
29956,2
29957,2
29958,2
29959,2
29960,2
29961,2
29962,2
29963,2
29964,2
29965,2
29966,2
29967,2
29968,2
29969,2
29970,2
29971,2
29972,2
29973,2
29974,2
29975,2
29976,2
29977,2
29978,2
29979,2
29980,2
29981,2
29982,2
29983,2
29984,2
29985,2
29986,2
29987,2
29988,2
29989,2
29990,2
29991,2
29992,2
29993,2
29994,2
29995,2
29996,2
29997,2
29998,2
29999,2
30000,2
30001,2
30002,2
30003,2
30004,2
30005,2
30006,2
30007,2
30008,2
30009,2
30010,2
30011,2
30012,2
30013,2
30014,2
30015,2
30016,2
30017,2
30018,2
30019,2
30020,2
30021,2
30022,2
30023,2
30024,2
30025,2
30026,2
30027,2
30028,2
30029,2
30030,2
30031,2
30032,2
30033,2
30034,2
30035,2
30036,2
30037,2
30038,2
30039,2
30040,2
30041,2
30042,2
30043,2
30044,2
30045,2
30046,2
30047,2
30048,2
30049,2
30050,2
30051,2
30052,2
30053,2
30054,2
30055,2
30056,2
30057,2
30058,2
30059,2
30060,2
30061,2
30062,2
30063,2
30064,2
30065,2
30066,2
30067,2
30068,2
30069,2
30070,2
30071,2
30072,2
30073,2
30074,2
30075,2
30076,2
30077,2
30078,2
30079,2
30080,2
30081,2
30082,2
30083,2
30084,2
30085,2
30086,2
30087,2
30088,2
30089,2
30090,2
30091,2
30092,2
30093,2
30094,2
30095,2
30096,2
30097,2
30098,2
30099,2
30100,2
30101,2
30102,2
30103,2
30104,2
30105,2
30106,2
30107,2
30108,2
30109,2
30110,2
30111,2
30112,2
30113,2
30114,2
30115,2
30116,2
30117,2
30118,2
30119,2
30120,2
30121,2
30122,2
30123,2
30124,2
30125,2
30126,2
30127,2
30128,2
30129,2
30130,2
30131,2
30132,2
30133,2
30134,2
30135,2
30136,2
30137,2
30138,2
30139,2
30140,2
30141,2
30142,2
30143,2
30144,2
30145,2
30146,2
30147,2
30148,2
30149,2
30150,2
30151,2
30152,2
30153,2
30154,2
30155,2
30156,2
30157,2
30158,2
30159,2
30160,2
30161,2
30162,2
30163,2
30164,2
30165,2
30166,2
30167,2
30168,2
30169,2
30170,2
30171,2
30172,2
30173,2
30174,2
30175,2
30176,2
30177,2
30178,2
30179,2
30180,2
30181,2
30182,2
30183,2
30184,2
30185,2
30186,2
30187,2
30188,2
30189,2
30190,2
30191,2
30192,2
30193,2
30194,2
30195,2
30196,2
30197,2
30198,2
30199,2
30200,2
30201,2
30202,2
30203,2
30204,2
30205,2
30206,2
30207,2
30208,2
30209,2
30210,2
30211,2
30212,2
30213,2
30214,2
30215,2
30216,2
30217,2
30218,2
30219,2
30220,2
30221,2
30222,2
30223,2
30224,2
30225,2
30226,2
30227,2
30228,2
30229,2
30230,2
30231,2
30232,2
30233,2
30234,2
30235,2
30236,2
30237,2
30238,2
30239,2
30240,2
30241,2
30242,2
30243,2
30244,2
30245,2
30246,2
30247,2
30248,2
30249,2
30250,2
30251,2
30252,2
30253,2
30254,2
30255,2
30256,2
30257,2
30258,2
30259,2
30260,2
30261,2
30262,2
30263,2
30264,2
30265,2
30266,2
30267,2
30268,2
30269,2
30270,2
30271,2
30272,2
30273,2
30274,2
30275,2
30276,2
30277,2
30278,2
30279,2
30280,2
30281,2
30282,2
30283,2
30284,2
30285,2
30286,2
30287,2
30288,2
30289,2
30290,2
30291,2
30292,2
30293,2
30294,2
30295,2
30296,2
30297,2
30298,2
30299,2
30300,2
30301,2
30302,2
30303,2
30304,2
30305,2
30306,2
30307,2
30308,2
30309,2
30310,2
30311,2
30312,2
30313,2
30314,2
30315,2
30316,2
30317,2
30318,2
30319,2
30320,2
30321,2
30322,2
30323,2
30324,2
30325,2
30326,2
30327,2
30328,2
30329,2
30330,2
30331,2
30332,2
30333,2
30334,2
30335,2
30336,2
30337,2
30338,2
30339,2
30340,2
30341,2
30342,2
30343,2
30344,2
30345,2
30346,2
30347,2
30348,2
30349,2
30350,2
30351,2
30352,2
30353,2
30354,2
30355,2
30356,2
30357,2
30358,2
30359,2
30360,2
30361,2
30362,2
30363,2
30364,2
30365,2
30366,2
30367,2
30368,2
30369,2
30370,2
30371,2
30372,2
30373,2
30374,2
30375,2
30376,2
30377,2
30378,2
30379,2
30380,2
30381,2
30382,2
30383,2
30384,2
30385,2
30386,2
30387,2
30388,2
30389,2
30390,2
30391,2
30392,2
30393,2
30394,2
30395,2
30396,2
30397,2
30398,2
30399,2
30400,2
30401,2
30402,2
30403,2
30404,2
30405,2
30406,2
30407,2
30408,2
30409,2
30410,2
30411,2
30412,2
30413,2
30414,2
30415,2
30416,2
30417,2
30418,2
30419,2
30420,2
30421,2
30422,2
30423,2
30424,2
30425,2
30426,2
30427,2
30428,2
30429,2
30430,2
30431,2
30432,2
30433,2
30434,2
30435,2
30436,2
30437,2
30438,2
30439,2
30440,2
30441,2
30442,2
30443,2
30444,2
30445,2
30446,2
30447,2
30448,2
30449,2
30450,2
30451,2
30452,2
30453,2
30454,2
30455,2
30456,2
30457,2
30458,2
30459,2
30460,2
30461,2
30462,2
30463,2
30464,2
30465,2
30466,2
30467,2
30468,2
30469,2
30470,2
30471,2
30472,2
30473,2
30474,2
30475,2
30476,2
30477,2
30478,2
30479,2
30480,2
30481,2
30482,2
30483,2
30484,2
30485,2
30486,2
30487,2
30488,2
30489,2
30490,2
30491,2
30492,2
30493,2
30494,2
30495,2
30496,2
30497,2
30498,2
30499,2
30500,2
30501,2
30502,2
30503,2
30504,2
30505,2
30506,2
30507,2
30508,2
30509,2
30510,2
30511,2
30512,2
30513,2
30514,2
30515,2
30516,2
30517,2
30518,2
30519,2
30520,2
30521,2
30522,2
30523,2
30524,2
30525,2
30526,2
30527,2
30528,2
30529,2
30530,2
30531,2
30532,2
30533,2
30534,2
30535,2
30536,2
30537,2
30538,2
30539,2
30540,2
30541,2
30542,2
30543,2
30544,2
30545,2
30546,2
30547,2
30548,2
30549,2
30550,2
30551,2
30552,2
30553,2
30554,2
30555,2
30556,2
30557,2
30558,2
30559,2
30560,2
30561,2
30562,2
30563,2
30564,2
30565,2
30566,2
30567,2
30568,2
30569,2
30570,2
30571,2
30572,2
30573,2
30574,2
30575,2
30576,2
30577,2
30578,2
30579,2
30580,2
30581,2
30582,2
30583,2
30584,2
30585,2
30586,2
30587,2
30588,2
30589,2
30590,2
30591,2
30592,2
30593,2
30594,2
30595,2
30596,2
30597,2
30598,2
30599,2
30600,2
30601,2
30602,2
30603,2
30604,2
30605,2
30606,2
30607,2
30608,2
30609,2
30610,2
30611,2
30612,2
30613,2
30614,2
30615,2
30616,2
30617,2
30618,2
30619,2
30620,2
30621,2
30622,2
30623,2
30624,2
30625,2
30626,2
30627,2
30628,2
30629,2
30630,2
30631,2
30632,2
30633,2
30634,2
30635,2
30636,2
30637,2
30638,2
30639,2
30640,2
30641,2
30642,2
30643,2
30644,2
30645,2
30646,2
30647,2
30648,2
30649,2
30650,2
30651,2
30652,2
30653,2
30654,2
30655,2
30656,2
30657,2
30658,2
30659,2
30660,2
30661,2
30662,2
30663,2
30664,2
30665,2
30666,2
30667,2
30668,2
30669,2
30670,2
30671,2
30672,2
30673,2
30674,2
30675,2
30676,2
30677,2
30678,2
30679,2
30680,2
30681,2
30682,2
30683,2
30684,2
30685,2
30686,2
30687,2
30688,2
30689,2
30690,2
30691,2
30692,2
30693,2
30694,2
30695,2
30696,2
30697,2
30698,2
30699,2
30700,2
30701,2
30702,2
30703,2
30704,2
30705,2
30706,2
30707,2
30708,2
30709,2
30710,2
30711,2
30712,2
30713,2
30714,2
30715,2
30716,2
30717,2
30718,2
30719,2
30720,2
30721,2
30722,2
30723,2
30724,2
30725,2
30726,2
30727,2
30728,2
30729,2
30730,2
30731,2
30732,2
30733,2
30734,2
30735,2
30736,2
30737,2
30738,2
30739,2
30740,2
30741,2
30742,2
30743,2
30744,2
30745,2
30746,2
30747,2
30748,2
30749,2
30750,2
30751,2
30752,2
30753,2
30754,2
30755,2
30756,2
30757,2
30758,2
30759,2
30760,2
30761,2
30762,2
30763,2
30764,2
30765,2
30766,2
30767,2
30768,2
30769,2
30770,2
30771,2
30772,2
30773,2
30774,2
30775,2
30776,2
30777,2
30778,2
30779,2
30780,2
30781,2
30782,2
30783,2
30784,2
30785,2
30786,2
30787,2
30788,2
30789,2
30790,2
30791,2
30792,2
30793,2
30794,2
30795,2
30796,2
30797,2
30798,2
30799,2
30800,2
30801,2
30802,2
30803,2
30804,2
30805,2
30806,2
30807,2
30808,2
30809,2
30810,2
30811,2
30812,2
30813,2
30814,2
30815,2
30816,2
30817,2
30818,2
30819,2
30820,2
30821,2
30822,2
30823,2
30824,2
30825,2
30826,2
30827,2
30828,2
30829,2
30830,2
30831,2
30832,2
30833,2
30834,2
30835,2
30836,2
30837,2
30838,2
30839,2
30840,2
30841,2
30842,2
30843,2
30844,2
30845,2
30846,2
30847,2
30848,2
30849,2
30850,2
30851,2
30852,2
30853,2
30854,2
30855,2
30856,2
30857,2
30858,2
30859,2
30860,2
30861,2
30862,2
30863,2
30864,2
30865,2
30866,2
30867,2
30868,2
30869,2
30870,2
30871,2
30872,2
30873,2
30874,2
30875,2
30876,2
30877,2
30878,2
30879,2
30880,2
30881,2
30882,2
30883,2
30884,2
30885,2
30886,2
30887,2
30888,2
30889,2
30890,2
30891,2
30892,2
30893,2
30894,2
30895,2
30896,2
30897,2
30898,2
30899,2
30900,2
30901,2
30902,2
30903,2
30904,2
30905,2
30906,2
30907,2
30908,2
30909,2
30910,2
30911,2
30912,2
30913,2
30914,2
30915,2
30916,2
30917,2
30918,2
30919,2
30920,2
30921,2
30922,2
30923,2
30924,2
30925,2
30926,2
30927,2
30928,2
30929,2
30930,2
30931,2
30932,2
30933,2
30934,2
30935,2
30936,2
30937,2
30938,2
30939,2
30940,2
30941,2
30942,2
30943,2
30944,2
30945,2
30946,2
30947,2
30948,2
30949,2
30950,2
30951,2
30952,2
30953,2
30954,2
30955,2
30956,2
30957,2
30958,2
30959,2
30960,2
30961,2
30962,2
30963,2
30964,2
30965,2
30966,2
30967,2
30968,2
30969,2
30970,2
30971,2
30972,2
30973,2
30974,2
30975,2
30976,2
30977,2
30978,2
30979,2
30980,2
30981,2
30982,2
30983,2
30984,2
30985,2
30986,2
30987,2
30988,2
30989,2
30990,2
30991,2
30992,2
30993,2
30994,2
30995,2
30996,2
30997,2
30998,2
30999,2
31000,2
31001,2
31002,2
31003,2
31004,2
31005,2
31006,2
31007,2
31008,2
31009,2
31010,2
31011,2
31012,2
31013,2
31014,2
31015,2
31016,2
31017,2
31018,2
31019,2
31020,2
31021,2
31022,2
31023,2
31024,2
31025,2
31026,2
31027,2
31028,2
31029,2
31030,2
31031,2
31032,2
31033,2
31034,2
31035,2
31036,2
31037,2
31038,2
31039,2
31040,2
31041,2
31042,2
31043,2
31044,2
31045,2
31046,2
31047,2
31048,2
31049,2
31050,2
31051,2
31052,2
31053,2
31054,2
31055,2
31056,2
31057,2
31058,2
31059,2
31060,2
31061,2
31062,2
31063,2
31064,2
31065,2
31066,2
31067,2
31068,2
31069,2
31070,2
31071,2
31072,2
31073,2
31074,2
31075,2
31076,2
31077,2
31078,2
31079,2
31080,2
31081,2
31082,2
31083,2
31084,2
31085,2
31086,2
31087,2
31088,2
31089,2
31090,2
31091,2
31092,2
31093,2
31094,2
31095,2
31096,2
31097,2
31098,2
31099,2
31100,2
31101,2
31102,2
31103,2
31104,2
31105,2
31106,2
31107,2
31108,2
31109,2
31110,2
31111,2
31112,2
31113,2
31114,2
31115,2
31116,2
31117,2
31118,2
31119,2
31120,2
31121,2
31122,2
31123,2
31124,2
31125,2
31126,2
31127,2
31128,2
31129,2
31130,2
31131,2
31132,2
31133,2
31134,2
31135,2
31136,2
31137,2
31138,2
31139,2
31140,2
31141,2
31142,2
31143,2
31144,2
31145,2
31146,2
31147,2
31148,2
31149,2
31150,2
31151,2
31152,2
31153,2
31154,2
31155,2
31156,2
31157,2
31158,2
31159,2
31160,2
31161,2
31162,2
31163,2
31164,2
31165,2
31166,2
31167,2
31168,2
31169,2
31170,2
31171,2
31172,2
31173,2
31174,2
31175,2
31176,2
31177,2
31178,2
31179,2
31180,2
31181,2
31182,2
31183,2
31184,2
31185,2
31186,2
31187,2
31188,2
31189,2
31190,2
31191,2
31192,2
31193,2
31194,2
31195,2
31196,2
31197,2
31198,2
31199,2
31200,2
31201,2
31202,2
31203,2
31204,2
31205,2
31206,2
31207,2
31208,2
31209,2
31210,2
31211,2
31212,2
31213,2
31214,2
31215,2
31216,2
31217,2
31218,2
31219,2
31220,2
31221,2
31222,2
31223,2
31224,2
31225,2
31226,2
31227,2
31228,2
31229,2
31230,2
31231,2
31232,2
31233,2
31234,2
31235,2
31236,2
31237,2
31238,2
31239,2
31240,2
31241,2
31242,2
31243,2
31244,2
31245,2
31246,2
31247,2
31248,2
31249,2
31250,2
31251,2
31252,2
31253,2
31254,2
31255,2
31256,2
31257,2
31258,2
31259,2
31260,2
31261,2
31262,2
31263,2
31264,2
31265,2
31266,2
31267,2
31268,2
31269,2
31270,2
31271,2
31272,2
31273,2
31274,2
31275,2
31276,2
31277,2
31278,2
31279,2
31280,2
31281,2
31282,2
31283,2
31284,2
31285,2
31286,2
31287,2
31288,2
31289,2
31290,2
31291,2
31292,2
31293,2
31294,2
31295,2
31296,2
31297,2
31298,2
31299,2
31300,2
31301,2
31302,2
31303,2
31304,2
31305,2
31306,2
31307,2
31308,2
31309,2
31310,2
31311,2
31312,2
31313,2
31314,2
31315,2
31316,2
31317,2
31318,2
31319,2
31320,2
31321,2
31322,2
31323,2
31324,2
31325,2
31326,2
31327,2
31328,2
31329,2
31330,2
31331,2
31332,2
31333,2
31334,2
31335,2
31336,2
31337,2
31338,2
31339,2
31340,2
31341,2
31342,2
31343,2
31344,2
31345,2
31346,2
31347,2
31348,2
31349,2
31350,2
31351,2
31352,2
31353,2
31354,2
31355,2
31356,2
31357,2
31358,2
31359,2
31360,2
31361,2
31362,2
31363,2
31364,2
31365,2
31366,2
31367,2
31368,2
31369,2
31370,2
31371,2
31372,2
31373,2
31374,2
31375,2
31376,2
31377,2
31378,2
31379,2
31380,2
31381,2
31382,2
31383,2
31384,2
31385,2
31386,2
31387,2
31388,2
31389,2
31390,2
31391,2
31392,2
31393,2
31394,2
31395,2
31396,2
31397,2
31398,2
31399,2
31400,2
31401,2
31402,2
31403,2
31404,2
31405,2
31406,2
31407,2
31408,2
31409,2
31410,2
31411,2
31412,2
31413,2
31414,2
31415,2
31416,2
31417,2
31418,2
31419,2
31420,2
31421,2
31422,2
31423,2
31424,2
31425,2
31426,2
31427,2
31428,2
31429,2
31430,2
31431,2
31432,2
31433,2
31434,2
31435,2
31436,2
31437,2
31438,2
31439,2
31440,2
31441,2
31442,2
31443,2
31444,2
31445,2
31446,2
31447,2
31448,2
31449,2
31450,2
31451,2
31452,2
31453,2
31454,2
31455,2
31456,2
31457,2
31458,2
31459,2
31460,2
31461,2
31462,2
31463,2
31464,2
31465,2
31466,2
31467,2
31468,2
31469,2
31470,2
31471,2
31472,2
31473,2
31474,2
31475,2
31476,2
31477,2
31478,2
31479,2
31480,2
31481,2
31482,2
31483,2
31484,2
31485,2
31486,2
31487,2
31488,2
31489,2
31490,2
31491,2
31492,2
31493,2
31494,2
31495,2
31496,2
31497,2
31498,2
31499,2
31500,2
31501,2
31502,2
31503,2
31504,2
31505,2
31506,2
31507,2
31508,2
31509,2
31510,2
31511,2
31512,2
31513,2
31514,2
31515,2
31516,2
31517,2
31518,2
31519,2
31520,2
31521,2
31522,2
31523,2
31524,2
31525,2
31526,2
31527,2
31528,2
31529,2
31530,2
31531,2
31532,2
31533,2
31534,2
31535,2
31536,2
31537,2
31538,2
31539,2
31540,2
31541,2
31542,2
31543,2
31544,2
31545,2
31546,2
31547,2
31548,2
31549,2
31550,2
31551,2
31552,2
31553,2
31554,2
31555,2
31556,2
31557,2
31558,2
31559,2
31560,2
31561,2
31562,2
31563,2
31564,2
31565,2
31566,2
31567,2
31568,2
31569,2
31570,2
31571,2
31572,2
31573,2
31574,2
31575,2
31576,2
31577,2
31578,2
31579,2
31580,2
31581,2
31582,2
31583,2
31584,2
31585,2
31586,2
31587,2
31588,2
31589,2
31590,2
31591,2
31592,2
31593,2
31594,2
31595,2
31596,2
31597,2
31598,2
31599,2
31600,2
31601,2
31602,2
31603,2
31604,2
31605,2
31606,2
31607,2
31608,2
31609,2
31610,2
31611,2
31612,2
31613,2
31614,2
31615,2
31616,2
31617,2
31618,2
31619,2
31620,2
31621,2
31622,2
31623,2
31624,2
31625,2
31626,2
31627,2
31628,2
31629,2
31630,2
31631,2
31632,2
31633,2
31634,2
31635,2
31636,2
31637,2
31638,2
31639,2
31640,2
31641,2
31642,2
31643,2
31644,2
31645,2
31646,2
31647,2
31648,2
31649,2
31650,2
31651,2
31652,2
31653,2
31654,2
31655,2
31656,2
31657,2
31658,2
31659,2
31660,2
31661,2
31662,2
31663,2
31664,2
31665,2
31666,2
31667,2
31668,2
31669,2
31670,2
31671,2
31672,2
31673,2
31674,2
31675,2
31676,2
31677,2
31678,2
31679,2
31680,2
31681,2
31682,2
31683,2
31684,2
31685,2
31686,2
31687,2
31688,2
31689,2
31690,2
31691,2
31692,2
31693,2
31694,2
31695,2
31696,2
31697,2
31698,2
31699,2
31700,2
31701,2
31702,2
31703,2
31704,2
31705,2
31706,2
31707,2
31708,2
31709,2
31710,2
31711,2
31712,2
31713,2
31714,2
31715,2
31716,2
31717,2
31718,2
31719,2
31720,2
31721,2
31722,2
31723,2
31724,2
31725,2
31726,2
31727,2
31728,2
31729,2
31730,2
31731,2
31732,2
31733,2
31734,2
31735,2
31736,2
31737,2
31738,2
31739,2
31740,2
31741,2
31742,2
31743,2
31744,2
31745,2
31746,2
31747,2
31748,2
31749,2
31750,2
31751,2
31752,2
31753,2
31754,2
31755,2
31756,2
31757,2
31758,2
31759,2
31760,2
31761,2
31762,2
31763,2
31764,2
31765,2
31766,2
31767,2
31768,2
31769,2
31770,2
31771,2
31772,2
31773,2
31774,2
31775,2
31776,2
31777,2
31778,2
31779,2
31780,2
31781,2
31782,2
31783,2
31784,2
31785,2
31786,2
31787,2
31788,2
31789,2
31790,2
31791,2
31792,2
31793,2
31794,2
31795,2
31796,2
31797,2
31798,2
31799,2
31800,2
31801,2
31802,2
31803,2
31804,2
31805,2
31806,2
31807,2
31808,2
31809,2
31810,2
31811,2
31812,2
31813,2
31814,2
31815,2
31816,2
31817,2
31818,2
31819,2
31820,2
31821,2
31822,2
31823,2
31824,2
31825,2
31826,2
31827,2
31828,2
31829,2
31830,2
31831,2
31832,2
31833,2
31834,2
31835,2
31836,2
31837,2
31838,2
31839,2
31840,2
31841,2
31842,2
31843,2
31844,2
31845,2
31846,2
31847,2
31848,2
31849,2
31850,2
31851,2
31852,2
31853,2
31854,2
31855,2
31856,2
31857,2
31858,2
31859,2
31860,2
31861,2
31862,2
31863,2
31864,2
31865,2
31866,2
31867,2
31868,2
31869,2
31870,2
31871,2
31872,2
31873,2
31874,2
31875,2
31876,2
31877,2
31878,2
31879,2
31880,2
31881,2
31882,2
31883,2
31884,2
31885,2
31886,2
31887,2
31888,2
31889,2
31890,2
31891,2
31892,2
31893,2
31894,2
31895,2
31896,2
31897,2
31898,2
31899,2
31900,2
31901,2
31902,2
31903,2
31904,2
31905,2
31906,2
31907,2
31908,2
31909,2
31910,2
31911,2
31912,2
31913,2
31914,2
31915,2
31916,2
31917,2
31918,2
31919,2
31920,2
31921,2
31922,2
31923,2
31924,2
31925,2
31926,2
31927,2
31928,2
31929,2
31930,2
31931,2
31932,2
31933,2
31934,2
31935,2
31936,2
31937,2
31938,2
31939,2
31940,2
31941,2
31942,2
31943,2
31944,2
31945,2
31946,2
31947,2
31948,2
31949,2
31950,2
31951,2
31952,2
31953,2
31954,2
31955,2
31956,2
31957,2
31958,2
31959,2
31960,2
31961,2
31962,2
31963,2
31964,2
31965,2
31966,2
31967,2
31968,2
31969,2
31970,2
31971,2
31972,2
31973,2
31974,2
31975,2
31976,2
31977,2
31978,2
31979,2
31980,2
31981,2
31982,2
31983,2
31984,2
31985,2
31986,2
31987,2
31988,2
31989,2
31990,2
31991,2
31992,2
31993,2
31994,2
31995,2
31996,2
31997,2
31998,2
31999,2
32000,2
32001,2
32002,2
32003,2
32004,2
32005,2
32006,2
32007,2
32008,2
32009,2
32010,2
32011,2
32012,2
32013,2
32014,2
32015,2
32016,2
32017,2
32018,2
32019,2
32020,2
32021,2
32022,2
32023,2
32024,2
32025,2
32026,2
32027,2
32028,2
32029,2
32030,2
32031,2
32032,2
32033,2
32034,2
32035,2
32036,2
32037,2
32038,2
32039,2
32040,2
32041,2
32042,2
32043,2
32044,2
32045,2
32046,2
32047,2
32048,2
32049,2
32050,2
32051,2
32052,2
32053,2
32054,2
32055,2
32056,2
32057,2
32058,2
32059,2
32060,2
32061,2
32062,2
32063,2
32064,2
32065,2
32066,2
32067,2
32068,2
32069,2
32070,2
32071,2
32072,2
32073,2
32074,2
32075,2
32076,2
32077,2
32078,2
32079,2
32080,2
32081,2
32082,2
32083,2
32084,2
32085,2
32086,2
32087,2
32088,2
32089,2
32090,2
32091,2
32092,2
32093,2
32094,2
32095,2
32096,2
32097,2
32098,2
32099,2
32100,2
32101,2
32102,2
32103,2
32104,2
32105,2
32106,2
32107,2
32108,2
32109,2
32110,2
32111,2
32112,2
32113,2
32114,2
32115,2
32116,2
32117,2
32118,2
32119,2
32120,2
32121,2
32122,2
32123,2
32124,2
32125,2
32126,2
32127,2
32128,2
32129,2
32130,2
32131,2
32132,2
32133,2
32134,2
32135,2
32136,2
32137,2
32138,2
32139,2
32140,2
32141,2
32142,2
32143,2
32144,2
32145,2
32146,2
32147,2
32148,2
32149,2
32150,2
32151,2
32152,2
32153,2
32154,2
32155,2
32156,2
32157,2
32158,2
32159,2
32160,2
32161,2
32162,2
32163,2
32164,2
32165,2
32166,2
32167,2
32168,2
32169,2
32170,2
32171,2
32172,2
32173,2
32174,2
32175,2
32176,2
32177,2
32178,2
32179,2
32180,2
32181,2
32182,2
32183,2
32184,2
32185,2
32186,2
32187,2
32188,2
32189,2
32190,2
32191,2
32192,2
32193,2
32194,2
32195,2
32196,2
32197,2
32198,2
32199,2
32200,2
32201,2
32202,2
32203,2
32204,2
32205,2
32206,2
32207,2
32208,2
32209,2
32210,2
32211,2
32212,2
32213,2
32214,2
32215,2
32216,2
32217,2
32218,2
32219,2
32220,2
32221,2
32222,2
32223,2
32224,2
32225,2
32226,2
32227,2
32228,2
32229,2
32230,2
32231,2
32232,2
32233,2
32234,2
32235,2
32236,2
32237,2
32238,2
32239,2
32240,2
32241,2
32242,2
32243,2
32244,2
32245,2
32246,2
32247,2
32248,2
32249,2
32250,2
32251,2
32252,2
32253,2
32254,2
32255,2
32256,2
32257,2
32258,2
32259,2
32260,2
32261,2
32262,2
32263,2
32264,2
32265,2
32266,2
32267,2
32268,2
32269,2
32270,2
32271,2
32272,2
32273,2
32274,2
32275,2
32276,2
32277,2
32278,2
32279,2
32280,2
32281,2
32282,2
32283,2
32284,2
32285,2
32286,2
32287,2
32288,2
32289,2
32290,2
32291,2
32292,2
32293,2
32294,2
32295,2
32296,2
32297,2
32298,2
32299,2
32300,2
32301,2
32302,2
32303,2
32304,2
32305,2
32306,2
32307,2
32308,2
32309,2
32310,2
32311,2
32312,2
32313,2
32314,2
32315,2
32316,2
32317,2
32318,2
32319,3
32320,3
32321,3
32322,3
32323,3
32324,3
32325,3
32326,3
32327,3
32328,3
32329,3
32330,3
32331,3
32332,3
32333,3
32334,3
32335,3
32336,3
32337,3
32338,3
32339,3
32340,3
32341,3
32342,3
32343,3
32344,3
32345,3
32346,3
32347,3
32348,3
32349,3
32350,3
32351,3
32352,3
32353,3
32354,3
32355,3
32356,3
32357,3
32358,3
32359,3
32360,3
32361,3
32362,3
32363,3
32364,3
32365,3
32366,3
32367,3
32368,3
32369,3
32370,3
32371,3
32372,3
32373,3
32374,3
32375,3
32376,3
32377,3
32378,3
32379,3
32380,3
32381,3
32382,3
32383,3
32384,3
32385,3
32386,3
32387,3
32388,3
32389,3
32390,3
32391,3
32392,3
32393,3
32394,3
32395,3
32396,3
32397,3
32398,3
32399,3
32400,3
32401,3
32402,3
32403,3
32404,3
32405,3
32406,3
32407,3
32408,3
32409,3
32410,3
32411,3
32412,3
32413,3
32414,3
32415,3
32416,3
32417,3
32418,3
32419,3
32420,3
32421,3
32422,3
32423,3
32424,3
32425,3
32426,3
32427,3
32428,3
32429,3
32430,3
32431,3
32432,3
32433,3
32434,3
32435,3
32436,3
32437,3
32438,3
32439,3
32440,3
32441,3
32442,3
32443,3
32444,3
32445,3
32446,3
32447,3
32448,3
32449,3
32450,3
32451,3
32452,3
32453,3
32454,3
32455,3
32456,3
32457,3
32458,3
32459,3
32460,3
32461,3
32462,3
32463,3
32464,3
32465,3
32466,3
32467,3
32468,3
32469,3
32470,3
32471,3
32472,3
32473,3
32474,3
32475,3
32476,3
32477,3
32478,3
32479,3
32480,3
32481,3
32482,3
32483,3
32484,3
32485,3
32486,3
32487,3
32488,3
32489,3
32490,3
32491,3
32492,3
32493,3
32494,3
32495,3
32496,3
32497,3
32498,3
32499,3
32500,3
32501,3
32502,3
32503,3
32504,3
32505,3
32506,3
32507,3
32508,3
32509,3
32510,3
32511,3
32512,3
32513,3
32514,3
32515,3
32516,3
32517,3
32518,3
32519,3
32520,3
32521,3
32522,3
32523,3
32524,3
32525,3
32526,3
32527,3
32528,3
32529,3
32530,3
32531,3
32532,3
32533,3
32534,3
32535,3
32536,3
32537,3
32538,3
32539,3
32540,3
32541,3
32542,3
32543,3
32544,3
32545,3
32546,3
32547,3
32548,3
32549,3
32550,3
32551,3
32552,3
32553,3
32554,3
32555,3
32556,3
32557,3
32558,3
32559,3
32560,3
32561,3
32562,3
32563,3
32564,3
32565,3
32566,3
32567,3
32568,3
32569,3
32570,3
32571,3
32572,3
32573,3
32574,3
32575,3
32576,3
32577,3
32578,3
32579,3
32580,3
32581,3
32582,3
32583,3
32584,3
32585,3
32586,3
32587,3
32588,3
32589,3
32590,3
32591,3
32592,3
32593,3
32594,3
32595,3
32596,3
32597,3
32598,3
32599,3
32600,3
32601,3
32602,3
32603,3
32604,3
32605,3
32606,3
32607,3
32608,3
32609,3
32610,3
32611,3
32612,3
32613,3
32614,3
32615,3
32616,3
32617,3
32618,3
32619,3
32620,3
32621,3
32622,3
32623,3
32624,3
32625,3
32626,3
32627,3
32628,3
32629,3
32630,3
32631,3
32632,3
32633,3
32634,3
32635,3
32636,3
32637,3
32638,3
32639,3
32640,3
32641,3
32642,3
32643,3
32644,3
32645,3
32646,3
32647,3
32648,3
32649,3
32650,3
32651,3
32652,3
32653,3
32654,3
32655,3
32656,3
32657,3
32658,3
32659,3
32660,3
32661,3
32662,3
32663,3
32664,3
32665,3
32666,3
32667,3
32668,3
32669,3
32670,3
32671,3
32672,3
32673,3
32674,3
32675,3
32676,3
32677,3
32678,3
32679,3
32680,3
32681,3
32682,3
32683,3
32684,3
32685,3
32686,3
32687,3
32688,3
32689,3
32690,3
32691,3
32692,3
32693,3
32694,3
32695,3
32696,3
32697,3
32698,3
32699,3
32700,3
32701,3
32702,3
32703,3
32704,3
32705,3
32706,3
32707,3
32708,3
32709,3
32710,3
32711,3
32712,3
32713,3
32714,3
32715,3
32716,3
32717,3
32718,3
32719,3
32720,3
32721,3
32722,3
32723,3
32724,3
32725,3
32726,3
32727,3
32728,3
32729,3
32730,3
32731,3
32732,3
32733,3
32734,3
32735,3
32736,3
32737,3
32738,3
32739,3
32740,3
32741,3
32742,3
32743,3
32744,3
32745,3
32746,3
32747,3
32748,3
32749,3
32750,3
32751,3
32752,3
32753,3
32754,3
32755,3
32756,3
32757,3
32758,3
32759,3
32760,3
32761,3
32762,3
32763,3
32764,3
32765,3
32766,3
32767,3
32768,3
32769,3
32770,3
32771,3
32772,3
32773,3
32774,3
32775,3
32776,3
32777,3
32778,3
32779,3
32780,3
32781,3
32782,3
32783,3
32784,3
32785,3
32786,3
32787,3
32788,3
32789,3
32790,3
32791,3
32792,3
32793,3
32794,3
32795,3
32796,3
32797,3
32798,3
32799,3
32800,3
32801,3
32802,3
32803,3
32804,3
32805,3
32806,3
32807,3
32808,3
32809,3
32810,3
32811,3
32812,3
32813,3
32814,3
32815,3
32816,3
32817,3
32818,3
32819,3
32820,3
32821,3
32822,3
32823,3
32824,3
32825,3
32826,3
32827,3
32828,3
32829,3
32830,3
32831,3
32832,3
32833,3
32834,3
32835,3
32836,3
32837,3
32838,3
32839,3
32840,3
32841,3
32842,3
32843,3
32844,3
32845,3
32846,3
32847,3
32848,3
32849,3
32850,3
32851,3
32852,3
32853,3
32854,3
32855,3
32856,3
32857,3
32858,3
32859,3
32860,3
32861,3
32862,3
32863,3
32864,3
32865,3
32866,3
32867,3
32868,3
32869,3
32870,3
32871,3
32872,3
32873,3
32874,3
32875,3
32876,3
32877,3
32878,3
32879,3
32880,3
32881,3
32882,3
32883,3
32884,3
32885,3
32886,3
32887,3
32888,3
32889,3
32890,3
32891,3
32892,3
32893,3
32894,3
32895,3
32896,3
32897,3
32898,3
32899,3
32900,3
32901,3
32902,3
32903,3
32904,3
32905,3
32906,3
32907,3
32908,3
32909,3
32910,3
32911,3
32912,3
32913,3
32914,3
32915,3
32916,3
32917,3
32918,3
32919,3
32920,3
32921,3
32922,3
32923,3
32924,3
32925,3
32926,3
32927,3
32928,3
32929,3
32930,3
32931,3
32932,3
32933,3
32934,3
32935,3
32936,3
32937,3
32938,3
32939,3
32940,3
32941,3
32942,3
32943,3
32944,3
32945,3
32946,3
32947,3
32948,3
32949,3
32950,3
32951,3
32952,3
32953,3
32954,3
32955,3
32956,3
32957,3
32958,3
32959,3
32960,3
32961,3
32962,3
32963,3
32964,3
32965,3
32966,3
32967,3
32968,3
32969,3
32970,3
32971,3
32972,3
32973,3
32974,3
32975,3
32976,3
32977,3
32978,3
32979,3
32980,3
32981,3
32982,3
32983,3
32984,3
32985,3
32986,3
32987,3
32988,3
32989,3
32990,3
32991,3
32992,3
32993,3
32994,3
32995,3
32996,3
32997,3
32998,3
32999,3
33000,3
33001,3
33002,3
33003,3
33004,3
33005,3
33006,3
33007,3
33008,3
33009,3
33010,3
33011,3
33012,3
33013,3
33014,3
33015,3
33016,3
33017,3
33018,3
33019,3
33020,3
33021,3
33022,3
33023,3
33024,3
33025,3
33026,3
33027,3
33028,3
33029,3
33030,3
33031,3
33032,3
33033,3
33034,3
33035,3
33036,3
33037,3
33038,3
33039,3
33040,3
33041,3
33042,3
33043,3
33044,3
33045,3
33046,3
33047,3
33048,3
33049,3
33050,3
33051,3
33052,3
33053,3
33054,3
33055,3
33056,3
33057,3
33058,3
33059,3
33060,3
33061,3
33062,3
33063,3
33064,3
33065,3
33066,3
33067,3
33068,3
33069,3
33070,3
33071,3
33072,3
33073,3
33074,3
33075,3
33076,3
33077,3
33078,3
33079,3
33080,3
33081,3
33082,3
33083,3
33084,3
33085,3
33086,3
33087,3
33088,3
33089,3
33090,3
33091,3
33092,3
33093,3
33094,3
33095,3
33096,3
33097,3
33098,3
33099,3
33100,3
33101,3
33102,3
33103,3
33104,3
33105,3
33106,3
33107,3
33108,3
33109,3
33110,3
33111,3
33112,3
33113,3
33114,3
33115,3
33116,3
33117,3
33118,3
33119,3
33120,3
33121,3
33122,3
33123,3
33124,3
33125,3
33126,3
33127,3
33128,3
33129,3
33130,3
33131,3
33132,3
33133,3
33134,3
33135,3
33136,3
33137,3
33138,3
33139,3
33140,3
33141,3
33142,3
33143,3
33144,3
33145,3
33146,3
33147,3
33148,3
33149,3
33150,3
33151,3
33152,3
33153,3
33154,3
33155,3
33156,3
33157,3
33158,3
33159,3
33160,3
33161,3
33162,3
33163,3
33164,3
33165,3
33166,3
33167,3
33168,3
33169,3
33170,3
33171,3
33172,3
33173,3
33174,3
33175,3
33176,3
33177,3
33178,3
33179,3
33180,3
33181,3
33182,3
33183,3
33184,3
33185,3
33186,3
33187,3
33188,3
33189,3
33190,3
33191,3
33192,3
33193,3
33194,3
33195,3
33196,3
33197,3
33198,3
33199,3
33200,3
33201,3
33202,3
33203,3
33204,3
33205,3
33206,3
33207,3
33208,3
33209,3
33210,3
33211,3
33212,3
33213,3
33214,3
33215,3
33216,3
33217,3
33218,3
33219,3
33220,3
33221,3
33222,3
33223,3
33224,3
33225,3
33226,3
33227,3
33228,3
33229,3
33230,3
33231,3
33232,3
33233,3
33234,3
33235,3
33236,3
33237,3
33238,3
33239,3
33240,3
33241,3
33242,3
33243,3
33244,3
33245,3
33246,3
33247,3
33248,3
33249,3
33250,3
33251,3
33252,3
33253,3
33254,3
33255,3
33256,3
33257,3
33258,3
33259,3
33260,3
33261,3
33262,3
33263,3
33264,3
33265,3
33266,3
33267,3
33268,3
33269,3
33270,3
33271,3
33272,3
33273,3
33274,3
33275,3
33276,3
33277,3
33278,3
33279,3
33280,3
33281,3
33282,3
33283,3
33284,3
33285,3
33286,3
33287,3
33288,3
33289,3
33290,3
33291,3
33292,3
33293,3
33294,3
33295,3
33296,3
33297,3
33298,3
33299,3
33300,3
33301,3
33302,3
33303,3
33304,3
33305,3
33306,3
33307,3
33308,3
33309,3
33310,3
33311,3
33312,3
33313,3
33314,3
33315,3
33316,3
33317,3
33318,3
33319,3
33320,3
33321,3
33322,3
33323,3
33324,3
33325,3
33326,3
33327,3
33328,3
33329,3
33330,3
33331,3
33332,3
33333,3
33334,3
33335,3
33336,3
33337,3
33338,3
33339,3
33340,3
33341,3
33342,3
33343,3
33344,3
33345,3
33346,3
33347,3
33348,3
33349,3
33350,3
33351,3
33352,3
33353,3
33354,3
33355,3
33356,3
33357,3
33358,3
33359,3
33360,3
33361,3
33362,3
33363,3
33364,3
33365,3
33366,3
33367,3
33368,3
33369,3
33370,3
33371,3
33372,3
33373,3
33374,3
33375,3
33376,3
33377,3
33378,3
33379,3
33380,3
33381,3
33382,3
33383,3
33384,3
33385,3
33386,3
33387,3
33388,3
33389,3
33390,3
33391,3
33392,3
33393,3
33394,3
33395,3
33396,3
33397,3
33398,3
33399,3
33400,3
33401,3
33402,3
33403,3
33404,3
33405,3
33406,3
33407,3
33408,3
33409,3
33410,3
33411,3
33412,3
33413,3
33414,3
33415,3
33416,3
33417,3
33418,3
33419,3
33420,3
33421,3
33422,3
33423,3
33424,3
33425,3
33426,3
33427,3
33428,3
33429,3
33430,3
33431,3
33432,3
33433,3
33434,3
33435,3
33436,3
33437,3
33438,3
33439,3
33440,3
33441,3
33442,3
33443,3
33444,3
33445,3
33446,3
33447,3
33448,3
33449,3
33450,3
33451,3
33452,3
33453,3
33454,3
33455,3
33456,3
33457,3
33458,3
33459,3
33460,3
33461,3
33462,3
33463,3
33464,3
33465,3
33466,3
33467,3
33468,3
33469,3
33470,3
33471,3
33472,3
33473,3
33474,3
33475,3
33476,3
33477,3
33478,3
33479,3
33480,3
33481,3
33482,3
33483,3
33484,3
33485,3
33486,3
33487,3
33488,3
33489,3
33490,3
33491,3
33492,3
33493,3
33494,3
33495,3
33496,3
33497,3
33498,3
33499,3
33500,3
33501,3
33502,3
33503,3
33504,3
33505,3
33506,3
33507,3
33508,3
33509,3
33510,3
33511,3
33512,3
33513,3
33514,3
33515,3
33516,3
33517,3
33518,3
33519,3
33520,3
33521,3
33522,3
33523,3
33524,3
33525,3
33526,3
33527,3
33528,3
33529,3
33530,3
33531,3
33532,3
33533,3
33534,3
33535,3
33536,3
33537,3
33538,3
33539,3
33540,3
33541,3
33542,3
33543,3
33544,3
33545,3
33546,3
33547,3
33548,3
33549,3
33550,3
33551,3
33552,3
33553,3
33554,3
33555,3
33556,3
33557,3
33558,3
33559,3
33560,3
33561,3
33562,3
33563,3
33564,3
33565,3
33566,3
33567,3
33568,3
33569,3
33570,3
33571,3
33572,3
33573,3
33574,3
33575,3
33576,3
33577,3
33578,3
33579,3
33580,3
33581,3
33582,3
33583,3
33584,3
33585,3
33586,3
33587,3
33588,3
33589,3
33590,3
33591,3
33592,3
33593,3
33594,3
33595,3
33596,3
33597,3
33598,3
33599,3
33600,3
33601,3
33602,3
33603,3
33604,3
33605,3
33606,3
33607,3
33608,3
33609,3
33610,3
33611,3
33612,3
33613,3
33614,3
33615,3
33616,3
33617,3
33618,3
33619,3
33620,3
33621,3
33622,3
33623,3
33624,3
33625,3
33626,3
33627,3
33628,3
33629,3
33630,3
33631,3
33632,3
33633,3
33634,3
33635,3
33636,3
33637,3
33638,3
33639,3
33640,3
33641,3
33642,3
33643,3
33644,3
33645,3
33646,3
33647,3
33648,3
33649,3
33650,3
33651,3
33652,3
33653,3
33654,3
33655,3
33656,3
33657,3
33658,3
33659,3
33660,3
33661,3
33662,3
33663,3
33664,3
33665,3
33666,3
33667,3
33668,3
33669,3
33670,3
33671,3
33672,3
33673,3
33674,3
33675,3
33676,3
33677,3
33678,3
33679,3
33680,3
33681,3
33682,3
33683,3
33684,3
33685,3
33686,3
33687,3
33688,3
33689,3
33690,3
33691,3
33692,3
33693,3
33694,3
33695,3
33696,3
33697,3
33698,3
33699,3
33700,3
33701,3
33702,3
33703,3
33704,3
33705,3
33706,3
33707,3
33708,3
33709,3
33710,3
33711,3
33712,3
33713,3
33714,3
33715,3
33716,3
33717,3
33718,3
33719,3
33720,3
33721,3
33722,3
33723,3
33724,3
33725,3
33726,3
33727,3
33728,3
33729,3
33730,3
33731,3
33732,3
33733,3
33734,3
33735,3
33736,3
33737,3
33738,3
33739,3
33740,3
33741,3
33742,3
33743,3
33744,3
33745,3
33746,3
33747,3
33748,3
33749,3
33750,3
33751,3
33752,3
33753,3
33754,3
33755,3
33756,3
33757,3
33758,3
33759,3
33760,3
33761,3
33762,3
33763,3
33764,3
33765,3
33766,3
33767,3
33768,3
33769,3
33770,3
33771,3
33772,3
33773,3
33774,3
33775,3
33776,3
33777,3
33778,3
33779,3
33780,3
33781,3
33782,3
33783,3
33784,3
33785,3
33786,3
33787,3
33788,3
33789,3
33790,3
33791,3
33792,3
33793,3
33794,3
33795,3
33796,3
33797,3
33798,3
33799,3
33800,3
33801,3
33802,3
33803,3
33804,3
33805,3
33806,3
33807,3
33808,3
33809,3
33810,3
33811,3
33812,3
33813,3
33814,3
33815,3
33816,3
33817,3
33818,3
33819,3
33820,3
33821,3
33822,3
33823,3
33824,3
33825,3
33826,3
33827,3
33828,3
33829,3
33830,3
33831,3
33832,3
33833,3
33834,3
33835,3
33836,3
33837,3
33838,3
33839,3
33840,3
33841,3
33842,3
33843,3
33844,3
33845,3
33846,3
33847,3
33848,3
33849,3
33850,3
33851,3
33852,3
33853,3
33854,3
33855,3
33856,3
33857,3
33858,3
33859,3
33860,3
33861,3
33862,3
33863,3
33864,3
33865,3
33866,3
33867,3
33868,3
33869,3
33870,3
33871,3
33872,3
33873,3
33874,3
33875,3
33876,3
33877,3
33878,3
33879,3
33880,3
33881,3
33882,3
33883,3
33884,3
33885,3
33886,3
33887,3
33888,3
33889,3
33890,3
33891,3
33892,3
33893,3
33894,3
33895,3
33896,3
33897,3
33898,3
33899,3
33900,3
33901,3
33902,3
33903,3
33904,3
33905,3
33906,3
33907,3
33908,3
33909,3
33910,3
33911,3
33912,3
33913,3
33914,3
33915,3
33916,3
33917,3
33918,3
33919,3
33920,3
33921,3
33922,3
33923,3
33924,3
33925,3
33926,3
33927,3
33928,3
33929,3
33930,3
33931,3
33932,3
33933,3
33934,3
33935,3
33936,3
33937,3
33938,3
33939,3
33940,3
33941,3
33942,3
33943,3
33944,3
33945,3
33946,3
33947,3
33948,3
33949,3
33950,3
33951,3
33952,3
33953,3
33954,3
33955,3
33956,3
33957,3
33958,3
33959,3
33960,3
33961,3
33962,3
33963,3
33964,3
33965,3
33966,3
33967,3
33968,3
33969,3
33970,3
33971,3
33972,3
33973,3
33974,3
33975,3
33976,3
33977,3
33978,3
33979,3
33980,3
33981,3
33982,3
33983,3
33984,3
33985,3
33986,3
33987,3
33988,3
33989,3
33990,3
33991,3
33992,3
33993,3
33994,3
33995,3
33996,3
33997,3
33998,3
33999,3
34000,3
34001,3
34002,3
34003,3
34004,3
34005,3
34006,3
34007,3
34008,3
34009,3
34010,3
34011,3
34012,3
34013,3
34014,3
34015,3
34016,3
34017,3
34018,3
34019,3
34020,3
34021,3
34022,3
34023,3
34024,3
34025,3
34026,3
34027,3
34028,3
34029,3
34030,3
34031,3
34032,3
34033,3
34034,3
34035,3
34036,3
34037,3
34038,3
34039,3
34040,3
34041,3
34042,3
34043,3
34044,3
34045,3
34046,3
34047,3
34048,3
34049,3
34050,3
34051,3
34052,3
34053,3
34054,3
34055,3
34056,3
34057,3
34058,3
34059,3
34060,3
34061,3
34062,3
34063,3
34064,3
34065,3
34066,3
34067,3
34068,3
34069,3
34070,3
34071,3
34072,3
34073,3
34074,3
34075,3
34076,3
34077,3
34078,3
34079,3
34080,3
34081,3
34082,3
34083,3
34084,3
34085,3
34086,3
34087,3
34088,3
34089,3
34090,3
34091,3
34092,3
34093,3
34094,3
34095,3
34096,3
34097,3
34098,3
34099,3
34100,3
34101,3
34102,3
34103,3
34104,3
34105,3
34106,3
34107,3
34108,3
34109,3
34110,3
34111,3
34112,3
34113,3
34114,3
34115,3
34116,3
34117,3
34118,3
34119,3
34120,3
34121,3
34122,3
34123,3
34124,3
34125,3
34126,3
34127,3
34128,3
34129,3
34130,3
34131,3
34132,3
34133,3
34134,3
34135,3
34136,3
34137,3
34138,3
34139,3
34140,3
34141,3
34142,3
34143,3
34144,3
34145,3
34146,3
34147,3
34148,3
34149,3
34150,3
34151,3
34152,3
34153,3
34154,3
34155,3
34156,3
34157,3
34158,3
34159,3
34160,3
34161,3
34162,3
34163,3
34164,3
34165,3
34166,3
34167,3
34168,3
34169,3
34170,3
34171,3
34172,3
34173,3
34174,3
34175,3
34176,3
34177,3
34178,3
34179,3
34180,3
34181,3
34182,3
34183,3
34184,3
34185,3
34186,3
34187,3
34188,3
34189,3
34190,3
34191,3
34192,3
34193,3
34194,3
34195,3
34196,3
34197,3
34198,3
34199,3
34200,3
34201,3
34202,3
34203,3
34204,3
34205,3
34206,3
34207,3
34208,3
34209,3
34210,3
34211,3
34212,3
34213,3
34214,3
34215,3
34216,3
34217,3
34218,3
34219,3
34220,3
34221,3
34222,3
34223,3
34224,3
34225,3
34226,3
34227,3
34228,3
34229,3
34230,3
34231,3
34232,3
34233,3
34234,3
34235,3
34236,3
34237,3
34238,3
34239,3
34240,3
34241,3
34242,3
34243,3
34244,3
34245,3
34246,3
34247,3
34248,3
34249,3
34250,3
34251,3
34252,3
34253,3
34254,3
34255,3
34256,3
34257,3
34258,3
34259,3
34260,3
34261,3
34262,3
34263,3
34264,3
34265,3
34266,3
34267,3
34268,3
34269,3
34270,3
34271,3
34272,3
34273,3
34274,3
34275,3
34276,3
34277,3
34278,3
34279,3
34280,3
34281,3
34282,3
34283,3
34284,3
34285,3
34286,3
34287,3
34288,3
34289,3
34290,3
34291,3
34292,3
34293,3
34294,3
34295,3
34296,3
34297,3
34298,3
34299,3
34300,3
34301,3
34302,3
34303,3
34304,3
34305,3
34306,3
34307,3
34308,3
34309,3
34310,3
34311,3
34312,3
34313,3
34314,3
34315,3
34316,3
34317,3
34318,3
34319,3
34320,3
34321,3
34322,3
34323,3
34324,3
34325,3
34326,3
34327,3
34328,3
34329,3
34330,3
34331,3
34332,3
34333,3
34334,3
34335,3
34336,3
34337,3
34338,3
34339,3
34340,3
34341,3
34342,3
34343,3
34344,3
34345,3
34346,3
34347,3
34348,3
34349,3
34350,3
34351,3
34352,3
34353,3
34354,3
34355,3
34356,3
34357,3
34358,3
34359,3
34360,3
34361,3
34362,3
34363,3
34364,3
34365,3
34366,3
34367,3
34368,3
34369,3
34370,3
34371,3
34372,3
34373,3
34374,3
34375,3
34376,3
34377,3
34378,3
34379,3
34380,3
34381,3
34382,3
34383,3
34384,3
34385,3
34386,3
34387,3
34388,3
34389,3
34390,3
34391,3
34392,3
34393,3
34394,3
34395,3
34396,3
34397,3
34398,3
34399,3
34400,3
34401,3
34402,3
34403,3
34404,3
34405,3
34406,3
34407,3
34408,3
34409,3
34410,3
34411,3
34412,3
34413,3
34414,3
34415,3
34416,3
34417,3
34418,3
34419,3
34420,3
34421,3
34422,3
34423,3
34424,3
34425,3
34426,3
34427,3
34428,3
34429,3
34430,3
34431,3
34432,3
34433,3
34434,3
34435,3
34436,3
34437,3
34438,3
34439,3
34440,3
34441,3
34442,3
34443,3
34444,3
34445,3
34446,3
34447,3
34448,3
34449,3
34450,3
34451,3
34452,3
34453,3
34454,3
34455,3
34456,3
34457,3
34458,3
34459,3
34460,3
34461,3
34462,3
34463,3
34464,3
34465,3
34466,3
34467,3
34468,3
34469,3
34470,3
34471,3
34472,3
34473,3
34474,3
34475,3
34476,3
34477,3
34478,3
34479,3
34480,3
34481,3
34482,3
34483,3
34484,3
34485,3
34486,3
34487,3
34488,3
34489,3
34490,3
34491,3
34492,3
34493,3
34494,3
34495,3
34496,3
34497,3
34498,3
34499,3
34500,3
34501,3
34502,3
34503,3
34504,3
34505,3
34506,3
34507,3
34508,3
34509,3
34510,3
34511,3
34512,3
34513,3
34514,3
34515,3
34516,3
34517,3
34518,3
34519,3
34520,3
34521,3
34522,3
34523,3
34524,3
34525,3
34526,3
34527,3
34528,3
34529,3
34530,3
34531,3
34532,3
34533,3
34534,3
34535,3
34536,3
34537,3
34538,3
34539,3
34540,3
34541,3
34542,3
34543,3
34544,3
34545,3
34546,3
34547,3
34548,3
34549,3
34550,3
34551,3
34552,3
34553,3
34554,3
34555,3
34556,3
34557,3
34558,3
34559,3
34560,3
34561,3
34562,3
34563,3
34564,3
34565,3
34566,3
34567,3
34568,3
34569,3
34570,3
34571,3
34572,3
34573,3
34574,3
34575,3
34576,3
34577,3
34578,3
34579,3
34580,3
34581,3
34582,3
34583,3
34584,3
34585,3
34586,3
34587,3
34588,3
34589,3
34590,3
34591,3
34592,3
34593,3
34594,3
34595,3
34596,3
34597,3
34598,3
34599,3
34600,3
34601,3
34602,3
34603,3
34604,3
34605,3
34606,3
34607,3
34608,3
34609,3
34610,3
34611,3
34612,3
34613,3
34614,3
34615,3
34616,3
34617,3
34618,3
34619,3
34620,3
34621,3
34622,3
34623,3
34624,3
34625,3
34626,3
34627,3
34628,3
34629,3
34630,3
34631,3
34632,3
34633,3
34634,3
34635,3
34636,3
34637,3
34638,3
34639,3
34640,3
34641,3
34642,3
34643,3
34644,3
34645,3
34646,3
34647,3
34648,3
34649,3
34650,3
34651,3
34652,3
34653,3
34654,3
34655,3
34656,3
34657,3
34658,3
34659,3
34660,3
34661,3
34662,3
34663,3
34664,3
34665,3
34666,3
34667,3
34668,3
34669,3
34670,3
34671,3
34672,3
34673,3
34674,3
34675,3
34676,3
34677,3
34678,3
34679,3
34680,3
34681,3
34682,3
34683,3
34684,3
34685,3
34686,3
34687,3
34688,3
34689,3
34690,3
34691,3
34692,3
34693,3
34694,3
34695,3
34696,3
34697,3
34698,3
34699,3
34700,3
34701,3
34702,3
34703,3
34704,3
34705,3
34706,3
34707,3
34708,3
34709,3
34710,3
34711,3
34712,3
34713,3
34714,3
34715,3
34716,3
34717,3
34718,3
34719,3
34720,3
34721,3
34722,3
34723,3
34724,3
34725,3
34726,3
34727,3
34728,3
34729,3
34730,3
34731,3
34732,3
34733,3
34734,3
34735,3
34736,3
34737,3
34738,3
34739,3
34740,3
34741,3
34742,3
34743,3
34744,3
34745,3
34746,3
34747,3
34748,3
34749,3
34750,3
34751,3
34752,3
34753,3
34754,3
34755,3
34756,3
34757,3
34758,3
34759,3
34760,3
34761,3
34762,3
34763,3
34764,3
34765,3
34766,3
34767,3
34768,3
34769,3
34770,3
34771,3
34772,3
34773,3
34774,3
34775,3
34776,3
34777,3
34778,3
34779,3
34780,3
34781,3
34782,3
34783,3
34784,3
34785,3
34786,3
34787,3
34788,3
34789,3
34790,3
34791,3
34792,3
34793,3
34794,3
34795,3
34796,3
34797,3
34798,3
34799,3
34800,3
34801,3
34802,3
34803,3
34804,3
34805,3
34806,3
34807,3
34808,3
34809,3
34810,3
34811,3
34812,3
34813,3
34814,3
34815,3
34816,3
34817,3
34818,3
34819,3
34820,3
34821,3
34822,3
34823,3
34824,3
34825,3
34826,3
34827,3
34828,3
34829,3
34830,3
34831,3
34832,3
34833,3
34834,3
34835,3
34836,3
34837,3
34838,3
34839,3
34840,3
34841,3
34842,3
34843,3
34844,3
34845,3
34846,3
34847,3
34848,3
34849,3
34850,3
34851,3
34852,3
34853,3
34854,3
34855,3
34856,3
34857,3
34858,3
34859,3
34860,3
34861,3
34862,3
34863,3
34864,3
34865,3
34866,3
34867,3
34868,3
34869,3
34870,3
34871,3
34872,3
34873,3
34874,3
34875,3
34876,3
34877,3
34878,3
34879,3
34880,3
34881,3
34882,3
34883,3
34884,3
34885,3
34886,3
34887,3
34888,3
34889,3
34890,3
34891,3
34892,3
34893,3
34894,3
34895,3
34896,3
34897,3
34898,3
34899,3
34900,3
34901,3
34902,3
34903,3
34904,3
34905,3
34906,3
34907,3
34908,3
34909,3
34910,3
34911,3
34912,3
34913,3
34914,3
34915,3
34916,3
34917,3
34918,3
34919,3
34920,3
34921,3
34922,3
34923,3
34924,3
34925,3
34926,3
34927,3
34928,3
34929,3
34930,3
34931,3
34932,3
34933,3
34934,3
34935,3
34936,3
34937,3
34938,3
34939,3
34940,3
34941,3
34942,3
34943,3
34944,3
34945,3
34946,3
34947,3
34948,3
34949,3
34950,3
34951,3
34952,3
34953,3
34954,3
34955,3
34956,3
34957,3
34958,3
34959,3
34960,3
34961,3
34962,3
34963,3
34964,3
34965,3
34966,3
34967,3
34968,3
34969,3
34970,3
34971,3
34972,3
34973,3
34974,3
34975,3
34976,3
34977,3
34978,3
34979,3
34980,3
34981,3
34982,3
34983,3
34984,3
34985,3
34986,3
34987,3
34988,3
34989,3
34990,3
34991,3
34992,3
34993,3
34994,3
34995,3
34996,3
34997,3
34998,3
34999,3
35000,3
35001,3
35002,3
35003,3
35004,3
35005,3
35006,3
35007,3
35008,3
35009,3
35010,3
35011,3
35012,3
35013,3
35014,3
35015,3
35016,3
35017,3
35018,3
35019,3
35020,3
35021,3
35022,3
35023,3
35024,3
35025,3
35026,3
35027,3
35028,3
35029,3
35030,3
35031,3
35032,3
35033,3
35034,3
35035,3
35036,3
35037,3
35038,3
35039,3
35040,3
35041,3
35042,3
35043,3
35044,3
35045,3
35046,3
35047,3
35048,3
35049,3
35050,3
35051,3
35052,3
35053,3
35054,3
35055,3
35056,3
35057,3
35058,3
35059,3
35060,3
35061,3
35062,3
35063,3
35064,3
35065,3
35066,3
35067,3
35068,3
35069,3
35070,3
35071,3
35072,3
35073,3
35074,3
35075,3
35076,3
35077,3
35078,3
35079,3
35080,3
35081,3
35082,3
35083,3
35084,3
35085,3
35086,3
35087,3
35088,3
35089,3
35090,3
35091,3
35092,3
35093,3
35094,3
35095,3
35096,3
35097,3
35098,3
35099,3
35100,3
35101,3
35102,3
35103,3
35104,3
35105,3
35106,3
35107,3
35108,3
35109,3
35110,3
35111,3
35112,3
35113,3
35114,3
35115,3
35116,3
35117,3
35118,3
35119,3
35120,3
35121,3
35122,3
35123,3
35124,3
35125,3
35126,3
35127,3
35128,3
35129,3
35130,3
35131,3
35132,3
35133,3
35134,3
35135,3
35136,3
35137,3
35138,3
35139,3
35140,3
35141,3
35142,3
35143,3
35144,3
35145,3
35146,3
35147,3
35148,3
35149,3
35150,3
35151,3
35152,3
35153,3
35154,3
35155,3
35156,3
35157,3
35158,3
35159,3
35160,3
35161,3
35162,3
35163,3
35164,3
35165,3
35166,3
35167,3
35168,3
35169,3
35170,3
35171,3
35172,3
35173,3
35174,3
35175,3
35176,3
35177,3
35178,3
35179,3
35180,3
35181,3
35182,3
35183,3
35184,3
35185,3
35186,3
35187,3
35188,3
35189,3
35190,3
35191,3
35192,3
35193,3
35194,3
35195,3
35196,3
35197,3
35198,3
35199,3
35200,3
35201,3
35202,3
35203,3
35204,3
35205,3
35206,3
35207,3
35208,3
35209,3
35210,3
35211,3
35212,3
35213,3
35214,3
35215,3
35216,3
35217,3
35218,3
35219,3
35220,3
35221,3
35222,3
35223,3
35224,3
35225,3
35226,3
35227,3
35228,3
35229,3
35230,3
35231,3
35232,3
35233,3
35234,3
35235,3
35236,3
35237,3
35238,3
35239,3
35240,3
35241,3
35242,3
35243,3
35244,3
35245,3
35246,3
35247,3
35248,3
35249,3
35250,3
35251,3
35252,3
35253,3
35254,3
35255,3
35256,3
35257,3
35258,3
35259,3
35260,3
35261,3
35262,3
35263,3
35264,3
35265,3
35266,3
35267,3
35268,3
35269,3
35270,3
35271,3
35272,3
35273,3
35274,3
35275,3
35276,3
35277,3
35278,3
35279,3
35280,3
35281,3
35282,3
35283,3
35284,3
35285,3
35286,3
35287,3
35288,3
35289,3
35290,3
35291,3
35292,3
35293,3
35294,3
35295,3
35296,3
35297,3
35298,3
35299,3
35300,3
35301,3
35302,3
35303,3
35304,3
35305,3
35306,3
35307,3
35308,3
35309,3
35310,3
35311,3
35312,3
35313,3
35314,3
35315,3
35316,3
35317,3
35318,3
35319,3
35320,3
35321,3
35322,3
35323,3
35324,3
35325,3
35326,3
35327,3
35328,3
35329,3
35330,3
35331,3
35332,3
35333,3
35334,3
35335,3
35336,3
35337,3
35338,3
35339,3
35340,3
35341,3
35342,3
35343,3
35344,3
35345,3
35346,3
35347,3
35348,3
35349,3
35350,3
35351,3
35352,3
35353,3
35354,3
35355,3
35356,3
35357,3
35358,3
35359,3
35360,3
35361,3
35362,3
35363,3
35364,3
35365,3
35366,3
35367,3
35368,3
35369,3
35370,3
35371,3
35372,3
35373,3
35374,3
35375,3
35376,3
35377,3
35378,3
35379,3
35380,3
35381,3
35382,3
35383,3
35384,3
35385,3
35386,3
35387,3
35388,3
35389,3
35390,3
35391,3
35392,3
35393,3
35394,3
35395,3
35396,3
35397,3
35398,3
35399,3
35400,3
35401,3
35402,3
35403,3
35404,3
35405,3
35406,3
35407,3
35408,3
35409,3
35410,3
35411,3
35412,3
35413,3
35414,3
35415,3
35416,3
35417,3
35418,3
35419,3
35420,3
35421,3
35422,3
35423,3
35424,3
35425,3
35426,3
35427,3
35428,3
35429,3
35430,3
35431,3
35432,3
35433,3
35434,3
35435,3
35436,3
35437,3
35438,3
35439,3
35440,3
35441,3
35442,3
35443,3
35444,3
35445,3
35446,3
35447,3
35448,3
35449,3
35450,3
35451,3
35452,3
35453,3
35454,3
35455,3
35456,3
35457,3
35458,3
35459,3
35460,3
35461,3
35462,3
35463,3
35464,3
35465,3
35466,3
35467,3
35468,3
35469,3
35470,3
35471,3
35472,3
35473,3
35474,3
35475,3
35476,3
35477,3
35478,3
35479,3
35480,3
35481,3
35482,3
35483,3
35484,3
35485,3
35486,3
35487,3
35488,3
35489,3
35490,3
35491,3
35492,3
35493,3
35494,3
35495,3
35496,3
35497,3
35498,3
35499,3
35500,3
35501,3
35502,3
35503,3
35504,3
35505,3
35506,3
35507,3
35508,3
35509,3
35510,3
35511,3
35512,3
35513,3
35514,3
35515,3
35516,3
35517,3
35518,3
35519,3
35520,3
35521,3
35522,3
35523,3
35524,3
35525,3
35526,3
35527,3
35528,3
35529,3
35530,3
35531,3
35532,3
35533,3
35534,3
35535,3
35536,3
35537,3
35538,3
35539,3
35540,3
35541,3
35542,3
35543,3
35544,3
35545,3
35546,3
35547,3
35548,3
35549,3
35550,3
35551,3
35552,3
35553,3
35554,3
35555,3
35556,3
35557,3
35558,3
35559,3
35560,3
35561,3
35562,3
35563,3
35564,3
35565,3
35566,3
35567,3
35568,3
35569,3
35570,3
35571,3
35572,3
35573,3
35574,3
35575,3
35576,3
35577,3
35578,3
35579,3
35580,3
35581,3
35582,3
35583,3
35584,3
35585,3
35586,3
35587,3
35588,3
35589,3
35590,3
35591,3
35592,3
35593,3
35594,3
35595,3
35596,3
35597,3
35598,3
35599,3
35600,3
35601,3
35602,3
35603,3
35604,3
35605,3
35606,3
35607,3
35608,3
35609,3
35610,3
35611,3
35612,3
35613,3
35614,3
35615,3
35616,3
35617,3
35618,3
35619,3
35620,3
35621,3
35622,3
35623,3
35624,3
35625,3
35626,3
35627,3
35628,3
35629,3
35630,3
35631,3
35632,3
35633,3
35634,3
35635,3
35636,3
35637,3
35638,3
35639,3
35640,3
35641,3
35642,3
35643,3
35644,3
35645,3
35646,3
35647,3
35648,3
35649,3
35650,3
35651,3
35652,3
35653,3
35654,3
35655,3
35656,3
35657,3
35658,3
35659,3
35660,3
35661,3
35662,3
35663,3
35664,3
35665,3
35666,3
35667,3
35668,3
35669,3
35670,3
35671,3
35672,3
35673,3
35674,3
35675,3
35676,3
35677,3
35678,3
35679,3
35680,3
35681,3
35682,3
35683,3
35684,3
35685,3
35686,3
35687,3
35688,3
35689,3
35690,3
35691,3
35692,3
35693,3
35694,3
35695,3
35696,3
35697,3
35698,3
35699,3
35700,3
35701,3
35702,3
35703,3
35704,3
35705,3
35706,3
35707,3
35708,3
35709,3
35710,3
35711,3
35712,3
35713,3
35714,3
35715,3
35716,3
35717,3
35718,3
35719,3
35720,3
35721,3
35722,3
35723,3
35724,3
35725,3
35726,3
35727,3
35728,3
35729,3
35730,3
35731,3
35732,3
35733,3
35734,3
35735,3
35736,3
35737,3
35738,3
35739,3
35740,3
35741,3
35742,3
35743,3
35744,3
35745,3
35746,3
35747,3
35748,3
35749,3
35750,3
35751,3
35752,3
35753,3
35754,3
35755,3
35756,3
35757,3
35758,3
35759,3
35760,3
35761,3
35762,3
35763,3
35764,3
35765,3
35766,3
35767,3
35768,3
35769,3
35770,3
35771,3
35772,3
35773,3
35774,3
35775,3
35776,3
35777,3
35778,3
35779,3
35780,3
35781,3
35782,3
35783,3
35784,3
35785,3
35786,3
35787,3
35788,3
35789,3
35790,3
35791,3
35792,3
35793,3
35794,3
35795,3
35796,3
35797,3
35798,3
35799,3
35800,3
35801,3
35802,3
35803,3
35804,3
35805,3
35806,3
35807,3
35808,3
35809,3
35810,3
35811,3
35812,3
35813,3
35814,3
35815,3
35816,3
35817,3
35818,3
35819,3
35820,3
35821,3
35822,3
35823,3
35824,3
35825,3
35826,3
35827,3
35828,3
35829,3
35830,3
35831,3
35832,3
35833,3
35834,3
35835,3
35836,3
35837,3
35838,3
35839,3
35840,3
35841,3
35842,3
35843,3
35844,3
35845,3
35846,3
35847,3
35848,3
35849,3
35850,3
35851,3
35852,3
35853,3
35854,3
35855,3
35856,3
35857,3
35858,3
35859,3
35860,3
35861,3
35862,3
35863,3
35864,3
35865,3
35866,3
35867,3
35868,3
35869,3
35870,3
35871,3
35872,3
35873,3
35874,3
35875,3
35876,3
35877,3
35878,3
35879,3
35880,3
35881,3
35882,3
35883,3
35884,3
35885,3
35886,3
35887,3
35888,3
35889,3
35890,3
35891,3
35892,3
35893,3
35894,3
35895,3
35896,3
35897,3
35898,3
35899,3
35900,3
35901,3
35902,3
35903,3
35904,3
35905,3
35906,3
35907,3
35908,3
35909,3
35910,3
35911,3
35912,3
35913,3
35914,3
35915,3
35916,3
35917,3
35918,3
35919,3
35920,3
35921,3
35922,3
35923,3
35924,3
35925,3
35926,3
35927,3
35928,3
35929,3
35930,3
35931,3
35932,3
35933,3
35934,3
35935,3
35936,3
35937,3
35938,3
35939,3
35940,3
35941,3
35942,3
35943,3
35944,3
35945,3
35946,3
35947,3
35948,3
35949,3
35950,3
35951,3
35952,3
35953,3
35954,3
35955,3
35956,3
35957,3
35958,3
35959,3
35960,3
35961,3
35962,3
35963,3
35964,3
35965,3
35966,3
35967,3
35968,3
35969,3
35970,3
35971,3
35972,3
35973,3
35974,3
35975,3
35976,3
35977,3
35978,3
35979,3
35980,3
35981,3
35982,3
35983,3
35984,3
35985,3
35986,3
35987,3
35988,3
35989,3
35990,3
35991,3
35992,3
35993,3
35994,3
35995,3
35996,3
35997,3
35998,3
35999,3
36000,3
36001,3
36002,3
36003,3
36004,3
36005,3
36006,3
36007,3
36008,3
36009,3
36010,3
36011,3
36012,3
36013,3
36014,3
36015,3
36016,3
36017,3
36018,3
36019,3
36020,3
36021,3
36022,3
36023,3
36024,3
36025,3
36026,3
36027,3
36028,3
36029,3
36030,3
36031,3
36032,3
36033,3
36034,3
36035,3
36036,3
36037,3
36038,3
36039,3
36040,3
36041,3
36042,3
36043,3
36044,3
36045,3
36046,3
36047,3
36048,3
36049,3
36050,3
36051,3
36052,3
36053,3
36054,3
36055,3
36056,3
36057,3
36058,3
36059,3
36060,3
36061,3
36062,3
36063,3
36064,3
36065,3
36066,3
36067,3
36068,3
36069,3
36070,3
36071,3
36072,3
36073,3
36074,3
36075,3
36076,3
36077,3
36078,3
36079,3
36080,3
36081,3
36082,3
36083,3
36084,3
36085,3
36086,3
36087,3
36088,3
36089,3
36090,3
36091,3
36092,3
36093,3
36094,3
36095,3
36096,3
36097,3
36098,3
36099,3
36100,3
36101,3
36102,3
36103,3
36104,3
36105,3
36106,3
36107,3
36108,3
36109,3
36110,3
36111,3
36112,3
36113,3
36114,3
36115,3
36116,3
36117,3
36118,3
36119,3
36120,3
36121,3
36122,3
36123,3
36124,3
36125,3
36126,3
36127,3
36128,3
36129,3
36130,3
36131,3
36132,3
36133,3
36134,3
36135,3
36136,3
36137,3
36138,3
36139,3
36140,3
36141,3
36142,3
36143,3
36144,3
36145,3
36146,3
36147,3
36148,3
36149,3
36150,3
36151,3
36152,3
36153,3
36154,3
36155,3
36156,3
36157,3
36158,3
36159,3
36160,3
36161,3
36162,3
36163,3
36164,3
36165,3
36166,3
36167,3
36168,3
36169,3
36170,3
36171,3
36172,3
36173,3
36174,3
36175,3
36176,3
36177,3
36178,3
36179,3
36180,3
36181,3
36182,3
36183,3
36184,3
36185,3
36186,3
36187,3
36188,3
36189,3
36190,3
36191,3
36192,3
36193,3
36194,3
36195,3
36196,3
36197,3
36198,3
36199,3
36200,3
36201,3
36202,3
36203,3
36204,3
36205,3
36206,3
36207,3
36208,3
36209,3
36210,3
36211,3
36212,3
36213,3
36214,3
36215,3
36216,3
36217,3
36218,3
36219,3
36220,3
36221,3
36222,3
36223,3
36224,3
36225,3
36226,3
36227,3
36228,3
36229,3
36230,3
36231,3
36232,3
36233,3
36234,3
36235,3
36236,3
36237,3
36238,3
36239,3
36240,3
36241,3
36242,3
36243,3
36244,3
36245,3
36246,3
36247,3
36248,3
36249,3
36250,3
36251,3
36252,3
36253,3
36254,3
36255,3
36256,3
36257,3
36258,3
36259,3
36260,3
36261,3
36262,3
36263,3
36264,3
36265,3
36266,3
36267,3
36268,3
36269,3
36270,3
36271,3
36272,3
36273,3
36274,3
36275,3
36276,3
36277,3
36278,3
36279,3
36280,3
36281,3
36282,3
36283,3
36284,3
36285,3
36286,3
36287,3
36288,3
36289,3
36290,3
36291,3
36292,3
36293,3
36294,3
36295,3
36296,3
36297,3
36298,3
36299,3
36300,3
36301,3
36302,3
36303,3
36304,3
36305,3
36306,3
36307,3
36308,3
36309,3
36310,3
36311,3
36312,3
36313,3
36314,3
36315,3
36316,3
36317,3
36318,3
36319,3
36320,3
36321,3
36322,3
36323,3
36324,3
36325,3
36326,3
36327,3
36328,3
36329,3
36330,3
36331,3
36332,3
36333,3
36334,3
36335,3
36336,3
36337,3
36338,3
36339,3
36340,3
36341,3
36342,3
36343,3
36344,3
36345,3
36346,3
36347,3
36348,3
36349,3
36350,3
36351,3
36352,3
36353,3
36354,3
36355,3
36356,3
36357,3
36358,3
36359,3
36360,3
36361,3
36362,3
36363,3
36364,3
36365,3
36366,3
36367,3
36368,3
36369,3
36370,3
36371,3
36372,3
36373,3
36374,3
36375,3
36376,3
36377,3
36378,3
36379,3
36380,3
36381,3
36382,3
36383,3
36384,3
36385,3
36386,3
36387,3
36388,3
36389,3
36390,3
36391,3
36392,3
36393,3
36394,3
36395,3
36396,3
36397,3
36398,3
36399,3
36400,3
36401,3
36402,3
36403,3
36404,3
36405,3
36406,3
36407,3
36408,3
36409,3
36410,3
36411,3
36412,3
36413,3
36414,3
36415,3
36416,3
36417,3
36418,3
36419,3
36420,3
36421,3
36422,3
36423,3
36424,3
36425,3
36426,3
36427,3
36428,3
36429,3
36430,3
36431,3
36432,3
36433,3
36434,3
36435,3
36436,3
36437,3
36438,3
36439,3
36440,3
36441,3
36442,3
36443,3
36444,3
36445,3
36446,3
36447,3
36448,3
36449,3
36450,3
36451,3
36452,3
36453,3
36454,3
36455,3
36456,3
36457,3
36458,3
36459,3
36460,3
36461,3
36462,3
36463,3
36464,3
36465,3
36466,3
36467,3
36468,3
36469,3
36470,3
36471,3
36472,3
36473,3
36474,3
36475,3
36476,3
36477,3
36478,3
36479,3
36480,3
36481,3
36482,3
36483,3
36484,3
36485,3
36486,3
36487,3
36488,3
36489,3
36490,3
36491,3
36492,3
36493,3
36494,3
36495,3
36496,3
36497,3
36498,3
36499,3
36500,3
36501,3
36502,3
36503,3
36504,3
36505,3
36506,3
36507,3
36508,3
36509,3
36510,3
36511,3
36512,3
36513,3
36514,3
36515,3
36516,3
36517,3
36518,3
36519,3
36520,3
36521,3
36522,3
36523,3
36524,3
36525,3
36526,3
36527,3
36528,3
36529,3
36530,3
36531,3
36532,3
36533,3
36534,3
36535,3
36536,3
36537,3
36538,3
36539,3
36540,3
36541,3
36542,3
36543,3
36544,3
36545,3
36546,3
36547,3
36548,3
36549,3
36550,3
36551,3
36552,3
36553,3
36554,3
36555,3
36556,3
36557,3
36558,3
36559,3
36560,3
36561,3
36562,3
36563,3
36564,3
36565,3
36566,3
36567,3
36568,3
36569,3
36570,3
36571,3
36572,3
36573,3
36574,3
36575,3
36576,3
36577,3
36578,3
36579,3
36580,3
36581,3
36582,3
36583,3
36584,3
36585,3
36586,3
36587,3
36588,3
36589,3
36590,3
36591,3
36592,3
36593,3
36594,3
36595,3
36596,3
36597,3
36598,3
36599,3
36600,3
36601,3
36602,3
36603,3
36604,3
36605,3
36606,3
36607,3
36608,3
36609,3
36610,3
36611,3
36612,3
36613,3
36614,3
36615,3
36616,3
36617,3
36618,3
36619,3
36620,3
36621,3
36622,3
36623,3
36624,3
36625,3
36626,3
36627,3
36628,3
36629,3
36630,3
36631,3
36632,3
36633,3
36634,3
36635,3
36636,3
36637,3
36638,3
36639,3
36640,3
36641,3
36642,3
36643,3
36644,3
36645,3
36646,3
36647,3
36648,3
36649,3
36650,3
36651,3
36652,3
36653,3
36654,3
36655,3
36656,3
36657,3
36658,3
36659,3
36660,3
36661,3
36662,3
36663,3
36664,3
36665,3
36666,3
36667,3
36668,3
36669,3
36670,3
36671,3
36672,3
36673,3
36674,3
36675,3
36676,3
36677,3
36678,3
36679,3
36680,3
36681,3
36682,3
36683,3
36684,3
36685,3
36686,3
36687,3
36688,3
36689,3
36690,3
36691,3
36692,3
36693,3
36694,3
36695,3
36696,3
36697,3
36698,3
36699,3
36700,3
36701,3
36702,3
36703,3
36704,3
36705,3
36706,3
36707,3
36708,3
36709,3
36710,3
36711,3
36712,3
36713,3
36714,3
36715,3
36716,3
36717,3
36718,3
36719,3
36720,3
36721,3
36722,3
36723,3
36724,3
36725,3
36726,3
36727,3
36728,3
36729,3
36730,3
36731,3
36732,3
36733,3
36734,3
36735,3
36736,3
36737,3
36738,3
36739,3
36740,3
36741,3
36742,3
36743,3
36744,3
36745,3
36746,3
36747,3
36748,3
36749,3
36750,3
36751,3
36752,3
36753,3
36754,3
36755,3
36756,3
36757,3
36758,3
36759,3
36760,3
36761,3
36762,3
36763,3
36764,3
36765,3
36766,3
36767,3
36768,3
36769,3
36770,3
36771,3
36772,3
36773,3
36774,3
36775,3
36776,3
36777,3
36778,3
36779,3
36780,3
36781,3
36782,3
36783,3
36784,3
36785,3
36786,3
36787,3
36788,3
36789,3
36790,3
36791,3
36792,3
36793,3
36794,3
36795,3
36796,3
36797,3
36798,3
36799,3
36800,3
36801,3
36802,3
36803,3
36804,3
36805,3
36806,3
36807,3
36808,3
36809,3
36810,3
36811,3
36812,3
36813,3
36814,3
36815,3
36816,3
36817,3
36818,3
36819,3
36820,3
36821,3
36822,3
36823,3
36824,3
36825,3
36826,3
36827,3
36828,3
36829,3
36830,3
36831,3
36832,3
36833,3
36834,3
36835,3
36836,3
36837,3
36838,3
36839,3
36840,3
36841,3
36842,3
36843,3
36844,3
36845,3
36846,3
36847,3
36848,3
36849,3
36850,3
36851,3
36852,3
36853,3
36854,3
36855,3
36856,3
36857,3
36858,3
36859,3
36860,3
36861,3
36862,3
36863,3
36864,3
36865,3
36866,3
36867,3
36868,3
36869,3
36870,3
36871,3
36872,3
36873,3
36874,3
36875,3
36876,3
36877,3
36878,3
36879,3
36880,3
36881,3
36882,3
36883,3
36884,3
36885,3
36886,3
36887,3
36888,3
36889,3
36890,3
36891,3
36892,3
36893,3
36894,3
36895,3
36896,3
36897,3
36898,3
36899,3
36900,3
36901,3
36902,3
36903,3
36904,3
36905,3
36906,3
36907,3
36908,3
36909,3
36910,3
36911,3
36912,3
36913,3
36914,3
36915,3
36916,3
36917,3
36918,3
36919,3
36920,3
36921,3
36922,3
36923,3
36924,3
36925,3
36926,3
36927,3
36928,3
36929,3
36930,3
36931,3
36932,3
36933,3
36934,3
36935,3
36936,3
36937,3
36938,3
36939,3
36940,3
36941,3
36942,3
36943,3
36944,3
36945,3
36946,3
36947,3
36948,3
36949,3
36950,3
36951,3
36952,3
36953,3
36954,3
36955,3
36956,3
36957,3
36958,3
36959,3
36960,3
36961,3
36962,3
36963,3
36964,3
36965,3
36966,3
36967,3
36968,3
36969,3
36970,3
36971,3
36972,3
36973,3
36974,3
36975,3
36976,3
36977,3
36978,3
36979,3
36980,3
36981,3
36982,3
36983,3
36984,3
36985,3
36986,3
36987,3
36988,3
36989,3
36990,3
36991,3
36992,3
36993,3
36994,3
36995,3
36996,3
36997,3
36998,3
36999,3
37000,3
37001,3
37002,3
37003,3
37004,3
37005,3
37006,3
37007,3
37008,3
37009,3
37010,3
37011,3
37012,3
37013,3
37014,3
37015,3
37016,3
37017,3
37018,3
37019,3
37020,3
37021,3
37022,3
37023,3
37024,3
37025,3
37026,3
37027,3
37028,3
37029,3
37030,3
37031,3
37032,3
37033,3
37034,3
37035,3
37036,3
37037,3
37038,3
37039,3
37040,3
37041,3
37042,3
37043,3
37044,3
37045,3
37046,3
37047,3
37048,3
37049,3
37050,3
37051,3
37052,3
37053,3
37054,3
37055,3
37056,3
37057,3
37058,3
37059,3
37060,3
37061,3
37062,3
37063,3
37064,3
37065,3
37066,3
37067,3
37068,3
37069,3
37070,3
37071,3
37072,3
37073,3
37074,3
37075,3
37076,3
37077,3
37078,3
37079,3
37080,3
37081,3
37082,3
37083,3
37084,3
37085,3
37086,3
37087,3
37088,3
37089,3
37090,3
37091,3
37092,3
37093,3
37094,3
37095,3
37096,3
37097,3
37098,3
37099,3
37100,3
37101,3
37102,3
37103,3
37104,3
37105,3
37106,3
37107,3
37108,3
37109,3
37110,3
37111,3
37112,3
37113,3
37114,3
37115,3
37116,3
37117,3
37118,3
37119,3
37120,3
37121,3
37122,3
37123,3
37124,3
37125,3
37126,3
37127,3
37128,3
37129,3
37130,3
37131,3
37132,3
37133,3
37134,3
37135,3
37136,3
37137,3
37138,3
37139,3
37140,3
37141,3
37142,3
37143,3
37144,3
37145,3
37146,3
37147,3
37148,3
37149,3
37150,3
37151,3
37152,3
37153,3
37154,3
37155,3
37156,3
37157,3
37158,3
37159,3
37160,3
37161,3
37162,3
37163,3
37164,3
37165,3
37166,3
37167,3
37168,3
37169,3
37170,3
37171,3
37172,3
37173,3
37174,3
37175,3
37176,3
37177,3
37178,3
37179,3
37180,3
37181,3
37182,3
37183,3
37184,3
37185,3
37186,3
37187,3
37188,3
37189,3
37190,3
37191,3
37192,3
37193,3
37194,3
37195,3
37196,3
37197,3
37198,3
37199,3
37200,3
37201,3
37202,3
37203,3
37204,3
37205,3
37206,3
37207,3
37208,3
37209,3
37210,3
37211,3
37212,3
37213,3
37214,3
37215,3
37216,3
37217,3
37218,3
37219,3
37220,3
37221,3
37222,3
37223,3
37224,3
37225,3
37226,3
37227,3
37228,3
37229,3
37230,3
37231,3
37232,3
37233,3
37234,3
37235,3
37236,3
37237,3
37238,3
37239,3
37240,3
37241,3
37242,3
37243,3
37244,3
37245,3
37246,3
37247,3
37248,3
37249,3
37250,3
37251,3
37252,3
37253,3
37254,3
37255,3
37256,3
37257,3
37258,3
37259,3
37260,3
37261,3
37262,3
37263,3
37264,3
37265,3
37266,3
37267,3
37268,3
37269,3
37270,3
37271,3
37272,3
37273,3
37274,3
37275,3
37276,3
37277,3
37278,3
37279,3
37280,3
37281,3
37282,3
37283,3
37284,3
37285,3
37286,3
37287,3
37288,3
37289,3
37290,3
37291,3
37292,3
37293,3
37294,3
37295,3
37296,3
37297,3
37298,3
37299,3
37300,3
37301,3
37302,3
37303,3
37304,3
37305,3
37306,3
37307,3
37308,3
37309,3
37310,3
37311,3
37312,3
37313,3
37314,3
37315,3
37316,3
37317,3
37318,3
37319,3
37320,3
37321,3
37322,3
37323,3
37324,3
37325,3
37326,3
37327,3
37328,3
37329,3
37330,3
37331,3
37332,3
37333,3
37334,3
37335,3
37336,3
37337,3
37338,3
37339,3
37340,3
37341,3
37342,3
37343,3
37344,3
37345,3
37346,3
37347,3
37348,3
37349,3
37350,3
37351,3
37352,3
37353,3
37354,3
37355,3
37356,3
37357,3
37358,3
37359,3
37360,3
37361,3
37362,3
37363,3
37364,3
37365,3
37366,3
37367,3
37368,3
37369,3
37370,3
37371,3
37372,3
37373,3
37374,3
37375,3
37376,3
37377,3
37378,3
37379,3
37380,3
37381,3
37382,3
37383,3
37384,3
37385,3
37386,3
37387,3
37388,3
37389,3
37390,3
37391,3
37392,3
37393,3
37394,3
37395,3
37396,3
37397,3
37398,3
37399,3
37400,3
37401,3
37402,3
37403,3
37404,3
37405,3
37406,3
37407,3
37408,3
37409,3
37410,3
37411,3
37412,3
37413,3
37414,3
37415,3
37416,3
37417,3
37418,3
37419,3
37420,3
37421,3
37422,3
37423,3
37424,3
37425,3
37426,3
37427,3
37428,3
37429,3
37430,3
37431,3
37432,3
37433,3
37434,3
37435,3
37436,3
37437,3
37438,3
37439,3
37440,3
37441,3
37442,3
37443,3
37444,3
37445,3
37446,3
37447,3
37448,3
37449,3
37450,3
37451,3
37452,3
37453,3
37454,3
37455,3
37456,3
37457,3
37458,3
37459,3
37460,3
37461,3
37462,3
37463,3
37464,3
37465,3
37466,3
37467,3
37468,3
37469,3
37470,3
37471,3
37472,3
37473,3
37474,3
37475,3
37476,3
37477,3
37478,3
37479,3
37480,3
37481,3
37482,3
37483,3
37484,3
37485,3
37486,3
37487,3
37488,3
37489,3
37490,3
37491,3
37492,3
37493,3
37494,3
37495,3
37496,3
37497,3
37498,3
37499,3
37500,3
37501,3
37502,3
37503,3
37504,3
37505,3
37506,3
37507,3
37508,3
37509,3
37510,3
37511,3
37512,3
37513,3
37514,3
37515,3
37516,3
37517,3
37518,3
37519,3
37520,3
37521,3
37522,3
37523,3
37524,3
37525,3
37526,3
37527,3
37528,3
37529,3
37530,3
37531,3
37532,3
37533,3
37534,3
37535,3
37536,3
37537,3
37538,3
37539,3
37540,3
37541,3
37542,3
37543,3
37544,3
37545,3
37546,3
37547,3
37548,3
37549,3
37550,3
37551,3
37552,3
37553,3
37554,3
37555,3
37556,3
37557,3
37558,3
37559,3
37560,3
37561,3
37562,3
37563,3
37564,3
37565,3
37566,3
37567,3
37568,3
37569,3
37570,3
37571,3
37572,3
37573,3
37574,3
37575,3
37576,3
37577,3
37578,3
37579,3
37580,3
37581,3
37582,3
37583,3
37584,3
37585,3
37586,3
37587,3
37588,3
37589,3
37590,3
37591,3
37592,3
37593,3
37594,3
37595,3
37596,3
37597,3
37598,3
37599,3
37600,3
37601,3
37602,3
37603,3
37604,3
37605,3
37606,3
37607,3
37608,3
37609,3
37610,3
37611,3
37612,3
37613,3
37614,3
37615,3
37616,3
37617,3
37618,3
37619,3
37620,3
37621,3
37622,3
37623,3
37624,3
37625,3
37626,3
37627,3
37628,3
37629,3
37630,3
37631,3
37632,3
37633,3
37634,3
37635,3
37636,3
37637,3
37638,3
37639,3
37640,3
37641,3
37642,3
37643,3
37644,3
37645,3
37646,3
37647,3
37648,3
37649,3
37650,3
37651,3
37652,3
37653,3
37654,3
37655,3
37656,3
37657,3
37658,3
37659,3
37660,3
37661,3
37662,3
37663,3
37664,3
37665,3
37666,3
37667,3
37668,3
37669,3
37670,3
37671,3
37672,3
37673,3
37674,3
37675,3
37676,3
37677,3
37678,3
37679,3
37680,3
37681,3
37682,3
37683,3
37684,3
37685,3
37686,3
37687,3
37688,3
37689,3
37690,3
37691,3
37692,3
37693,3
37694,3
37695,3
37696,3
37697,3
37698,3
37699,3
37700,3
37701,3
37702,3
37703,3
37704,3
37705,3
37706,3
37707,3
37708,3
37709,3
37710,3
37711,3
37712,3
37713,3
37714,3
37715,3
37716,3
37717,3
37718,3
37719,3
37720,3
37721,3
37722,3
37723,3
37724,3
37725,3
37726,3
37727,3
37728,3
37729,3
37730,3
37731,3
37732,3
37733,3
37734,3
37735,3
37736,3
37737,3
37738,3
37739,3
37740,3
37741,3
37742,3
37743,3
37744,3
37745,3
37746,3
37747,3
37748,3
37749,3
37750,3
37751,3
37752,3
37753,3
37754,3
37755,3
37756,3
37757,3
37758,3
37759,3
37760,3
37761,3
37762,3
37763,3
37764,3
37765,3
37766,3
37767,3
37768,3
37769,3
37770,3
37771,3
37772,3
37773,3
37774,3
37775,3
37776,3
37777,3
37778,3
37779,3
37780,3
37781,3
37782,3
37783,3
37784,3
37785,3
37786,3
37787,3
37788,3
37789,3
37790,3
37791,3
37792,3
37793,3
37794,3
37795,3
37796,3
37797,3
37798,3
37799,3
37800,3
37801,3
37802,3
37803,3
37804,3
37805,3
37806,3
37807,3
37808,3
37809,3
37810,3
37811,3
37812,3
37813,3
37814,3
37815,3
37816,3
37817,3
37818,3
37819,3
37820,3
37821,3
37822,3
37823,3
37824,3
37825,3
37826,3
37827,3
37828,3
37829,3
37830,3
37831,3
37832,3
37833,3
37834,3
37835,3
37836,3
37837,3
37838,3
37839,3
37840,3
37841,3
37842,3
37843,3
37844,3
37845,3
37846,3
37847,3
37848,3
37849,3
37850,3
37851,3
37852,3
37853,3
37854,3
37855,3
37856,3
37857,3
37858,3
37859,3
37860,3
37861,3
37862,3
37863,3
37864,3
37865,3
37866,3
37867,3
37868,3
37869,3
37870,3
37871,3
37872,3
37873,3
37874,3
37875,3
37876,3
37877,3
37878,3
37879,3
37880,3
37881,3
37882,3
37883,3
37884,3
37885,3
37886,3
37887,3
37888,3
37889,3
37890,3
37891,3
37892,3
37893,3
37894,3
37895,3
37896,3
37897,3
37898,3
37899,3
37900,3
37901,3
37902,3
37903,3
37904,3
37905,3
37906,3
37907,3
37908,3
37909,3
37910,3
37911,3
37912,3
37913,3
37914,3
37915,3
37916,3
37917,3
37918,3
37919,3
37920,3
37921,3
37922,3
37923,3
37924,3
37925,3
37926,3
37927,3
37928,3
37929,3
37930,3
37931,3
37932,3
37933,3
37934,3
37935,3
37936,3
37937,3
37938,3
37939,3
37940,3
37941,3
37942,3
37943,3
37944,3
37945,3
37946,3
37947,3
37948,3
37949,3
37950,3
37951,3
37952,3
37953,3
37954,3
37955,3
37956,3
37957,3
37958,3
37959,3
37960,3
37961,3
37962,3
37963,3
37964,3
37965,3
37966,3
37967,3
37968,3
37969,3
37970,3
37971,3
37972,3
37973,3
37974,3
37975,3
37976,3
37977,3
37978,3
37979,3
37980,3
37981,3
37982,3
37983,3
37984,3
37985,3
37986,3
37987,3
37988,3
37989,3
37990,3
37991,3
37992,3
37993,3
37994,3
37995,3
37996,3
37997,3
37998,3
37999,3
38000,3
38001,3
38002,3
38003,3
38004,3
38005,3
38006,3
38007,3
38008,3
38009,3
38010,3
38011,3
38012,3
38013,3
38014,3
38015,3
38016,3
38017,3
38018,3
38019,3
38020,3
38021,3
38022,3
38023,3
38024,3
38025,3
38026,3
38027,3
38028,3
38029,3
38030,3
38031,3
38032,3
38033,3
38034,3
38035,3
38036,3
38037,3
38038,3
38039,3
38040,3
38041,3
38042,3
38043,3
38044,3
38045,3
38046,3
38047,3
38048,3
38049,3
38050,3
38051,3
38052,3
38053,3
38054,3
38055,3
38056,3
38057,3
38058,3
38059,3
38060,3
38061,3
38062,3
38063,3
38064,3
38065,3
38066,3
38067,3
38068,3
38069,3
38070,3
38071,3
38072,3
38073,3
38074,3
38075,3
38076,3
38077,3
38078,3
38079,3
38080,3
38081,3
38082,3
38083,3
38084,3
38085,3
38086,3
38087,3
38088,3
38089,3
38090,3
38091,3
38092,3
38093,3
38094,3
38095,3
38096,3
38097,3
38098,3
38099,3
38100,3
38101,3
38102,3
38103,3
38104,3
38105,3
38106,3
38107,3
38108,3
38109,3
38110,3
38111,3
38112,3
38113,3
38114,3
38115,3
38116,3
38117,3
38118,3
38119,3
38120,3
38121,3
38122,3
38123,3
38124,3
38125,3
38126,3
38127,3
38128,3
38129,3
38130,3
38131,3
38132,3
38133,3
38134,3
38135,3
38136,3
38137,3
38138,3
38139,3
38140,3
38141,3
38142,3
38143,3
38144,3
38145,3
38146,3
38147,3
38148,3
38149,3
38150,3
38151,3
38152,3
38153,3
38154,3
38155,3
38156,3
38157,3
38158,3
38159,3
38160,3
38161,3
38162,3
38163,3
38164,3
38165,3
38166,3
38167,3
38168,3
38169,3
38170,3
38171,3
38172,3
38173,3
38174,3
38175,3
38176,3
38177,3
38178,3
38179,3
38180,3
38181,3
38182,3
38183,3
38184,3
38185,3
38186,3
38187,3
38188,3
38189,3
38190,3
38191,3
38192,3
38193,3
38194,3
38195,3
38196,3
38197,3
38198,3
38199,3
38200,3
38201,3
38202,3
38203,3
38204,3
38205,3
38206,3
38207,3
38208,3
38209,3
38210,3
38211,3
38212,3
38213,3
38214,3
38215,3
38216,3
38217,3
38218,3
38219,3
38220,3
38221,3
38222,3
38223,3
38224,3
38225,3
38226,3
38227,3
38228,3
38229,3
38230,3
38231,3
38232,3
38233,3
38234,3
38235,3
38236,3
38237,3
38238,3
38239,3
38240,3
38241,3
38242,3
38243,3
38244,3
38245,3
38246,3
38247,3
38248,3
38249,3
38250,3
38251,3
38252,3
38253,3
38254,3
38255,3
38256,3
38257,3
38258,3
38259,3
38260,3
38261,3
38262,3
38263,3
38264,3
38265,3
38266,3
38267,3
38268,3
38269,3
38270,3
38271,3
38272,3
38273,3
38274,3
38275,3
38276,3
38277,3
38278,3
38279,3
38280,3
38281,3
38282,3
38283,3
38284,3
38285,3
38286,3
38287,3
38288,3
38289,3
38290,3
38291,3
38292,3
38293,3
38294,3
38295,3
38296,3
38297,3
38298,3
38299,3
38300,3
38301,3
38302,3
38303,3
38304,3
38305,3
38306,3
38307,3
38308,3
38309,3
38310,3
38311,3
38312,3
38313,3
38314,3
38315,3
38316,3
38317,3
38318,3
38319,3
38320,3
38321,3
38322,3
38323,3
38324,3
38325,3
38326,3
38327,3
38328,3
38329,3
38330,3
38331,3
38332,3
38333,3
38334,3
38335,3
38336,3
38337,3
38338,3
38339,3
38340,3
38341,3
38342,3
38343,3
38344,3
38345,3
38346,3
38347,3
38348,3
38349,3
38350,3
38351,3
38352,3
38353,3
38354,3
38355,3
38356,3
38357,3
38358,3
38359,3
38360,3
38361,3
38362,3
38363,3
38364,3
38365,3
38366,3
38367,3
38368,3
38369,3
38370,3
38371,3
38372,3
38373,3
38374,3
38375,3
38376,3
38377,3
38378,3
38379,3
38380,3
38381,3
38382,3
38383,3
38384,3
38385,3
38386,3
38387,3
38388,3
38389,3
38390,3
38391,3
38392,3
38393,3
38394,3
38395,3
38396,3
38397,3
38398,3
38399,3
38400,3
38401,3
38402,3
38403,3
38404,3
38405,3
38406,3
38407,3
38408,3
38409,3
38410,3
38411,3
38412,3
38413,3
38414,3
38415,3
38416,3
38417,3
38418,3
38419,3
38420,3
38421,3
38422,3
38423,3
38424,3
38425,3
38426,3
38427,3
38428,3
38429,3
38430,3
38431,3
38432,3
38433,3
38434,3
38435,3
38436,3
38437,3
38438,3
38439,3
38440,3
38441,3
38442,3
38443,3
38444,3
38445,3
38446,3
38447,3
38448,3
38449,3
38450,3
38451,3
38452,3
38453,3
38454,3
38455,3
38456,3
38457,3
38458,3
38459,3
38460,3
38461,3
38462,3
38463,3
38464,3
38465,3
38466,3
38467,3
38468,3
38469,3
38470,3
38471,3
38472,3
38473,3
38474,3
38475,3
38476,3
38477,3
38478,3
38479,3
38480,3
38481,3
38482,3
38483,3
38484,3
38485,3
38486,3
38487,3
38488,3
38489,3
38490,3
38491,3
38492,3
38493,3
38494,3
38495,3
38496,3
38497,3
38498,3
38499,3
38500,3
38501,3
38502,3
38503,3
38504,3
38505,3
38506,3
38507,3
38508,3
38509,3
38510,3
38511,3
38512,3
38513,3
38514,3
38515,3
38516,3
38517,3
38518,3
38519,3
38520,3
38521,3
38522,3
38523,3
38524,3
38525,3
38526,3
38527,3
38528,3
38529,3
38530,3
38531,3
38532,3
38533,3
38534,3
38535,3
38536,3
38537,3
38538,3
38539,3
38540,3
38541,3
38542,3
38543,3
38544,3
38545,3
38546,3
38547,3
38548,3
38549,3
38550,3
38551,3
38552,3
38553,3
38554,3
38555,3
38556,3
38557,3
38558,3
38559,3
38560,3
38561,3
38562,3
38563,3
38564,3
38565,3
38566,3
38567,3
38568,3
38569,3
38570,3
38571,3
38572,3
38573,3
38574,3
38575,3
38576,3
38577,3
38578,3
38579,3
38580,3
38581,3
38582,3
38583,3
38584,3
38585,3
38586,3
38587,3
38588,3
38589,3
38590,3
38591,3
38592,3
38593,3
38594,3
38595,3
38596,3
38597,3
38598,3
38599,3
38600,3
38601,3
38602,3
38603,3
38604,3
38605,3
38606,3
38607,3
38608,3
38609,3
38610,3
38611,3
38612,3
38613,3
38614,3
38615,3
38616,3
38617,3
38618,3
38619,3
38620,3
38621,3
38622,3
38623,3
38624,3
38625,3
38626,3
38627,3
38628,3
38629,3
38630,3
38631,3
38632,3
38633,3
38634,3
38635,3
38636,3
38637,3
38638,3
38639,3
38640,3
38641,3
38642,3
38643,3
38644,3
38645,3
38646,3
38647,3
38648,3
38649,3
38650,3
38651,3
38652,3
38653,3
38654,3
38655,3
38656,3
38657,3
38658,3
38659,3
38660,3
38661,3
38662,3
38663,3
38664,3
38665,3
38666,3
38667,3
38668,3
38669,3
38670,3
38671,3
38672,3
38673,3
38674,3
38675,3
38676,3
38677,3
38678,3
38679,3
38680,3
38681,3
38682,3
38683,3
38684,3
38685,3
38686,3
38687,3
38688,3
38689,3
38690,3
38691,3
38692,3
38693,3
38694,3
38695,3
38696,3
38697,3
38698,3
38699,3
38700,3
38701,3
38702,3
38703,3
38704,3
38705,3
38706,3
38707,3
38708,3
38709,3
38710,3
38711,3
38712,3
38713,3
38714,3
38715,3
38716,3
38717,3
38718,3
38719,3
38720,3
38721,3
38722,3
38723,3
38724,3
38725,3
38726,3
38727,3
38728,3
38729,3
38730,3
38731,3
38732,3
38733,3
38734,3
38735,3
38736,3
38737,3
38738,3
38739,3
38740,3
38741,3
38742,3
38743,3
38744,3
38745,3
38746,3
38747,3
38748,3
38749,3
38750,3
38751,3
38752,3
38753,3
38754,3
38755,3
38756,3
38757,3
38758,3
38759,3
38760,3
38761,3
38762,3
38763,3
38764,3
38765,3
38766,3
38767,3
38768,3
38769,3
38770,3
38771,3
38772,3
38773,3
38774,3
38775,3
38776,3
38777,3
38778,3
38779,3
38780,3
38781,3
38782,3
38783,3
38784,3
38785,3
38786,3
38787,3
38788,3
38789,3
38790,3
38791,3
38792,3
38793,3
38794,3
38795,3
38796,3
38797,3
38798,3
38799,3
38800,3
38801,3
38802,3
38803,3
38804,3
38805,3
38806,3
38807,3
38808,3
38809,3
38810,3
38811,3
38812,3
38813,3
38814,3
38815,3
38816,3
38817,3
38818,3
38819,3
38820,3
38821,3
38822,3
38823,3
38824,3
38825,3
38826,3
38827,3
38828,3
38829,3
38830,3
38831,3
38832,3
38833,3
38834,3
38835,3
38836,3
38837,3
38838,3
38839,3
38840,3
38841,3
38842,3
38843,3
38844,3
38845,3
38846,3
38847,3
38848,3
38849,3
38850,3
38851,3
38852,3
38853,3
38854,3
38855,3
38856,3
38857,3
38858,3
38859,3
38860,3
38861,3
38862,3
38863,3
38864,3
38865,3
38866,3
38867,3
38868,3
38869,3
38870,3
38871,3
38872,3
38873,3
38874,3
38875,3
38876,3
38877,3
38878,3
38879,3
38880,3
38881,3
38882,3
38883,3
38884,3
38885,3
38886,3
38887,3
38888,3
38889,3
38890,3
38891,3
38892,3
38893,3
38894,3
38895,3
38896,3
38897,3
38898,3
38899,3
38900,3
38901,3
38902,3
38903,3
38904,3
38905,3
38906,3
38907,3
38908,3
38909,3
38910,3
38911,3
38912,3
38913,3
38914,3
38915,3
38916,3
38917,3
38918,3
38919,3
38920,3
38921,3
38922,3
38923,3
38924,3
38925,3
38926,3
38927,3
38928,3
38929,3
38930,3
38931,3
38932,3
38933,3
38934,3
38935,3
38936,3
38937,3
38938,3
38939,3
38940,3
38941,3
38942,3
38943,3
38944,3
38945,3
38946,3
38947,3
38948,3
38949,3
38950,3
38951,3
38952,3
38953,3
38954,3
38955,3
38956,3
38957,3
38958,3
38959,3
38960,3
38961,3
38962,3
38963,3
38964,3
38965,3
38966,3
38967,3
38968,3
38969,3
38970,3
38971,3
38972,3
38973,3
38974,3
38975,3
38976,3
38977,3
38978,3
38979,3
38980,3
38981,3
38982,3
38983,3
38984,3
38985,3
38986,3
38987,3
38988,3
38989,3
38990,3
38991,3
38992,3
38993,3
38994,3
38995,3
38996,3
38997,3
38998,3
38999,3
39000,3
39001,3
39002,3
39003,3
39004,3
39005,3
39006,3
39007,3
39008,3
39009,3
39010,3
39011,3
39012,3
39013,3
39014,3
39015,3
39016,3
39017,3
39018,3
39019,3
39020,3
39021,3
39022,3
39023,3
39024,3
39025,3
39026,3
39027,3
39028,3
39029,3
39030,3
39031,3
39032,3
39033,3
39034,3
39035,3
39036,3
39037,3
39038,3
39039,3
39040,3
39041,3
39042,3
39043,3
39044,3
39045,3
39046,3
39047,3
39048,3
39049,3
39050,3
39051,3
39052,3
39053,3
39054,3
39055,3
39056,3
39057,3
39058,3
39059,3
39060,3
39061,3
39062,3
39063,3
39064,3
39065,3
39066,3
39067,3
39068,3
39069,3
39070,3
39071,3
39072,3
39073,3
39074,3
39075,3
39076,3
39077,3
39078,3
39079,3
39080,3
39081,3
39082,3
39083,3
39084,3
39085,3
39086,3
39087,3
39088,3
39089,3
39090,3
39091,3
39092,3
39093,3
39094,3
39095,3
39096,3
39097,3
39098,3
39099,3
39100,3
39101,3
39102,3
39103,3
39104,3
39105,3
39106,3
39107,3
39108,3
39109,3
39110,3
39111,3
39112,3
39113,3
39114,3
39115,3
39116,3
39117,3
39118,3
39119,3
39120,3
39121,3
39122,3
39123,3
39124,3
39125,3
39126,3
39127,3
39128,3
39129,3
39130,3
39131,3
39132,3
39133,3
39134,3
39135,3
39136,3
39137,3
39138,3
39139,3
39140,3
39141,3
39142,3
39143,3
39144,3
39145,3
39146,3
39147,3
39148,3
39149,3
39150,3
39151,3
39152,3
39153,3
39154,3
39155,3
39156,3
39157,3
39158,3
39159,3
39160,3
39161,3
39162,3
39163,3
39164,3
39165,3
39166,3
39167,3
39168,3
39169,3
39170,3
39171,3
39172,3
39173,3
39174,3
39175,3
39176,3
39177,3
39178,3
39179,3
39180,3
39181,3
39182,3
39183,3
39184,3
39185,3
39186,3
39187,3
39188,3
39189,3
39190,3
39191,3
39192,3
39193,3
39194,3
39195,3
39196,3
39197,3
39198,3
39199,3
39200,3
39201,3
39202,3
39203,3
39204,3
39205,3
39206,3
39207,3
39208,3
39209,3
39210,3
39211,3
39212,3
39213,3
39214,3
39215,3
39216,3
39217,3
39218,3
39219,3
39220,3
39221,3
39222,3
39223,3
39224,3
39225,3
39226,3
39227,3
39228,3
39229,3
39230,3
39231,3
39232,3
39233,3
39234,3
39235,3
39236,3
39237,3
39238,3
39239,3
39240,3
39241,3
39242,3
39243,3
39244,3
39245,3
39246,3
39247,3
39248,3
39249,3
39250,3
39251,3
39252,3
39253,3
39254,3
39255,3
39256,3
39257,3
39258,3
39259,3
39260,3
39261,3
39262,3
39263,3
39264,3
39265,3
39266,3
39267,3
39268,3
39269,3
39270,3
39271,3
39272,3
39273,3
39274,3
39275,3
39276,3
39277,3
39278,3
39279,3
39280,3
39281,3
39282,3
39283,3
39284,3
39285,3
39286,3
39287,3
39288,3
39289,3
39290,3
39291,3
39292,3
39293,3
39294,3
39295,3
39296,3
39297,3
39298,3
39299,3
39300,3
39301,3
39302,3
39303,3
39304,3
39305,3
39306,3
39307,3
39308,3
39309,3
39310,3
39311,3
39312,3
39313,3
39314,3
39315,3
39316,3
39317,3
39318,3
39319,3
39320,3
39321,3
39322,3
39323,3
39324,3
39325,3
39326,3
39327,3
39328,3
39329,3
39330,3
39331,3
39332,3
39333,3
39334,3
39335,3
39336,3
39337,3
39338,3
39339,3
39340,3
39341,3
39342,3
39343,3
39344,3
39345,3
39346,3
39347,3
39348,3
39349,3
39350,3
39351,3
39352,3
39353,3
39354,3
39355,3
39356,3
39357,3
39358,3
39359,3
39360,3
39361,3
39362,3
39363,3
39364,3
39365,3
39366,3
39367,3
39368,3
39369,3
39370,3
39371,3
39372,3
39373,3
39374,3
39375,3
39376,3
39377,3
39378,3
39379,3
39380,3
39381,3
39382,3
39383,3
39384,3
39385,3
39386,3
39387,3
39388,3
39389,3
39390,3
39391,3
39392,3
39393,3
39394,3
39395,3
39396,3
39397,3
39398,3
39399,3
39400,3
39401,3
39402,3
39403,3
39404,3
39405,3
39406,3
39407,3
39408,3
39409,3
39410,3
39411,3
39412,3
39413,3
39414,3
39415,3
39416,3
39417,3
39418,3
39419,3
39420,3
39421,3
39422,3
39423,3
39424,3
39425,3
39426,3
39427,3
39428,3
39429,3
39430,3
39431,3
39432,3
39433,3
39434,3
39435,3
39436,3
39437,3
39438,3
39439,3
39440,3
39441,3
39442,3
39443,3
39444,3
39445,3
39446,3
39447,3
39448,3
39449,3
39450,3
39451,3
39452,3
39453,3
39454,3
39455,3
39456,3
39457,3
39458,3
39459,3
39460,3
39461,3
39462,3
39463,3
39464,3
39465,3
39466,3
39467,3
39468,3
39469,3
39470,3
39471,3
39472,3
39473,3
39474,3
39475,3
39476,3
39477,3
39478,3
39479,3
39480,3
39481,3
39482,3
39483,3
39484,3
39485,3
39486,3
39487,3
39488,3
39489,3
39490,3
39491,3
39492,3
39493,3
39494,3
39495,3
39496,3
39497,3
39498,3
39499,3
39500,3
39501,3
39502,3
39503,3
39504,3
39505,3
39506,3
39507,3
39508,3
39509,3
39510,3
39511,3
39512,3
39513,3
39514,3
39515,3
39516,3
39517,3
39518,3
39519,3
39520,3
39521,3
39522,3
39523,3
39524,3
39525,3
39526,3
39527,3
39528,3
39529,3
39530,3
39531,3
39532,3
39533,3
39534,3
39535,3
39536,3
39537,3
39538,3
39539,3
39540,3
39541,3
39542,3
39543,3
39544,3
39545,3
39546,3
39547,3
39548,3
39549,3
39550,3
39551,3
39552,3
39553,3
39554,3
39555,3
39556,3
39557,3
39558,3
39559,3
39560,3
39561,3
39562,3
39563,3
39564,3
39565,3
39566,3
39567,3
39568,3
39569,3
39570,3
39571,3
39572,3
39573,3
39574,3
39575,3
39576,3
39577,3
39578,3
39579,3
39580,3
39581,3
39582,3
39583,3
39584,3
39585,3
39586,3
39587,3
39588,3
39589,3
39590,3
39591,3
39592,3
39593,3
39594,3
39595,3
39596,3
39597,3
39598,3
39599,3
39600,3
39601,3
39602,3
39603,3
39604,3
39605,3
39606,3
39607,3
39608,3
39609,3
39610,3
39611,3
39612,3
39613,3
39614,3
39615,3
39616,3
39617,3
39618,3
39619,3
39620,3
39621,3
39622,3
39623,3
39624,3
39625,3
39626,3
39627,3
39628,3
39629,3
39630,3
39631,3
39632,3
39633,3
39634,3
39635,3
39636,3
39637,3
39638,3
39639,3
39640,3
39641,3
39642,3
39643,3
39644,3
39645,3
39646,3
39647,3
39648,3
39649,3
39650,3
39651,3
39652,3
39653,3
39654,3
39655,3
39656,3
39657,3
39658,3
39659,3
39660,3
39661,3
39662,3
39663,3
39664,3
39665,3
39666,3
39667,3
39668,3
39669,3
39670,3
39671,3
39672,3
39673,3
39674,3
39675,3
39676,3
39677,3
39678,3
39679,3
39680,3
39681,3
39682,3
39683,3
39684,3
39685,3
39686,3
39687,3
39688,3
39689,3
39690,3
39691,3
39692,3
39693,3
39694,3
39695,3
39696,3
39697,3
39698,3
39699,3
39700,3
39701,3
39702,3
39703,3
39704,3
39705,3
39706,3
39707,3
39708,3
39709,3
39710,3
39711,3
39712,3
39713,3
39714,3
39715,3
39716,3
39717,3
39718,3
39719,3
39720,3
39721,3
39722,3
39723,3
39724,3
39725,3
39726,3
39727,3
39728,3
39729,3
39730,3
39731,3
39732,3
39733,3
39734,3
39735,3
39736,3
39737,3
39738,3
39739,3
39740,3
39741,3
39742,3
39743,3
39744,3
39745,3
39746,3
39747,3
39748,3
39749,3
39750,3
39751,3
39752,3
39753,3
39754,3
39755,3
39756,3
39757,3
39758,3
39759,3
39760,3
39761,3
39762,3
39763,3
39764,3
39765,3
39766,3
39767,3
39768,3
39769,3
39770,3
39771,3
39772,3
39773,3
39774,3
39775,3
39776,3
39777,3
39778,3
39779,3
39780,3
39781,3
39782,3
39783,3
39784,3
39785,3
39786,3
39787,3
39788,3
39789,3
39790,3
39791,3
39792,3
39793,3
39794,3
39795,3
39796,3
39797,3
39798,3
39799,3
39800,3
39801,3
39802,3
39803,3
39804,3
39805,3
39806,3
39807,3
39808,3
39809,3
39810,3
39811,3
39812,3
39813,3
39814,3
39815,3
39816,3
39817,3
39818,3
39819,3
39820,3
39821,3
39822,3
39823,3
39824,3
39825,3
39826,3
39827,3
39828,3
39829,3
39830,3
39831,3
39832,3
39833,3
39834,3
39835,3
39836,3
39837,3
39838,3
39839,3
39840,3
39841,3
39842,3
39843,3
39844,3
39845,3
39846,3
39847,3
39848,3
39849,3
39850,3
39851,3
39852,3
39853,3
39854,3
39855,3
39856,3
39857,3
39858,3
39859,3
39860,3
39861,3
39862,3
39863,3
39864,3
39865,3
39866,3
39867,3
39868,3
39869,3
39870,3
39871,3
39872,3
39873,3
39874,3
39875,3
39876,3
39877,3
39878,3
39879,3
39880,3
39881,3
39882,3
39883,3
39884,3
39885,3
39886,3
39887,3
39888,3
39889,3
39890,3
39891,3
39892,3
39893,3
39894,3
39895,3
39896,3
39897,3
39898,3
39899,3
39900,3
39901,3
39902,3
39903,3
39904,3
39905,3
39906,3
39907,3
39908,3
39909,3
39910,3
39911,3
39912,3
39913,3
39914,3
39915,3
39916,3
39917,3
39918,3
39919,3
39920,3
39921,3
39922,3
39923,3
39924,3
39925,3
39926,3
39927,3
39928,3
39929,3
39930,3
39931,3
39932,3
39933,3
39934,3
39935,3
39936,3
39937,3
39938,3
39939,3
39940,3
39941,3
39942,3
39943,3
39944,3
39945,3
39946,3
39947,3
39948,3
39949,3
39950,3
39951,3
39952,3
39953,3
39954,3
39955,3
39956,3
39957,3
39958,3
39959,3
39960,3
39961,3
39962,3
39963,3
39964,3
39965,3
39966,3
39967,3
39968,3
39969,3
39970,3
39971,3
39972,3
39973,3
39974,3
39975,3
39976,3
39977,3
39978,3
39979,3
39980,3
39981,3
39982,3
39983,3
39984,3
39985,3
39986,3
39987,3
39988,3
39989,3
39990,3
39991,3
39992,3
39993,3
39994,3
39995,3
39996,3
39997,3
39998,3
39999,3
40000,3
40001,3
40002,3
40003,3
40004,3
40005,3
40006,3
40007,3
40008,3
40009,3
40010,3
40011,3
40012,3
40013,3
40014,3
40015,3
40016,3
40017,3
40018,3
40019,3
40020,3
40021,3
40022,3
40023,3
40024,3
40025,3
40026,3
40027,3
40028,3
40029,3
40030,3
40031,3
40032,3
40033,3
40034,3
40035,3
40036,3
40037,3
40038,3
40039,3
40040,3
40041,3
40042,3
40043,3
40044,3
40045,3
40046,3
40047,3
40048,3
40049,3
40050,3
40051,3
40052,3
40053,3
40054,3
40055,3
40056,3
40057,3
40058,3
40059,3
40060,3
40061,3
40062,3
40063,3
40064,3
40065,3
40066,3
40067,3
40068,3
40069,3
40070,3
40071,3
40072,3
40073,3
40074,3
40075,3
40076,3
40077,3
40078,3
40079,3
40080,3
40081,3
40082,3
40083,3
40084,3
40085,3
40086,3
40087,3
40088,3
40089,3
40090,3
40091,3
40092,3
40093,3
40094,3
40095,3
40096,3
40097,3
40098,3
40099,3
40100,3
40101,3
40102,3
40103,3
40104,3
40105,3
40106,3
40107,3
40108,3
40109,3
40110,3
40111,3
40112,3
40113,3
40114,3
40115,3
40116,3
40117,3
40118,3
40119,3
40120,3
40121,3
40122,3
40123,3
40124,3
40125,3
40126,3
40127,3
40128,3
40129,3
40130,3
40131,3
40132,3
40133,3
40134,3
40135,3
40136,3
40137,3
40138,3
40139,3
40140,3
40141,3
40142,3
40143,3
40144,3
40145,3
40146,3
40147,3
40148,3
40149,3
40150,3
40151,3
40152,3
40153,3
40154,3
40155,3
40156,3
40157,3
40158,3
40159,3
40160,3
40161,3
40162,3
40163,3
40164,3
40165,3
40166,3
40167,3
40168,3
40169,3
40170,3
40171,3
40172,3
40173,3
40174,3
40175,3
40176,3
40177,3
40178,3
40179,3
40180,3
40181,3
40182,3
40183,3
40184,3
40185,3
40186,3
40187,3
40188,3
40189,3
40190,3
40191,3
40192,3
40193,3
40194,3
40195,3
40196,3
40197,3
40198,3
40199,3
40200,3
40201,3
40202,3
40203,3
40204,3
40205,3
40206,3
40207,3
40208,3
40209,3
40210,3
40211,3
40212,3
40213,3
40214,3
40215,3
40216,3
40217,3
40218,3
40219,3
40220,3
40221,3
40222,3
40223,3
40224,3
40225,3
40226,3
40227,3
40228,3
40229,3
40230,3
40231,3
40232,3
40233,3
40234,3
40235,3
40236,3
40237,3
40238,3
40239,3
40240,3
40241,3
40242,3
40243,3
40244,3
40245,3
40246,3
40247,3
40248,3
40249,3
40250,3
40251,3
40252,3
40253,3
40254,3
40255,3
40256,3
40257,3
40258,3
40259,3
40260,3
40261,3
40262,3
40263,3
40264,3
40265,3
40266,3
40267,3
40268,3
40269,3
40270,3
40271,3
40272,3
40273,3
40274,3
40275,3
40276,3
40277,3
40278,3
40279,3
40280,3
40281,3
40282,3
40283,3
40284,3
40285,3
40286,3
40287,3
40288,3
40289,3
40290,3
40291,3
40292,3
40293,3
40294,3
40295,3
40296,3
40297,3
40298,3
40299,3
40300,3
40301,3
40302,3
40303,3
40304,3
40305,3
40306,3
40307,3
40308,3
40309,3
40310,3
40311,3
40312,3
40313,3
40314,3
40315,3
40316,3
40317,3
40318,3
40319,3
40320,3
40321,3
40322,3
40323,3
40324,3
40325,3
40326,3
40327,3
40328,3
40329,3
40330,3
40331,3
40332,3
40333,3
40334,3
40335,3
40336,3
40337,3
40338,3
40339,3
40340,3
40341,3
40342,3
40343,3
40344,3
40345,3
40346,3
40347,3
40348,3
40349,3
40350,3
40351,3
40352,3
40353,3
40354,3
40355,3
40356,3
40357,3
40358,3
40359,3
40360,3
40361,3
40362,3
40363,3
40364,3
40365,3
40366,3
40367,3
40368,3
40369,3
40370,3
40371,3
40372,3
40373,3
40374,3
40375,3
40376,3
40377,3
40378,3
40379,3
40380,3
40381,3
40382,3
40383,3
40384,3
40385,3
40386,3
40387,3
40388,3
40389,3
40390,3
40391,3
40392,3
40393,3
40394,3
40395,3
40396,3
40397,3
40398,3
40399,3
40400,3
40401,3
40402,3
40403,3
40404,3
40405,3
40406,3
40407,3
40408,3
40409,3
40410,3
40411,3
40412,3
40413,3
40414,3
40415,3
40416,3
40417,3
40418,3
40419,3
40420,3
40421,3
40422,3
40423,3
40424,3
40425,3
40426,3
40427,3
40428,3
40429,3
40430,3
40431,3
40432,3
40433,3
40434,3
40435,3
40436,3
40437,3
40438,3
40439,3
40440,3
40441,3
40442,3
40443,3
40444,3
40445,3
40446,3
40447,3
40448,3
40449,3
40450,3
40451,3
40452,3
40453,3
40454,3
40455,3
40456,3
40457,3
40458,3
40459,3
40460,3
40461,3
40462,3
40463,3
40464,3
40465,3
40466,3
40467,3
40468,3
40469,3
40470,3
40471,3
40472,3
40473,3
40474,3
40475,3
40476,3
40477,3
40478,3
40479,3
40480,3
40481,3
40482,3
40483,3
40484,3
40485,3
40486,3
40487,3
40488,3
40489,3
40490,3
40491,3
40492,3
40493,3
40494,3
40495,3
40496,3
40497,3
40498,3
40499,3
40500,3
40501,3
40502,3
40503,3
40504,3
40505,3
40506,3
40507,3
40508,3
40509,3
40510,3
40511,3
40512,3
40513,3
40514,3
40515,3
40516,3
40517,3
40518,3
40519,3
40520,3
40521,3
40522,3
40523,3
40524,3
40525,3
40526,3
40527,3
40528,3
40529,3
40530,3
40531,3
40532,3
40533,3
40534,3
40535,3
40536,3
40537,3
40538,3
40539,3
40540,3
40541,3
40542,3
40543,3
40544,3
40545,3
40546,3
40547,3
40548,3
40549,3
40550,3
40551,3
40552,3
40553,3
40554,3
40555,3
40556,3
40557,3
40558,3
40559,3
40560,3
40561,3
40562,3
40563,3
40564,3
40565,3
40566,3
40567,3
40568,3
40569,3
40570,3
40571,3
40572,3
40573,3
40574,3
40575,3
40576,3
40577,3
40578,3
40579,3
40580,3
40581,3
40582,3
40583,3
40584,3
40585,3
40586,3
40587,3
40588,3
40589,3
40590,3
40591,3
40592,3
40593,3
40594,3
40595,3
40596,3
40597,3
40598,3
40599,3
40600,3
40601,3
40602,3
40603,3
40604,3
40605,3
40606,3
40607,3
40608,3
40609,3
40610,3
40611,3
40612,3
40613,3
40614,3
40615,3
40616,3
40617,3
40618,3
40619,3
40620,3
40621,3
40622,3
40623,3
40624,3
40625,3
40626,3
40627,3
40628,3
40629,3
40630,3
40631,3
40632,3
40633,3
40634,3
40635,3
40636,3
40637,3
40638,3
40639,3
40640,3
40641,3
40642,3
40643,3
40644,3
40645,3
40646,3
40647,3
40648,3
40649,3
40650,3
40651,3
40652,3
40653,3
40654,3
40655,3
40656,3
40657,3
40658,3
40659,3
40660,3
40661,3
40662,3
40663,3
40664,3
40665,3
40666,3
40667,3
40668,3
40669,3
40670,3
40671,3
40672,3
40673,3
40674,3
40675,3
40676,3
40677,3
40678,3
40679,3
40680,3
40681,3
40682,3
40683,3
40684,3
40685,3
40686,3
40687,3
40688,3
40689,3
40690,3
40691,3
40692,3
40693,3
40694,3
40695,3
40696,3
40697,3
40698,3
40699,3
40700,3
40701,3
40702,3
40703,3
40704,3
40705,3
40706,3
40707,3
40708,3
40709,3
40710,3
40711,3
40712,3
40713,3
40714,3
40715,3
40716,3
40717,3
40718,3
40719,3
40720,3
40721,3
40722,3
40723,3
40724,3
40725,3
40726,3
40727,3
40728,3
40729,3
40730,3
40731,3
40732,3
40733,3
40734,3
40735,3
40736,3
40737,3
40738,3
40739,3
40740,3
40741,3
40742,3
40743,3
40744,3
40745,3
40746,3
40747,3
40748,3
40749,3
40750,3
40751,3
40752,3
40753,3
40754,3
40755,3
40756,3
40757,3
40758,3
40759,3
40760,3
40761,3
40762,3
40763,3
40764,3
40765,3
40766,3
40767,3
40768,3
40769,3
40770,3
40771,3
40772,3
40773,3
40774,3
40775,3
40776,3
40777,3
40778,3
40779,3
40780,3
40781,3
40782,3
40783,3
40784,3
40785,3
40786,3
40787,3
40788,3
40789,3
40790,3
40791,3
40792,3
40793,3
40794,3
40795,3
40796,3
40797,3
40798,3
40799,3
40800,3
40801,3
40802,3
40803,3
40804,3
40805,3
40806,3
40807,3
40808,3
40809,3
40810,3
40811,3
40812,3
40813,3
40814,3
40815,3
40816,3
40817,3
40818,3
40819,3
40820,3
40821,3
40822,3
40823,3
40824,3
40825,3
40826,3
40827,3
40828,3
40829,3
40830,3
40831,3
40832,3
40833,3
40834,3
40835,3
40836,3
40837,3
40838,3
40839,3
40840,3
40841,3
40842,3
40843,3
40844,3
40845,3
40846,3
40847,3
40848,3
40849,3
40850,3
40851,3
40852,3
40853,3
40854,3
40855,3
40856,3
40857,3
40858,3
40859,3
40860,3
40861,3
40862,3
40863,3
40864,3
40865,3
40866,3
40867,3
40868,3
40869,3
40870,3
40871,3
40872,3
40873,3
40874,3
40875,3
40876,3
40877,3
40878,3
40879,3
40880,3
40881,3
40882,3
40883,3
40884,3
40885,3
40886,3
40887,3
40888,3
40889,3
40890,3
40891,3
40892,3
40893,3
40894,3
40895,3
40896,3
40897,3
40898,3
40899,3
40900,3
40901,3
40902,3
40903,3
40904,3
40905,3
40906,3
40907,3
40908,3
40909,3
40910,3
40911,3
40912,3
40913,3
40914,3
40915,3
40916,3
40917,3
40918,3
40919,3
40920,3
40921,3
40922,3
40923,3
40924,3
40925,3
40926,3
40927,3
40928,3
40929,3
40930,3
40931,3
40932,3
40933,3
40934,3
40935,3
40936,3
40937,3
40938,3
40939,3
40940,3
40941,3
40942,3
40943,3
40944,3
40945,3
40946,3
40947,3
40948,3
40949,3
40950,3
40951,3
40952,3
40953,3
40954,3
40955,3
40956,3
40957,3
40958,3
40959,3
40960,3
40961,3
40962,3
40963,3
40964,3
40965,3
40966,3
40967,3
40968,3
40969,3
40970,3
40971,3
40972,3
40973,3
40974,3
40975,3
40976,3
40977,3
40978,3
40979,3
40980,3
40981,3
40982,3
40983,3
40984,3
40985,3
40986,3
40987,3
40988,3
40989,3
40990,3
40991,3
40992,3
40993,3
40994,3
40995,3
40996,3
40997,3
40998,3
40999,3
41000,3
41001,3
41002,3
41003,3
41004,3
41005,3
41006,3
41007,3
41008,3
41009,3
41010,3
41011,3
41012,3
41013,3
41014,3
41015,3
41016,3
41017,3
41018,3
41019,3
41020,3
41021,3
41022,3
41023,3
41024,3
41025,3
41026,3
41027,3
41028,3
41029,3
41030,3
41031,3
41032,3
41033,3
41034,3
41035,3
41036,3
41037,3
41038,3
41039,3
41040,3
41041,3
41042,3
41043,3
41044,3
41045,3
41046,3
41047,3
41048,3
41049,3
41050,3
41051,3
41052,3
41053,3
41054,3
41055,3
41056,3
41057,3
41058,3
41059,3
41060,3
41061,3
41062,3
41063,3
41064,3
41065,3
41066,3
41067,3
41068,3
41069,3
41070,3
41071,3
41072,3
41073,3
41074,3
41075,3
41076,3
41077,3
41078,3
41079,3
41080,3
41081,3
41082,3
41083,3
41084,3
41085,3
41086,3
41087,3
41088,3
41089,3
41090,3
41091,3
41092,3
41093,3
41094,3
41095,3
41096,3
41097,3
41098,3
41099,3
41100,3
41101,3
41102,3
41103,3
41104,3
41105,3
41106,3
41107,3
41108,3
41109,3
41110,3
41111,3
41112,3
41113,3
41114,3
41115,3
41116,3
41117,3
41118,3
41119,3
41120,3
41121,3
41122,3
41123,3
41124,3
41125,3
41126,3
41127,3
41128,3
41129,3
41130,3
41131,3
41132,3
41133,3
41134,3
41135,3
41136,3
41137,3
41138,3
41139,3
41140,3
41141,3
41142,3
41143,3
41144,3
41145,3
41146,3
41147,3
41148,3
41149,3
41150,3
41151,3
41152,3
41153,3
41154,3
41155,3
41156,3
41157,3
41158,3
41159,3
41160,3
41161,3
41162,3
41163,3
41164,3
41165,3
41166,3
41167,3
41168,3
41169,3
41170,3
41171,3
41172,3
41173,3
41174,3
41175,3
41176,3
41177,3
41178,3
41179,3
41180,3
41181,3
41182,3
41183,3
41184,3
41185,3
41186,3
41187,3
41188,3
41189,3
41190,3
41191,3
41192,3
41193,3
41194,3
41195,3
41196,3
41197,3
41198,3
41199,3
41200,3
41201,3
41202,3
41203,3
41204,3
41205,3
41206,3
41207,3
41208,3
41209,3
41210,3
41211,3
41212,3
41213,3
41214,3
41215,3
41216,3
41217,3
41218,3
41219,3
41220,3
41221,3
41222,3
41223,3
41224,3
41225,3
41226,3
41227,3
41228,3
41229,3
41230,3
41231,3
41232,3
41233,3
41234,3
41235,3
41236,3
41237,3
41238,3
41239,3
41240,3
41241,3
41242,3
41243,3
41244,3
41245,3
41246,3
41247,3
41248,3
41249,3
41250,3
41251,3
41252,3
41253,3
41254,3
41255,3
41256,3
41257,3
41258,3
41259,3
41260,3
41261,3
41262,3
41263,3
41264,3
41265,3
41266,3
41267,3
41268,3
41269,3
41270,3
41271,3
41272,3
41273,3
41274,3
41275,3
41276,3
41277,3
41278,3
41279,3
41280,3
41281,3
41282,3
41283,3
41284,3
41285,3
41286,3
41287,3
41288,3
41289,3
41290,3
41291,3
41292,3
41293,3
41294,3
41295,3
41296,3
41297,3
41298,3
41299,3
41300,3
41301,3
41302,3
41303,3
41304,3
41305,3
41306,3
41307,3
41308,3
41309,3
41310,3
41311,3
41312,3
41313,3
41314,3
41315,3
41316,3
41317,3
41318,3
41319,3
41320,3
41321,3
41322,3
41323,3
41324,3
41325,3
41326,3
41327,3
41328,3
41329,3
41330,3
41331,3
41332,3
41333,3
41334,3
41335,3
41336,3
41337,3
41338,3
41339,3
41340,3
41341,3
41342,3
41343,3
41344,3
41345,3
41346,3
41347,3
41348,3
41349,3
41350,3
41351,3
41352,3
41353,3
41354,3
41355,3
41356,3
41357,3
41358,3
41359,3
41360,3
41361,3
41362,3
41363,3
41364,3
41365,3
41366,3
41367,3
41368,3
41369,3
41370,3
41371,3
41372,3
41373,3
41374,3
41375,3
41376,3
41377,3
41378,3
41379,3
41380,3
41381,3
41382,3
41383,3
41384,3
41385,3
41386,3
41387,3
41388,3
41389,3
41390,3
41391,3
41392,3
41393,3
41394,3
41395,3
41396,3
41397,3
41398,3
41399,3
41400,3
41401,3
41402,3
41403,3
41404,3
41405,3
41406,3
41407,3
41408,3
41409,3
41410,3
41411,3
41412,3
41413,3
41414,3
41415,3
41416,3
41417,3
41418,3
41419,3
41420,3
41421,3
41422,3
41423,3
41424,3
41425,3
41426,3
41427,3
41428,3
41429,3
41430,3
41431,3
41432,3
41433,3
41434,3
41435,3
41436,3
41437,3
41438,3
41439,3
41440,3
41441,3
41442,3
41443,3
41444,3
41445,3
41446,3
41447,3
41448,3
41449,3
41450,3
41451,3
41452,3
41453,3
41454,3
41455,3
41456,3
41457,3
41458,3
41459,3
41460,3
41461,3
41462,3
41463,3
41464,3
41465,3
41466,3
41467,3
41468,3
41469,3
41470,3
41471,3
41472,3
41473,3
41474,3
41475,3
41476,3
41477,3
41478,3
41479,3
41480,3
41481,3
41482,3
41483,3
41484,3
41485,3
41486,3
41487,3
41488,3
41489,3
41490,3
41491,3
41492,3
41493,3
41494,3
41495,3
41496,3
41497,3
41498,3
41499,3
41500,3
41501,3
41502,3
41503,3
41504,3
41505,3
41506,3
41507,3
41508,3
41509,3
41510,3
41511,3
41512,3
41513,3
41514,3
41515,3
41516,3
41517,3
41518,3
41519,3
41520,3
41521,3
41522,3
41523,3
41524,3
41525,3
41526,3
41527,3
41528,3
41529,3
41530,3
41531,3
41532,3
41533,3
41534,3
41535,3
41536,3
41537,3
41538,3
41539,3
41540,3
41541,3
41542,3
41543,3
41544,3
41545,3
41546,3
41547,3
41548,3
41549,3
41550,3
41551,3
41552,3
41553,3
41554,3
41555,3
41556,3
41557,3
41558,3
41559,3
41560,3
41561,3
41562,3
41563,3
41564,3
41565,3
41566,3
41567,3
41568,3
41569,3
41570,3
41571,3
41572,3
41573,3
41574,3
41575,3
41576,3
41577,3
41578,3
41579,3
41580,3
41581,3
41582,3
41583,3
41584,3
41585,3
41586,3
41587,3
41588,3
41589,3
41590,3
41591,3
41592,3
41593,3
41594,3
41595,3
41596,3
41597,3
41598,3
41599,3
41600,3
41601,3
41602,3
41603,3
41604,3
41605,3
41606,3
41607,3
41608,3
41609,3
41610,3
41611,3
41612,3
41613,3
41614,3
41615,3
41616,3
41617,3
41618,3
41619,3
41620,3
41621,3
41622,3
41623,3
41624,3
41625,3
41626,3
41627,3
41628,3
41629,3
41630,3
41631,3
41632,3
41633,3
41634,3
41635,3
41636,3
41637,3
41638,3
41639,3
41640,3
41641,3
41642,3
41643,3
41644,3
41645,3
41646,3
41647,3
41648,3
41649,3
41650,3
41651,3
41652,3
41653,3
41654,3
41655,3
41656,3
41657,3
41658,3
41659,3
41660,3
41661,3
41662,3
41663,3
41664,3
41665,3
41666,3
41667,3
41668,3
41669,3
41670,3
41671,3
41672,3
41673,3
41674,3
41675,3
41676,3
41677,3
41678,3
41679,3
41680,3
41681,3
41682,3
41683,3
41684,3
41685,3
41686,3
41687,3
41688,3
41689,3
41690,3
41691,3
41692,3
41693,3
41694,3
41695,3
41696,3
41697,3
41698,3
41699,3
41700,3
41701,3
41702,3
41703,3
41704,3
41705,3
41706,3
41707,3
41708,3
41709,3
41710,3
41711,3
41712,3
41713,3
41714,3
41715,3
41716,3
41717,3
41718,3
41719,3
41720,3
41721,3
41722,3
41723,3
41724,3
41725,3
41726,3
41727,3
41728,3
41729,3
41730,3
41731,3
41732,3
41733,3
41734,3
41735,3
41736,3
41737,3
41738,3
41739,3
41740,3
41741,3
41742,3
41743,3
41744,3
41745,3
41746,3
41747,3
41748,3
41749,3
41750,3
41751,3
41752,3
41753,3
41754,3
41755,3
41756,3
41757,3
41758,3
41759,3
41760,3
41761,3
41762,3
41763,3
41764,3
41765,3
41766,3
41767,3
41768,3
41769,3
41770,3
41771,3
41772,3
41773,3
41774,3
41775,3
41776,3
41777,3
41778,3
41779,3
41780,3
41781,3
41782,3
41783,3
41784,3
41785,3
41786,3
41787,3
41788,3
41789,3
41790,3
41791,3
41792,3
41793,3
41794,3
41795,3
41796,3
41797,3
41798,3
41799,3
41800,3
41801,3
41802,3
41803,3
41804,3
41805,3
41806,3
41807,3
41808,3
41809,3
41810,3
41811,3
41812,3
41813,3
41814,3
41815,3
41816,3
41817,3
41818,3
41819,3
41820,3
41821,3
41822,3
41823,3
41824,3
41825,3
41826,3
41827,3
41828,3
41829,3
41830,3
41831,3
41832,3
41833,3
41834,3
41835,3
41836,3
41837,3
41838,3
41839,3
41840,3
41841,3
41842,3
41843,3
41844,3
41845,3
41846,3
41847,3
41848,3
41849,3
41850,3
41851,3
41852,3
41853,3
41854,3
41855,3
41856,3
41857,3
41858,3
41859,3
41860,3
41861,3
41862,3
41863,3
41864,3
41865,3
41866,3
41867,3
41868,3
41869,3
41870,3
41871,3
41872,3
41873,3
41874,3
41875,3
41876,3
41877,3
41878,3
41879,3
41880,3
41881,3
41882,3
41883,3
41884,3
41885,3
41886,3
41887,3
41888,3
41889,3
41890,3
41891,3
41892,3
41893,3
41894,3
41895,3
41896,3
41897,3
41898,3
41899,3
41900,3
41901,3
41902,3
41903,3
41904,3
41905,3
41906,3
41907,3
41908,3
41909,3
41910,3
41911,3
41912,3
41913,3
41914,3
41915,3
41916,3
41917,3
41918,3
41919,3
41920,3
41921,3
41922,3
41923,3
41924,3
41925,3
41926,3
41927,3
41928,3
41929,3
41930,3
41931,3
41932,3
41933,3
41934,3
41935,3
41936,3
41937,3
41938,3
41939,3
41940,3
41941,3
41942,3
41943,3
41944,3
41945,3
41946,3
41947,3
41948,3
41949,3
41950,3
41951,3
41952,3
41953,3
41954,3
41955,3
41956,3
41957,3
41958,3
41959,3
41960,3
41961,3
41962,3
41963,3
41964,3
41965,3
41966,3
41967,3
41968,3
41969,3
41970,3
41971,3
41972,3
41973,3
41974,3
41975,3
41976,3
41977,3
41978,3
41979,3
41980,3
41981,3
41982,3
41983,3
41984,3
41985,3
41986,3
41987,3
41988,3
41989,3
41990,3
41991,3
41992,3
41993,3
41994,3
41995,3
41996,3
41997,3
41998,3
41999,3
42000,3
42001,3
42002,3
42003,3
42004,3
42005,3
42006,3
42007,3
42008,3
42009,3
42010,3
42011,3
42012,3
42013,3
42014,3
42015,3
42016,3
42017,3
42018,3
42019,3
42020,3
42021,3
42022,3
42023,3
42024,3
42025,3
42026,3
42027,3
42028,3
42029,3
42030,3
42031,3
42032,3
42033,3
42034,3
42035,3
42036,3
42037,3
42038,3
42039,3
42040,3
42041,3
42042,3
42043,3
42044,3
42045,3
42046,3
42047,3
42048,3
42049,3
42050,3
42051,3
42052,3
42053,3
42054,3
42055,3
42056,3
42057,3
42058,3
42059,3
42060,3
42061,3
42062,3
42063,3
42064,3
42065,3
42066,3
42067,3
42068,3
42069,3
42070,3
42071,3
42072,3
42073,3
42074,3
42075,3
42076,3
42077,3
42078,3
42079,3
42080,3
42081,3
42082,3
42083,3
42084,3
42085,3
42086,3
42087,3
42088,3
42089,3
42090,3
42091,3
42092,3
42093,3
42094,3
42095,3
42096,3
42097,3
42098,3
42099,3
42100,3
42101,3
42102,3
42103,3
42104,3
42105,3
42106,3
42107,3
42108,3
42109,3
42110,3
42111,3
42112,3
42113,3
42114,3
42115,3
42116,3
42117,3
42118,3
42119,3
42120,3
42121,3
42122,3
42123,3
42124,3
42125,3
42126,3
42127,3
42128,3
42129,3
42130,3
42131,3
42132,3
42133,3
42134,3
42135,3
42136,3
42137,3
42138,3
42139,3
42140,3
42141,3
42142,3
42143,3
42144,3
42145,3
42146,3
42147,3
42148,3
42149,3
42150,3
42151,3
42152,3
42153,3
42154,3
42155,3
42156,3
42157,3
42158,3
42159,3
42160,3
42161,3
42162,3
42163,3
42164,3
42165,3
42166,3
42167,3
42168,3
42169,3
42170,3
42171,3
42172,3
42173,3
42174,3
42175,3
42176,3
42177,3
42178,3
42179,3
42180,3
42181,3
42182,3
42183,3
42184,3
42185,3
42186,3
42187,3
42188,3
42189,3
42190,3
42191,3
42192,3
42193,3
42194,3
42195,3
42196,3
42197,3
42198,3
42199,3
42200,3
42201,3
42202,3
42203,3
42204,3
42205,3
42206,3
42207,3
42208,3
42209,3
42210,3
42211,3
42212,3
42213,3
42214,3
42215,3
42216,3
42217,3
42218,3
42219,3
42220,3
42221,3
42222,3
42223,3
42224,3
42225,3
42226,3
42227,3
42228,3
42229,3
42230,3
42231,3
42232,3
42233,3
42234,3
42235,3
42236,3
42237,3
42238,3
42239,3
42240,3
42241,3
42242,3
42243,3
42244,3
42245,3
42246,3
42247,3
42248,3
42249,3
42250,3
42251,3
42252,3
42253,3
42254,3
42255,3
42256,3
42257,3
42258,3
42259,3
42260,3
42261,3
42262,3
42263,3
42264,3
42265,3
42266,3
42267,3
42268,3
42269,3
42270,3
42271,3
42272,3
42273,3
42274,3
42275,3
42276,3
42277,3
42278,3
42279,3
42280,3
42281,3
42282,3
42283,3
42284,3
42285,3
42286,3
42287,3
42288,3
42289,3
42290,3
42291,3
42292,3
42293,3
42294,3
42295,3
42296,3
42297,3
42298,3
42299,3
42300,3
42301,3
42302,3
42303,3
42304,3
42305,3
42306,3
42307,3
42308,3
42309,3
42310,3
42311,3
42312,3
42313,3
42314,3
42315,3
42316,3
42317,3
42318,3
42319,3
42320,3
42321,3
42322,3
42323,3
42324,3
42325,3
42326,3
42327,3
42328,3
42329,3
42330,3
42331,3
42332,3
42333,3
42334,3
42335,3
42336,3
42337,3
42338,3
42339,3
42340,3
42341,3
42342,3
42343,3
42344,3
42345,3
42346,3
42347,3
42348,3
42349,3
42350,3
42351,3
42352,3
42353,3
42354,3
42355,3
42356,3
42357,3
42358,3
42359,3
42360,3
42361,3
42362,3
42363,3
42364,3
42365,3
42366,3
42367,3
42368,3
42369,3
42370,3
42371,3
42372,3
42373,3
42374,3
42375,3
42376,3
42377,3
42378,3
42379,3
42380,3
42381,3
42382,3
42383,3
42384,3
42385,3
42386,3
42387,3
42388,3
42389,3
42390,3
42391,3
42392,3
42393,3
42394,3
42395,3
42396,3
42397,3
42398,3
42399,3
42400,3
42401,3
42402,3
42403,3
42404,3
42405,3
42406,3
42407,3
42408,3
42409,3
42410,3
42411,3
42412,3
42413,3
42414,3
42415,3
42416,3
42417,3
42418,3
42419,3
42420,3
42421,3
42422,3
42423,3
42424,3
42425,3
42426,3
42427,3
42428,3
42429,3
42430,3
42431,3
42432,3
42433,3
42434,3
42435,3
42436,3
42437,3
42438,3
42439,3
42440,3
42441,3
42442,3
42443,3
42444,3
42445,3
42446,3
42447,3
42448,3
42449,3
42450,3
42451,3
42452,3
42453,3
42454,3
42455,3
42456,3
42457,3
42458,3
42459,3
42460,3
42461,3
42462,3
42463,3
42464,3
42465,3
42466,3
42467,3
42468,3
42469,3
42470,3
42471,3
42472,3
42473,3
42474,3
42475,3
42476,3
42477,3
42478,3
42479,3
42480,3
42481,3
42482,3
42483,3
42484,3
42485,3
42486,3
42487,3
42488,3
42489,3
42490,3
42491,3
42492,3
42493,3
42494,3
42495,3
42496,3
42497,3
42498,3
42499,3
42500,3
42501,3
42502,3
42503,3
42504,3
42505,3
42506,3
42507,3
42508,3
42509,3
42510,3
42511,3
42512,3
42513,3
42514,3
42515,3
42516,3
42517,3
42518,3
42519,3
42520,3
42521,3
42522,3
42523,3
42524,3
42525,3
42526,3
42527,3
42528,3
42529,3
42530,3
42531,3
42532,3
42533,3
42534,3
42535,3
42536,3
42537,3
42538,3
42539,3
42540,3
42541,3
42542,3
42543,3
42544,3
42545,3
42546,3
42547,3
42548,3
42549,3
42550,3
42551,3
42552,3
42553,3
42554,3
42555,3
42556,3
42557,3
42558,3
42559,3
42560,3
42561,3
42562,3
42563,3
42564,3
42565,3
42566,3
42567,3
42568,3
42569,3
42570,3
42571,3
42572,3
42573,3
42574,3
42575,3
42576,3
42577,3
42578,3
42579,3
42580,3
42581,3
42582,3
42583,3
42584,3
42585,3
42586,3
42587,3
42588,3
42589,3
42590,3
42591,3
42592,3
42593,3
42594,3
42595,3
42596,3
42597,3
42598,3
42599,3
42600,3
42601,3
42602,3
42603,3
42604,3
42605,3
42606,3
42607,3
42608,3
42609,3
42610,3
42611,3
42612,3
42613,3
42614,3
42615,3
42616,3
42617,3
42618,3
42619,3
42620,3
42621,3
42622,3
42623,3
42624,3
42625,3
42626,3
42627,3
42628,3
42629,3
42630,3
42631,3
42632,3
42633,3
42634,3
42635,3
42636,3
42637,3
42638,3
42639,3
42640,3
42641,3
42642,3
42643,3
42644,3
42645,3
42646,3
42647,3
42648,3
42649,3
42650,3
42651,3
42652,3
42653,3
42654,3
42655,3
42656,3
42657,3
42658,3
42659,3
42660,3
42661,3
42662,3
42663,3
42664,3
42665,3
42666,3
42667,3
42668,3
42669,3
42670,3
42671,3
42672,3
42673,3
42674,3
42675,3
42676,3
42677,3
42678,3
42679,3
42680,3
42681,3
42682,3
42683,3
42684,3
42685,3
42686,3
42687,3
42688,3
42689,3
42690,3
42691,3
42692,3
42693,3
42694,3
42695,3
42696,3
42697,3
42698,3
42699,3
42700,3
42701,3
42702,3
42703,3
42704,3
42705,3
42706,3
42707,3
42708,3
42709,3
42710,3
42711,3
42712,3
42713,3
42714,3
42715,3
42716,3
42717,3
42718,3
42719,3
42720,3
42721,3
42722,3
42723,3
42724,3
42725,3
42726,3
42727,3
42728,3
42729,3
42730,3
42731,3
42732,3
42733,3
42734,3
42735,3
42736,3
42737,3
42738,3
42739,3
42740,3
42741,3
42742,3
42743,3
42744,3
42745,3
42746,3
42747,3
42748,3
42749,3
42750,3
42751,3
42752,3
42753,3
42754,3
42755,3
42756,3
42757,3
42758,3
42759,3
42760,3
42761,3
42762,3
42763,3
42764,3
42765,3
42766,3
42767,3
42768,3
42769,3
42770,3
42771,3
42772,3
42773,3
42774,3
42775,3
42776,3
42777,3
42778,3
42779,3
42780,3
42781,3
42782,3
42783,3
42784,3
42785,3
42786,3
42787,3
42788,3
42789,3
42790,3
42791,3
42792,3
42793,3
42794,3
42795,3
42796,3
42797,3
42798,3
42799,3
42800,3
42801,3
42802,3
42803,3
42804,3
42805,3
42806,3
42807,3
42808,3
42809,3
42810,3
42811,3
42812,3
42813,3
42814,3
42815,3
42816,3
42817,3
42818,3
42819,3
42820,3
42821,3
42822,3
42823,3
42824,3
42825,3
42826,3
42827,3
42828,3
42829,3
42830,3
42831,3
42832,3
42833,3
42834,3
42835,3
42836,3
42837,3
42838,3
42839,3
42840,3
42841,3
42842,3
42843,3
42844,3
42845,3
42846,3
42847,3
42848,3
42849,3
42850,3
42851,3
42852,3
42853,3
42854,3
42855,3
42856,3
42857,3
42858,3
42859,3
42860,3
42861,3
42862,3
42863,3
42864,3
42865,3
42866,3
42867,3
42868,3
42869,3
42870,3
42871,3
42872,3
42873,3
42874,3
42875,3
42876,3
42877,3
42878,3
42879,3
42880,3
42881,3
42882,3
42883,3
42884,3
42885,3
42886,3
42887,3
42888,3
42889,3
42890,3
42891,3
42892,3
42893,3
42894,3
42895,3
42896,3
42897,3
42898,3
42899,3
42900,3
42901,3
42902,3
42903,3
42904,3
42905,3
42906,3
42907,3
42908,3
42909,3
42910,3
42911,3
42912,3
42913,3
42914,3
42915,3
42916,3
42917,3
42918,3
42919,3
42920,3
42921,3
42922,3
42923,3
42924,3
42925,3
42926,3
42927,3
42928,3
42929,3
42930,3
42931,3
42932,3
42933,3
42934,3
42935,3
42936,3
42937,3
42938,3
42939,3
42940,3
42941,3
42942,3
42943,3
42944,3
42945,3
42946,3
42947,3
42948,3
42949,3
42950,3
42951,3
42952,3
42953,3
42954,3
42955,3
42956,3
42957,3
42958,3
42959,3
42960,3
42961,3
42962,3
42963,3
42964,3
42965,3
42966,3
42967,3
42968,3
42969,3
42970,3
42971,3
42972,3
42973,3
42974,3
42975,3
42976,3
42977,3
42978,3
42979,3
42980,3
42981,3
42982,3
42983,3
42984,3
42985,3
42986,3
42987,3
42988,3
42989,3
42990,3
42991,3
42992,3
42993,3
42994,3
42995,3
42996,3
42997,3
42998,3
42999,3
43000,3
43001,3
43002,3
43003,3
43004,3
43005,3
43006,3
43007,3
43008,3
43009,3
43010,3
43011,3
43012,3
43013,3
43014,3
43015,3
43016,3
43017,3
43018,3
43019,3
43020,3
43021,3
43022,3
43023,3
43024,3
43025,3
43026,3
43027,3
43028,3
43029,3
43030,3
43031,3
43032,3
43033,3
43034,3
43035,3
43036,3
43037,3
43038,3
43039,3
43040,3
43041,3
43042,3
43043,3
43044,3
43045,3
43046,3
43047,3
43048,3
43049,3
43050,3
43051,3
43052,3
43053,3
43054,3
43055,3
43056,3
43057,3
43058,3
43059,3
43060,3
43061,3
43062,3
43063,3
43064,3
43065,3
43066,3
43067,3
43068,3
43069,3
43070,3
43071,3
43072,3
43073,3
43074,3
43075,3
43076,3
43077,3
43078,3
43079,3
43080,3
43081,3
43082,3
43083,3
43084,3
43085,3
43086,3
43087,3
43088,3
43089,3
43090,3
43091,3
43092,4
43093,4
43094,4
43095,4
43096,4
43097,4
43098,4
43099,4
43100,4
43101,4
43102,4
43103,4
43104,4
43105,4
43106,4
43107,4
43108,4
43109,4
43110,4
43111,4
43112,4
43113,4
43114,4
43115,4
43116,4
43117,4
43118,4
43119,4
43120,4
43121,4
43122,4
43123,4
43124,4
43125,4
43126,4
43127,4
43128,4
43129,4
43130,4
43131,4
43132,4
43133,4
43134,4
43135,4
43136,4
43137,4
43138,4
43139,4
43140,4
43141,4
43142,4
43143,4
43144,4
43145,4
43146,4
43147,4
43148,4
43149,4
43150,4
43151,4
43152,4
43153,4
43154,4
43155,4
43156,4
43157,4
43158,4
43159,4
43160,4
43161,4
43162,4
43163,4
43164,4
43165,4
43166,4
43167,4
43168,4
43169,4
43170,4
43171,4
43172,4
43173,4
43174,4
43175,4
43176,4
43177,4
43178,4
43179,4
43180,4
43181,4
43182,4
43183,4
43184,4
43185,4
43186,4
43187,4
43188,4
43189,4
43190,4
43191,4
43192,4
43193,4
43194,4
43195,4
43196,4
43197,4
43198,4
43199,4
43200,4
43201,4
43202,4
43203,4
43204,4
43205,4
43206,4
43207,4
43208,4
43209,4
43210,4
43211,4
43212,4
43213,4
43214,4
43215,4
43216,4
43217,4
43218,4
43219,4
43220,4
43221,4
43222,4
43223,4
43224,4
43225,4
43226,4
43227,4
43228,4
43229,4
43230,4
43231,4
43232,4
43233,4
43234,4
43235,4
43236,4
43237,4
43238,4
43239,4
43240,4
43241,4
43242,4
43243,4
43244,4
43245,4
43246,4
43247,4
43248,4
43249,4
43250,4
43251,4
43252,4
43253,4
43254,4
43255,4
43256,4
43257,4
43258,4
43259,4
43260,4
43261,4
43262,4
43263,4
43264,4
43265,4
43266,4
43267,4
43268,4
43269,4
43270,4
43271,4
43272,4
43273,4
43274,4
43275,4
43276,4
43277,4
43278,4
43279,4
43280,4
43281,4
43282,4
43283,4
43284,4
43285,4
43286,4
43287,4
43288,4
43289,4
43290,4
43291,4
43292,4
43293,4
43294,4
43295,4
43296,4
43297,4
43298,4
43299,4
43300,4
43301,4
43302,4
43303,4
43304,4
43305,4
43306,4
43307,4
43308,4
43309,4
43310,4
43311,4
43312,4
43313,4
43314,4
43315,4
43316,4
43317,4
43318,4
43319,4
43320,4
43321,4
43322,4
43323,4
43324,4
43325,4
43326,4
43327,4
43328,4
43329,4
43330,4
43331,4
43332,4
43333,4
43334,4
43335,4
43336,4
43337,4
43338,4
43339,4
43340,4
43341,4
43342,4
43343,4
43344,4
43345,4
43346,4
43347,4
43348,4
43349,4
43350,4
43351,4
43352,4
43353,4
43354,4
43355,4
43356,4
43357,4
43358,4
43359,4
43360,4
43361,4
43362,4
43363,4
43364,4
43365,4
43366,4
43367,4
43368,4
43369,4
43370,4
43371,4
43372,4
43373,4
43374,4
43375,4
43376,4
43377,4
43378,4
43379,4
43380,4
43381,4
43382,4
43383,4
43384,4
43385,4
43386,4
43387,4
43388,4
43389,4
43390,4
43391,4
43392,4
43393,4
43394,4
43395,4
43396,4
43397,4
43398,4
43399,4
43400,4
43401,4
43402,4
43403,4
43404,4
43405,4
43406,4
43407,4
43408,4
43409,4
43410,4
43411,4
43412,4
43413,4
43414,4
43415,4
43416,4
43417,4
43418,4
43419,4
43420,4
43421,4
43422,4
43423,4
43424,4
43425,4
43426,4
43427,4
43428,4
43429,4
43430,4
43431,4
43432,4
43433,4
43434,4
43435,4
43436,4
43437,4
43438,4
43439,4
43440,4
43441,4
43442,4
43443,4
43444,4
43445,4
43446,4
43447,4
43448,4
43449,4
43450,4
43451,4
43452,4
43453,4
43454,4
43455,4
43456,4
43457,4
43458,4
43459,4
43460,4
43461,4
43462,4
43463,4
43464,4
43465,4
43466,4
43467,4
43468,4
43469,4
43470,4
43471,4
43472,4
43473,4
43474,4
43475,4
43476,4
43477,4
43478,4
43479,4
43480,4
43481,4
43482,4
43483,4
43484,4
43485,4
43486,4
43487,4
43488,4
43489,4
43490,4
43491,4
43492,4
43493,4
43494,4
43495,4
43496,4
43497,4
43498,4
43499,4
43500,4
43501,4
43502,4
43503,4
43504,4
43505,4
43506,4
43507,4
43508,4
43509,4
43510,4
43511,4
43512,4
43513,4
43514,4
43515,4
43516,4
43517,4
43518,4
43519,4
43520,4
43521,4
43522,4
43523,4
43524,4
43525,4
43526,4
43527,4
43528,4
43529,4
43530,4
43531,4
43532,4
43533,4
43534,4
43535,4
43536,4
43537,4
43538,4
43539,4
43540,4
43541,4
43542,4
43543,4
43544,4
43545,4
43546,4
43547,4
43548,4
43549,4
43550,4
43551,4
43552,4
43553,4
43554,4
43555,4
43556,4
43557,4
43558,4
43559,4
43560,4
43561,4
43562,4
43563,4
43564,4
43565,4
43566,4
43567,4
43568,4
43569,4
43570,4
43571,4
43572,4
43573,4
43574,4
43575,4
43576,4
43577,4
43578,4
43579,4
43580,4
43581,4
43582,4
43583,4
43584,4
43585,4
43586,4
43587,4
43588,4
43589,4
43590,4
43591,4
43592,4
43593,4
43594,4
43595,4
43596,4
43597,4
43598,4
43599,4
43600,4
43601,4
43602,4
43603,4
43604,4
43605,4
43606,4
43607,4
43608,4
43609,4
43610,4
43611,4
43612,4
43613,4
43614,4
43615,4
43616,4
43617,4
43618,4
43619,4
43620,4
43621,4
43622,4
43623,4
43624,4
43625,4
43626,4
43627,4
43628,4
43629,4
43630,4
43631,4
43632,4
43633,4
43634,4
43635,4
43636,4
43637,4
43638,4
43639,4
43640,4
43641,4
43642,4
43643,4
43644,4
43645,4
43646,4
43647,4
43648,4
43649,4
43650,4
43651,4
43652,4
43653,4
43654,4
43655,4
43656,4
43657,4
43658,4
43659,4
43660,4
43661,4
43662,4
43663,4
43664,4
43665,4
43666,4
43667,4
43668,4
43669,4
43670,4
43671,4
43672,4
43673,4
43674,4
43675,4
43676,4
43677,4
43678,4
43679,4
43680,4
43681,4
43682,4
43683,4
43684,4
43685,4
43686,4
43687,4
43688,4
43689,4
43690,4
43691,4
43692,4
43693,4
43694,4
43695,4
43696,4
43697,4
43698,4
43699,4
43700,4
43701,4
43702,4
43703,4
43704,4
43705,4
43706,4
43707,4
43708,4
43709,4
43710,4
43711,4
43712,4
43713,4
43714,4
43715,4
43716,4
43717,4
43718,4
43719,4
43720,4
43721,4
43722,4
43723,4
43724,4
43725,4
43726,4
43727,4
43728,4
43729,4
43730,4
43731,4
43732,4
43733,4
43734,4
43735,4
43736,4
43737,4
43738,4
43739,4
43740,4
43741,4
43742,4
43743,4
43744,4
43745,4
43746,4
43747,4
43748,4
43749,4
43750,4
43751,4
43752,4
43753,4
43754,4
43755,4
43756,4
43757,4
43758,4
43759,4
43760,4
43761,4
43762,4
43763,4
43764,4
43765,4
43766,4
43767,4
43768,4
43769,4
43770,4
43771,4
43772,4
43773,4
43774,4
43775,4
43776,4
43777,4
43778,4
43779,4
43780,4
43781,4
43782,4
43783,4
43784,4
43785,4
43786,4
43787,4
43788,4
43789,4
43790,4
43791,4
43792,4
43793,4
43794,4
43795,4
43796,4
43797,4
43798,4
43799,4
43800,4
43801,4
43802,4
43803,4
43804,4
43805,4
43806,4
43807,4
43808,4
43809,4
43810,4
43811,4
43812,4
43813,4
43814,4
43815,4
43816,4
43817,4
43818,4
43819,4
43820,4
43821,4
43822,4
43823,4
43824,4
43825,4
43826,4
43827,4
43828,4
43829,4
43830,4
43831,4
43832,4
43833,4
43834,4
43835,4
43836,4
43837,4
43838,4
43839,4
43840,4
43841,4
43842,4
43843,4
43844,4
43845,4
43846,4
43847,4
43848,4
43849,4
43850,4
43851,4
43852,4
43853,4
43854,4
43855,4
43856,4
43857,4
43858,4
43859,4
43860,4
43861,4
43862,4
43863,4
43864,4
43865,4
43866,4
43867,4
43868,4
43869,4
43870,4
43871,4
43872,4
43873,4
43874,4
43875,4
43876,4
43877,4
43878,4
43879,4
43880,4
43881,4
43882,4
43883,4
43884,4
43885,4
43886,4
43887,4
43888,4
43889,4
43890,4
43891,4
43892,4
43893,4
43894,4
43895,4
43896,4
43897,4
43898,4
43899,4
43900,4
43901,4
43902,4
43903,4
43904,4
43905,4
43906,4
43907,4
43908,4
43909,4
43910,4
43911,4
43912,4
43913,4
43914,4
43915,4
43916,4
43917,4
43918,4
43919,4
43920,4
43921,4
43922,4
43923,4
43924,4
43925,4
43926,4
43927,4
43928,4
43929,4
43930,4
43931,4
43932,4
43933,4
43934,4
43935,4
43936,4
43937,4
43938,4
43939,4
43940,4
43941,4
43942,4
43943,4
43944,4
43945,4
43946,4
43947,4
43948,4
43949,4
43950,4
43951,4
43952,4
43953,4
43954,4
43955,4
43956,4
43957,4
43958,4
43959,4
43960,4
43961,4
43962,4
43963,4
43964,4
43965,4
43966,4
43967,4
43968,4
43969,4
43970,4
43971,4
43972,4
43973,4
43974,4
43975,4
43976,4
43977,4
43978,4
43979,4
43980,4
43981,4
43982,4
43983,4
43984,4
43985,4
43986,4
43987,4
43988,4
43989,4
43990,4
43991,4
43992,4
43993,4
43994,4
43995,4
43996,4
43997,4
43998,4
43999,4
44000,4
44001,4
44002,4
44003,4
44004,4
44005,4
44006,4
44007,4
44008,4
44009,4
44010,4
44011,4
44012,4
44013,4
44014,4
44015,4
44016,4
44017,4
44018,4
44019,4
44020,4
44021,4
44022,4
44023,4
44024,4
44025,4
44026,4
44027,4
44028,4
44029,4
44030,4
44031,4
44032,4
44033,4
44034,4
44035,4
44036,4
44037,4
44038,4
44039,4
44040,4
44041,4
44042,4
44043,4
44044,4
44045,4
44046,4
44047,4
44048,4
44049,4
44050,4
44051,4
44052,4
44053,4
44054,4
44055,4
44056,4
44057,4
44058,4
44059,4
44060,4
44061,4
44062,4
44063,4
44064,4
44065,4
44066,4
44067,4
44068,4
44069,4
44070,4
44071,4
44072,4
44073,4
44074,4
44075,4
44076,4
44077,4
44078,4
44079,4
44080,4
44081,4
44082,4
44083,4
44084,4
44085,4
44086,4
44087,4
44088,4
44089,4
44090,4
44091,4
44092,4
44093,4
44094,4
44095,4
44096,4
44097,4
44098,4
44099,4
44100,4
44101,4
44102,4
44103,4
44104,4
44105,4
44106,4
44107,4
44108,4
44109,4
44110,4
44111,4
44112,4
44113,4
44114,4
44115,4
44116,4
44117,4
44118,4
44119,4
44120,4
44121,4
44122,4
44123,4
44124,4
44125,4
44126,4
44127,4
44128,4
44129,4
44130,4
44131,4
44132,4
44133,4
44134,4
44135,4
44136,4
44137,4
44138,4
44139,4
44140,4
44141,4
44142,4
44143,4
44144,4
44145,4
44146,4
44147,4
44148,4
44149,4
44150,4
44151,4
44152,4
44153,4
44154,4
44155,4
44156,4
44157,4
44158,4
44159,4
44160,4
44161,4
44162,4
44163,4
44164,4
44165,4
44166,4
44167,4
44168,4
44169,4
44170,4
44171,4
44172,4
44173,4
44174,4
44175,4
44176,4
44177,4
44178,4
44179,4
44180,4
44181,4
44182,4
44183,4
44184,4
44185,4
44186,4
44187,4
44188,4
44189,4
44190,4
44191,4
44192,4
44193,4
44194,4
44195,4
44196,4
44197,4
44198,4
44199,4
44200,4
44201,4
44202,4
44203,4
44204,4
44205,4
44206,4
44207,4
44208,4
44209,4
44210,4
44211,4
44212,4
44213,4
44214,4
44215,4
44216,4
44217,4
44218,4
44219,4
44220,4
44221,4
44222,4
44223,4
44224,4
44225,4
44226,4
44227,4
44228,4
44229,4
44230,4
44231,4
44232,4
44233,4
44234,4
44235,4
44236,4
44237,4
44238,4
44239,4
44240,4
44241,4
44242,4
44243,4
44244,4
44245,4
44246,4
44247,4
44248,4
44249,4
44250,4
44251,4
44252,4
44253,4
44254,4
44255,4
44256,4
44257,4
44258,4
44259,4
44260,4
44261,4
44262,4
44263,4
44264,4
44265,4
44266,4
44267,4
44268,4
44269,4
44270,4
44271,4
44272,4
44273,4
44274,4
44275,4
44276,4
44277,4
44278,4
44279,4
44280,4
44281,4
44282,4
44283,4
44284,4
44285,4
44286,4
44287,4
44288,4
44289,4
44290,4
44291,4
44292,4
44293,4
44294,4
44295,4
44296,4
44297,4
44298,4
44299,4
44300,4
44301,4
44302,4
44303,4
44304,4
44305,4
44306,4
44307,4
44308,4
44309,4
44310,4
44311,4
44312,4
44313,4
44314,4
44315,4
44316,4
44317,4
44318,4
44319,4
44320,4
44321,4
44322,4
44323,4
44324,4
44325,4
44326,4
44327,4
44328,4
44329,4
44330,4
44331,4
44332,4
44333,4
44334,4
44335,4
44336,4
44337,4
44338,4
44339,4
44340,4
44341,4
44342,4
44343,4
44344,4
44345,4
44346,4
44347,4
44348,4
44349,4
44350,4
44351,4
44352,4
44353,4
44354,4
44355,4
44356,4
44357,4
44358,4
44359,4
44360,4
44361,4
44362,4
44363,4
44364,4
44365,4
44366,4
44367,4
44368,4
44369,4
44370,4
44371,4
44372,4
44373,4
44374,4
44375,4
44376,4
44377,4
44378,4
44379,4
44380,4
44381,4
44382,4
44383,4
44384,4
44385,4
44386,4
44387,4
44388,4
44389,4
44390,4
44391,4
44392,4
44393,4
44394,4
44395,4
44396,4
44397,4
44398,4
44399,4
44400,4
44401,4
44402,4
44403,4
44404,4
44405,4
44406,4
44407,4
44408,4
44409,4
44410,4
44411,4
44412,4
44413,4
44414,4
44415,4
44416,4
44417,4
44418,4
44419,4
44420,4
44421,4
44422,4
44423,4
44424,4
44425,4
44426,4
44427,4
44428,4
44429,4
44430,4
44431,4
44432,4
44433,4
44434,4
44435,4
44436,4
44437,4
44438,4
44439,4
44440,4
44441,4
44442,4
44443,4
44444,4
44445,4
44446,4
44447,4
44448,4
44449,4
44450,4
44451,4
44452,4
44453,4
44454,4
44455,4
44456,4
44457,4
44458,4
44459,4
44460,4
44461,4
44462,4
44463,4
44464,4
44465,4
44466,4
44467,4
44468,4
44469,4
44470,4
44471,4
44472,4
44473,4
44474,4
44475,4
44476,4
44477,4
44478,4
44479,4
44480,4
44481,4
44482,4
44483,4
44484,4
44485,4
44486,4
44487,4
44488,4
44489,4
44490,4
44491,4
44492,4
44493,4
44494,4
44495,4
44496,4
44497,4
44498,4
44499,4
44500,4
44501,4
44502,4
44503,4
44504,4
44505,4
44506,4
44507,4
44508,4
44509,4
44510,4
44511,4
44512,4
44513,4
44514,4
44515,4
44516,4
44517,4
44518,4
44519,4
44520,4
44521,4
44522,4
44523,4
44524,4
44525,4
44526,4
44527,4
44528,4
44529,4
44530,4
44531,4
44532,4
44533,4
44534,4
44535,4
44536,4
44537,4
44538,4
44539,4
44540,4
44541,4
44542,4
44543,4
44544,4
44545,4
44546,4
44547,4
44548,4
44549,4
44550,4
44551,4
44552,4
44553,4
44554,4
44555,4
44556,4
44557,4
44558,4
44559,4
44560,4
44561,4
44562,4
44563,4
44564,4
44565,4
44566,4
44567,4
44568,4
44569,4
44570,4
44571,4
44572,4
44573,4
44574,4
44575,4
44576,4
44577,4
44578,4
44579,4
44580,4
44581,4
44582,4
44583,4
44584,4
44585,4
44586,4
44587,4
44588,4
44589,4
44590,4
44591,4
44592,4
44593,4
44594,4
44595,4
44596,4
44597,4
44598,4
44599,4
44600,4
44601,4
44602,4
44603,4
44604,4
44605,4
44606,4
44607,4
44608,4
44609,4
44610,4
44611,4
44612,4
44613,4
44614,4
44615,4
44616,4
44617,4
44618,4
44619,4
44620,4
44621,4
44622,4
44623,4
44624,4
44625,4
44626,4
44627,4
44628,4
44629,4
44630,4
44631,4
44632,4
44633,4
44634,4
44635,4
44636,4
44637,4
44638,4
44639,4
44640,4
44641,4
44642,4
44643,4
44644,4
44645,4
44646,4
44647,4
44648,4
44649,4
44650,4
44651,4
44652,4
44653,4
44654,4
44655,4
44656,4
44657,4
44658,4
44659,4
44660,4
44661,4
44662,4
44663,4
44664,4
44665,4
44666,4
44667,4
44668,4
44669,4
44670,4
44671,4
44672,4
44673,4
44674,4
44675,4
44676,4
44677,4
44678,4
44679,4
44680,4
44681,4
44682,4
44683,4
44684,4
44685,4
44686,4
44687,4
44688,4
44689,4
44690,4
44691,4
44692,4
44693,4
44694,4
44695,4
44696,4
44697,4
44698,4
44699,4
44700,4
44701,4
44702,4
44703,4
44704,4
44705,4
44706,4
44707,4
44708,4
44709,4
44710,4
44711,4
44712,4
44713,4
44714,4
44715,4
44716,4
44717,4
44718,4
44719,4
44720,4
44721,4
44722,4
44723,4
44724,4
44725,4
44726,4
44727,4
44728,4
44729,4
44730,4
44731,4
44732,4
44733,4
44734,4
44735,4
44736,4
44737,4
44738,4
44739,4
44740,4
44741,4
44742,4
44743,4
44744,4
44745,4
44746,4
44747,4
44748,4
44749,4
44750,4
44751,4
44752,4
44753,4
44754,4
44755,4
44756,4
44757,4
44758,4
44759,4
44760,4
44761,4
44762,4
44763,4
44764,4
44765,4
44766,4
44767,4
44768,4
44769,4
44770,4
44771,4
44772,4
44773,4
44774,4
44775,4
44776,4
44777,4
44778,4
44779,4
44780,4
44781,4
44782,4
44783,4
44784,4
44785,4
44786,4
44787,4
44788,4
44789,4
44790,4
44791,4
44792,4
44793,4
44794,4
44795,4
44796,4
44797,4
44798,4
44799,4
44800,4
44801,4
44802,4
44803,4
44804,4
44805,4
44806,4
44807,4
44808,4
44809,4
44810,4
44811,4
44812,4
44813,4
44814,4
44815,4
44816,4
44817,4
44818,4
44819,4
44820,4
44821,4
44822,4
44823,4
44824,4
44825,4
44826,4
44827,4
44828,4
44829,4
44830,4
44831,4
44832,4
44833,4
44834,4
44835,4
44836,4
44837,4
44838,4
44839,4
44840,4
44841,4
44842,4
44843,4
44844,4
44845,4
44846,4
44847,4
44848,4
44849,4
44850,4
44851,4
44852,4
44853,4
44854,4
44855,4
44856,4
44857,4
44858,4
44859,4
44860,4
44861,4
44862,4
44863,4
44864,4
44865,4
44866,4
44867,4
44868,4
44869,4
44870,4
44871,4
44872,4
44873,4
44874,4
44875,4
44876,4
44877,4
44878,4
44879,4
44880,4
44881,4
44882,4
44883,4
44884,4
44885,4
44886,4
44887,4
44888,4
44889,4
44890,4
44891,4
44892,4
44893,4
44894,4
44895,4
44896,4
44897,4
44898,4
44899,4
44900,4
44901,4
44902,4
44903,4
44904,4
44905,4
44906,4
44907,4
44908,4
44909,4
44910,4
44911,4
44912,4
44913,4
44914,4
44915,4
44916,4
44917,4
44918,4
44919,4
44920,4
44921,4
44922,4
44923,4
44924,4
44925,4
44926,4
44927,4
44928,4
44929,4
44930,4
44931,4
44932,4
44933,4
44934,4
44935,4
44936,4
44937,4
44938,4
44939,4
44940,4
44941,4
44942,4
44943,4
44944,4
44945,4
44946,4
44947,4
44948,4
44949,4
44950,4
44951,4
44952,4
44953,4
44954,4
44955,4
44956,4
44957,4
44958,4
44959,4
44960,4
44961,4
44962,4
44963,4
44964,4
44965,4
44966,4
44967,4
44968,4
44969,4
44970,4
44971,4
44972,4
44973,4
44974,4
44975,4
44976,4
44977,4
44978,4
44979,4
44980,4
44981,4
44982,4
44983,4
44984,4
44985,4
44986,4
44987,4
44988,4
44989,4
44990,4
44991,4
44992,4
44993,4
44994,4
44995,4
44996,4
44997,4
44998,4
44999,4
45000,4
45001,4
45002,4
45003,4
45004,4
45005,4
45006,4
45007,4
45008,4
45009,4
45010,4
45011,4
45012,4
45013,4
45014,4
45015,4
45016,4
45017,4
45018,4
45019,4
45020,4
45021,4
45022,4
45023,4
45024,4
45025,4
45026,4
45027,4
45028,4
45029,4
45030,4
45031,4
45032,4
45033,4
45034,4
45035,4
45036,4
45037,4
45038,4
45039,4
45040,4
45041,4
45042,4
45043,4
45044,4
45045,4
45046,4
45047,4
45048,4
45049,4
45050,4
45051,4
45052,4
45053,4
45054,4
45055,4
45056,4
45057,4
45058,4
45059,4
45060,4
45061,4
45062,4
45063,4
45064,4
45065,4
45066,4
45067,4
45068,4
45069,4
45070,4
45071,4
45072,4
45073,4
45074,4
45075,4
45076,4
45077,4
45078,4
45079,4
45080,4
45081,4
45082,4
45083,4
45084,4
45085,4
45086,4
45087,4
45088,4
45089,4
45090,4
45091,4
45092,4
45093,4
45094,4
45095,4
45096,4
45097,4
45098,4
45099,4
45100,4
45101,4
45102,4
45103,4
45104,4
45105,4
45106,4
45107,4
45108,4
45109,4
45110,4
45111,4
45112,4
45113,4
45114,4
45115,4
45116,4
45117,4
45118,4
45119,4
45120,4
45121,4
45122,4
45123,4
45124,4
45125,4
45126,4
45127,4
45128,4
45129,4
45130,4
45131,4
45132,4
45133,4
45134,4
45135,4
45136,4
45137,4
45138,4
45139,4
45140,4
45141,4
45142,4
45143,4
45144,4
45145,4
45146,4
45147,4
45148,4
45149,4
45150,4
45151,4
45152,4
45153,4
45154,4
45155,4
45156,4
45157,4
45158,4
45159,4
45160,4
45161,4
45162,4
45163,4
45164,4
45165,4
45166,4
45167,4
45168,4
45169,4
45170,4
45171,4
45172,4
45173,4
45174,4
45175,4
45176,4
45177,4
45178,4
45179,4
45180,4
45181,4
45182,4
45183,4
45184,4
45185,4
45186,4
45187,4
45188,4
45189,4
45190,4
45191,4
45192,4
45193,4
45194,4
45195,4
45196,4
45197,4
45198,4
45199,4
45200,4
45201,4
45202,4
45203,4
45204,4
45205,4
45206,4
45207,4
45208,4
45209,4
45210,4
45211,4
45212,4
45213,4
45214,4
45215,4
45216,4
45217,4
45218,4
45219,4
45220,4
45221,4
45222,4
45223,4
45224,4
45225,4
45226,4
45227,4
45228,4
45229,4
45230,4
45231,4
45232,4
45233,4
45234,4
45235,4
45236,4
45237,4
45238,4
45239,4
45240,4
45241,4
45242,4
45243,4
45244,4
45245,4
45246,4
45247,4
45248,4
45249,4
45250,4
45251,4
45252,4
45253,4
45254,4
45255,4
45256,4
45257,4
45258,4
45259,4
45260,4
45261,4
45262,4
45263,4
45264,4
45265,4
45266,4
45267,4
45268,4
45269,4
45270,4
45271,4
45272,4
45273,4
45274,4
45275,4
45276,4
45277,4
45278,4
45279,4
45280,4
45281,4
45282,4
45283,4
45284,4
45285,4
45286,4
45287,4
45288,4
45289,4
45290,4
45291,4
45292,4
45293,4
45294,4
45295,4
45296,4
45297,4
45298,4
45299,4
45300,4
45301,4
45302,4
45303,4
45304,4
45305,4
45306,4
45307,4
45308,4
45309,4
45310,4
45311,4
45312,4
45313,4
45314,4
45315,4
45316,4
45317,4
45318,4
45319,4
45320,4
45321,4
45322,4
45323,4
45324,4
45325,4
45326,4
45327,4
45328,4
45329,4
45330,4
45331,4
45332,4
45333,4
45334,4
45335,4
45336,4
45337,4
45338,4
45339,4
45340,4
45341,4
45342,4
45343,4
45344,4
45345,4
45346,4
45347,4
45348,4
45349,4
45350,4
45351,4
45352,4
45353,4
45354,4
45355,4
45356,4
45357,4
45358,4
45359,4
45360,4
45361,4
45362,4
45363,4
45364,4
45365,4
45366,4
45367,4
45368,4
45369,4
45370,4
45371,4
45372,4
45373,4
45374,4
45375,4
45376,4
45377,4
45378,4
45379,4
45380,4
45381,4
45382,4
45383,4
45384,4
45385,4
45386,4
45387,4
45388,4
45389,4
45390,4
45391,4
45392,4
45393,4
45394,4
45395,4
45396,4
45397,4
45398,4
45399,4
45400,4
45401,4
45402,4
45403,4
45404,4
45405,4
45406,4
45407,4
45408,4
45409,4
45410,4
45411,4
45412,4
45413,4
45414,4
45415,4
45416,4
45417,4
45418,4
45419,4
45420,4
45421,4
45422,4
45423,4
45424,4
45425,4
45426,4
45427,4
45428,4
45429,4
45430,4
45431,4
45432,4
45433,4
45434,4
45435,4
45436,4
45437,4
45438,4
45439,4
45440,4
45441,4
45442,4
45443,4
45444,4
45445,4
45446,4
45447,4
45448,4
45449,4
45450,4
45451,4
45452,4
45453,4
45454,4
45455,4
45456,4
45457,4
45458,4
45459,4
45460,4
45461,4
45462,4
45463,4
45464,4
45465,4
45466,4
45467,4
45468,4
45469,4
45470,4
45471,4
45472,4
45473,4
45474,4
45475,4
45476,4
45477,4
45478,4
45479,4
45480,4
45481,4
45482,4
45483,4
45484,4
45485,4
45486,4
45487,4
45488,4
45489,4
45490,4
45491,4
45492,4
45493,4
45494,4
45495,4
45496,4
45497,4
45498,4
45499,4
45500,4
45501,4
45502,4
45503,4
45504,4
45505,4
45506,4
45507,4
45508,4
45509,4
45510,4
45511,4
45512,4
45513,4
45514,4
45515,4
45516,4
45517,4
45518,4
45519,4
45520,4
45521,4
45522,4
45523,4
45524,4
45525,4
45526,4
45527,4
45528,4
45529,4
45530,4
45531,4
45532,4
45533,4
45534,4
45535,4
45536,4
45537,4
45538,4
45539,4
45540,4
45541,4
45542,4
45543,4
45544,4
45545,4
45546,4
45547,4
45548,4
45549,4
45550,4
45551,4
45552,4
45553,4
45554,4
45555,4
45556,4
45557,4
45558,4
45559,4
45560,4
45561,4
45562,4
45563,4
45564,4
45565,4
45566,4
45567,4
45568,4
45569,4
45570,4
45571,4
45572,4
45573,4
45574,4
45575,4
45576,4
45577,4
45578,4
45579,4
45580,4
45581,4
45582,4
45583,4
45584,4
45585,4
45586,4
45587,4
45588,4
45589,4
45590,4
45591,4
45592,4
45593,4
45594,4
45595,4
45596,4
45597,4
45598,4
45599,4
45600,4
45601,4
45602,4
45603,4
45604,4
45605,4
45606,4
45607,4
45608,4
45609,4
45610,4
45611,4
45612,4
45613,4
45614,4
45615,4
45616,4
45617,4
45618,4
45619,4
45620,4
45621,4
45622,4
45623,4
45624,4
45625,4
45626,4
45627,4
45628,4
45629,4
45630,4
45631,4
45632,4
45633,4
45634,4
45635,4
45636,4
45637,4
45638,4
45639,4
45640,4
45641,4
45642,4
45643,4
45644,4
45645,4
45646,4
45647,4
45648,4
45649,4
45650,4
45651,4
45652,4
45653,4
45654,4
45655,4
45656,4
45657,4
45658,4
45659,4
45660,4
45661,4
45662,4
45663,4
45664,4
45665,4
45666,4
45667,4
45668,4
45669,4
45670,4
45671,4
45672,4
45673,4
45674,4
45675,4
45676,4
45677,4
45678,4
45679,4
45680,4
45681,4
45682,4
45683,4
45684,4
45685,4
45686,4
45687,4
45688,4
45689,4
45690,4
45691,4
45692,4
45693,4
45694,4
45695,4
45696,4
45697,4
45698,4
45699,4
45700,4
45701,4
45702,4
45703,4
45704,4
45705,4
45706,4
45707,4
45708,4
45709,4
45710,4
45711,4
45712,4
45713,4
45714,4
45715,4
45716,4
45717,4
45718,4
45719,4
45720,4
45721,4
45722,4
45723,4
45724,4
45725,4
45726,4
45727,4
45728,4
45729,4
45730,4
45731,4
45732,4
45733,4
45734,4
45735,4
45736,4
45737,4
45738,4
45739,4
45740,4
45741,4
45742,4
45743,4
45744,4
45745,4
45746,4
45747,4
45748,4
45749,4
45750,4
45751,4
45752,4
45753,4
45754,4
45755,4
45756,4
45757,4
45758,4
45759,4
45760,4
45761,4
45762,4
45763,4
45764,4
45765,4
45766,4
45767,4
45768,4
45769,4
45770,4
45771,4
45772,4
45773,4
45774,4
45775,4
45776,4
45777,4
45778,4
45779,4
45780,4
45781,4
45782,4
45783,4
45784,4
45785,4
45786,4
45787,4
45788,4
45789,4
45790,4
45791,4
45792,4
45793,4
45794,4
45795,4
45796,4
45797,4
45798,4
45799,4
45800,4
45801,4
45802,4
45803,4
45804,4
45805,4
45806,4
45807,4
45808,4
45809,4
45810,4
45811,4
45812,4
45813,4
45814,4
45815,4
45816,4
45817,4
45818,4
45819,4
45820,4
45821,4
45822,4
45823,4
45824,4
45825,4
45826,4
45827,4
45828,4
45829,4
45830,4
45831,4
45832,4
45833,4
45834,4
45835,4
45836,4
45837,4
45838,4
45839,4
45840,4
45841,4
45842,4
45843,4
45844,4
45845,4
45846,4
45847,4
45848,4
45849,4
45850,4
45851,4
45852,4
45853,4
45854,4
45855,4
45856,4
45857,4
45858,4
45859,4
45860,4
45861,4
45862,4
45863,4
45864,4
45865,4
45866,4
45867,4
45868,4
45869,4
45870,4
45871,4
45872,4
45873,4
45874,4
45875,4
45876,4
45877,4
45878,4
45879,4
45880,4
45881,4
45882,4
45883,4
45884,4
45885,4
45886,4
45887,4
45888,4
45889,4
45890,4
45891,4
45892,4
45893,4
45894,4
45895,4
45896,4
45897,4
45898,4
45899,4
45900,4
45901,4
45902,4
45903,4
45904,4
45905,4
45906,4
45907,4
45908,4
45909,4
45910,4
45911,4
45912,4
45913,4
45914,4
45915,4
45916,4
45917,4
45918,4
45919,4
45920,4
45921,4
45922,4
45923,4
45924,4
45925,4
45926,4
45927,4
45928,4
45929,4
45930,4
45931,4
45932,4
45933,4
45934,4
45935,4
45936,4
45937,4
45938,4
45939,4
45940,4
45941,4
45942,4
45943,4
45944,4
45945,4
45946,4
45947,4
45948,4
45949,4
45950,4
45951,4
45952,4
45953,4
45954,4
45955,4
45956,4
45957,4
45958,4
45959,4
45960,4
45961,4
45962,4
45963,4
45964,4
45965,4
45966,4
45967,4
45968,4
45969,4
45970,4
45971,4
45972,4
45973,4
45974,4
45975,4
45976,4
45977,4
45978,4
45979,4
45980,4
45981,4
45982,4
45983,4
45984,4
45985,4
45986,4
45987,4
45988,4
45989,4
45990,4
45991,4
45992,4
45993,4
45994,4
45995,4
45996,4
45997,4
45998,4
45999,4
46000,4
46001,4
46002,4
46003,4
46004,4
46005,4
46006,4
46007,4
46008,4
46009,4
46010,4
46011,4
46012,4
46013,4
46014,4
46015,4
46016,4
46017,4
46018,4
46019,4
46020,4
46021,4
46022,4
46023,4
46024,4
46025,4
46026,4
46027,4
46028,4
46029,4
46030,4
46031,4
46032,4
46033,4
46034,4
46035,4
46036,4
46037,4
46038,4
46039,4
46040,4
46041,4
46042,4
46043,4
46044,4
46045,4
46046,4
46047,4
46048,4
46049,4
46050,4
46051,4
46052,4
46053,4
46054,4
46055,4
46056,4
46057,4
46058,4
46059,4
46060,4
46061,4
46062,4
46063,4
46064,4
46065,4
46066,4
46067,4
46068,4
46069,4
46070,4
46071,4
46072,4
46073,4
46074,4
46075,4
46076,4
46077,4
46078,4
46079,4
46080,4
46081,4
46082,4
46083,4
46084,4
46085,4
46086,4
46087,4
46088,4
46089,4
46090,4
46091,4
46092,4
46093,4
46094,4
46095,4
46096,4
46097,4
46098,4
46099,4
46100,4
46101,4
46102,4
46103,4
46104,4
46105,4
46106,4
46107,4
46108,4
46109,4
46110,4
46111,4
46112,4
46113,4
46114,4
46115,4
46116,4
46117,4
46118,4
46119,4
46120,4
46121,4
46122,4
46123,4
46124,4
46125,4
46126,4
46127,4
46128,4
46129,4
46130,4
46131,4
46132,4
46133,4
46134,4
46135,4
46136,4
46137,4
46138,4
46139,4
46140,4
46141,4
46142,4
46143,4
46144,4
46145,4
46146,4
46147,4
46148,4
46149,4
46150,4
46151,4
46152,4
46153,4
46154,4
46155,4
46156,4
46157,4
46158,4
46159,4
46160,4
46161,4
46162,4
46163,4
46164,4
46165,4
46166,4
46167,4
46168,4
46169,4
46170,4
46171,4
46172,4
46173,4
46174,4
46175,4
46176,4
46177,4
46178,4
46179,4
46180,4
46181,4
46182,4
46183,4
46184,4
46185,4
46186,4
46187,4
46188,4
46189,4
46190,4
46191,4
46192,4
46193,4
46194,4
46195,4
46196,4
46197,4
46198,4
46199,4
46200,4
46201,4
46202,4
46203,4
46204,4
46205,4
46206,4
46207,4
46208,4
46209,4
46210,4
46211,4
46212,4
46213,4
46214,4
46215,4
46216,4
46217,4
46218,4
46219,4
46220,4
46221,4
46222,4
46223,4
46224,4
46225,4
46226,4
46227,4
46228,4
46229,4
46230,4
46231,4
46232,4
46233,4
46234,4
46235,4
46236,4
46237,4
46238,4
46239,4
46240,4
46241,4
46242,4
46243,4
46244,4
46245,4
46246,4
46247,4
46248,4
46249,4
46250,4
46251,4
46252,4
46253,4
46254,4
46255,4
46256,4
46257,4
46258,4
46259,4
46260,4
46261,4
46262,4
46263,4
46264,4
46265,4
46266,4
46267,4
46268,4
46269,4
46270,4
46271,4
46272,4
46273,4
46274,4
46275,4
46276,4
46277,4
46278,4
46279,4
46280,4
46281,4
46282,4
46283,4
46284,4
46285,4
46286,4
46287,4
46288,4
46289,4
46290,4
46291,4
46292,4
46293,4
46294,4
46295,4
46296,4
46297,4
46298,4
46299,4
46300,4
46301,4
46302,4
46303,4
46304,4
46305,4
46306,4
46307,4
46308,4
46309,4
46310,4
46311,4
46312,4
46313,4
46314,4
46315,4
46316,4
46317,4
46318,4
46319,4
46320,4
46321,4
46322,4
46323,4
46324,4
46325,4
46326,4
46327,4
46328,4
46329,4
46330,4
46331,4
46332,4
46333,4
46334,4
46335,4
46336,4
46337,4
46338,4
46339,4
46340,4
46341,4
46342,4
46343,4
46344,4
46345,4
46346,4
46347,4
46348,4
46349,4
46350,4
46351,4
46352,4
46353,4
46354,4
46355,4
46356,4
46357,4
46358,4
46359,4
46360,4
46361,4
46362,4
46363,4
46364,4
46365,4
46366,4
46367,4
46368,4
46369,4
46370,4
46371,4
46372,4
46373,4
46374,4
46375,4
46376,4
46377,4
46378,4
46379,4
46380,4
46381,4
46382,4
46383,4
46384,4
46385,4
46386,4
46387,4
46388,4
46389,4
46390,4
46391,4
46392,4
46393,4
46394,4
46395,4
46396,4
46397,4
46398,4
46399,4
46400,4
46401,4
46402,4
46403,4
46404,4
46405,4
46406,4
46407,4
46408,4
46409,4
46410,4
46411,4
46412,4
46413,4
46414,4
46415,4
46416,4
46417,4
46418,4
46419,4
46420,4
46421,4
46422,4
46423,4
46424,4
46425,4
46426,4
46427,4
46428,4
46429,4
46430,4
46431,4
46432,4
46433,4
46434,4
46435,4
46436,4
46437,4
46438,4
46439,4
46440,4
46441,4
46442,4
46443,4
46444,4
46445,4
46446,4
46447,4
46448,4
46449,4
46450,4
46451,4
46452,4
46453,4
46454,4
46455,4
46456,4
46457,4
46458,4
46459,4
46460,4
46461,4
46462,4
46463,4
46464,4
46465,4
46466,4
46467,4
46468,4
46469,4
46470,4
46471,4
46472,4
46473,4
46474,4
46475,4
46476,4
46477,4
46478,4
46479,4
46480,4
46481,4
46482,4
46483,4
46484,4
46485,4
46486,4
46487,4
46488,4
46489,4
46490,4
46491,4
46492,4
46493,4
46494,4
46495,4
46496,4
46497,4
46498,4
46499,4
46500,4
46501,4
46502,4
46503,4
46504,4
46505,4
46506,4
46507,4
46508,4
46509,4
46510,4
46511,4
46512,4
46513,4
46514,4
46515,4
46516,4
46517,4
46518,4
46519,4
46520,4
46521,4
46522,4
46523,4
46524,4
46525,4
46526,4
46527,4
46528,4
46529,4
46530,4
46531,4
46532,4
46533,4
46534,4
46535,4
46536,4
46537,4
46538,4
46539,4
46540,4
46541,4
46542,4
46543,4
46544,4
46545,4
46546,4
46547,4
46548,4
46549,4
46550,4
46551,4
46552,4
46553,4
46554,4
46555,4
46556,4
46557,4
46558,4
46559,4
46560,4
46561,4
46562,4
46563,4
46564,4
46565,4
46566,4
46567,4
46568,4
46569,4
46570,4
46571,4
46572,4
46573,4
46574,4
46575,4
46576,4
46577,4
46578,4
46579,4
46580,4
46581,4
46582,4
46583,4
46584,4
46585,4
46586,4
46587,4
46588,4
46589,4
46590,4
46591,4
46592,4
46593,4
46594,4
46595,4
46596,4
46597,4
46598,4
46599,4
46600,4
46601,4
46602,4
46603,4
46604,4
46605,4
46606,4
46607,4
46608,4
46609,4
46610,4
46611,4
46612,4
46613,4
46614,4
46615,4
46616,4
46617,4
46618,4
46619,4
46620,4
46621,4
46622,4
46623,4
46624,4
46625,4
46626,4
46627,4
46628,4
46629,4
46630,4
46631,4
46632,4
46633,4
46634,4
46635,4
46636,4
46637,4
46638,4
46639,4
46640,4
46641,4
46642,4
46643,4
46644,4
46645,4
46646,4
46647,4
46648,4
46649,4
46650,4
46651,4
46652,4
46653,4
46654,4
46655,4
46656,4
46657,4
46658,4
46659,4
46660,4
46661,4
46662,4
46663,4
46664,4
46665,4
46666,4
46667,4
46668,4
46669,4
46670,4
46671,4
46672,4
46673,4
46674,4
46675,4
46676,4
46677,4
46678,4
46679,4
46680,4
46681,4
46682,4
46683,4
46684,4
46685,4
46686,4
46687,4
46688,4
46689,4
46690,4
46691,4
46692,4
46693,4
46694,4
46695,4
46696,4
46697,4
46698,4
46699,4
46700,4
46701,4
46702,4
46703,4
46704,4
46705,4
46706,4
46707,4
46708,4
46709,4
46710,4
46711,4
46712,4
46713,4
46714,4
46715,4
46716,4
46717,4
46718,4
46719,4
46720,4
46721,4
46722,4
46723,4
46724,4
46725,4
46726,4
46727,4
46728,4
46729,4
46730,4
46731,4
46732,4
46733,4
46734,4
46735,4
46736,4
46737,4
46738,4
46739,4
46740,4
46741,4
46742,4
46743,4
46744,4
46745,4
46746,4
46747,4
46748,4
46749,4
46750,4
46751,4
46752,4
46753,4
46754,4
46755,4
46756,4
46757,4
46758,4
46759,4
46760,4
46761,4
46762,4
46763,4
46764,4
46765,4
46766,4
46767,4
46768,4
46769,4
46770,4
46771,4
46772,4
46773,4
46774,4
46775,4
46776,4
46777,4
46778,4
46779,4
46780,4
46781,4
46782,4
46783,4
46784,4
46785,4
46786,4
46787,4
46788,4
46789,4
46790,4
46791,4
46792,4
46793,4
46794,4
46795,4
46796,4
46797,4
46798,4
46799,4
46800,4
46801,4
46802,4
46803,4
46804,4
46805,4
46806,4
46807,4
46808,4
46809,4
46810,4
46811,4
46812,4
46813,4
46814,4
46815,4
46816,4
46817,4
46818,4
46819,4
46820,4
46821,4
46822,4
46823,4
46824,4
46825,4
46826,4
46827,4
46828,4
46829,4
46830,4
46831,4
46832,4
46833,4
46834,4
46835,4
46836,4
46837,4
46838,4
46839,4
46840,4
46841,4
46842,4
46843,4
46844,4
46845,4
46846,4
46847,4
46848,4
46849,4
46850,4
46851,4
46852,4
46853,4
46854,4
46855,4
46856,4
46857,4
46858,4
46859,4
46860,4
46861,4
46862,4
46863,4
46864,4
46865,4
46866,4
46867,4
46868,4
46869,4
46870,4
46871,4
46872,4
46873,4
46874,4
46875,4
46876,4
46877,4
46878,4
46879,4
46880,4
46881,4
46882,4
46883,4
46884,4
46885,4
46886,4
46887,4
46888,4
46889,4
46890,4
46891,4
46892,4
46893,4
46894,4
46895,4
46896,4
46897,4
46898,4
46899,4
46900,4
46901,4
46902,4
46903,4
46904,4
46905,4
46906,4
46907,4
46908,4
46909,4
46910,4
46911,4
46912,4
46913,4
46914,4
46915,4
46916,4
46917,4
46918,4
46919,4
46920,4
46921,4
46922,4
46923,4
46924,4
46925,4
46926,4
46927,4
46928,4
46929,4
46930,4
46931,4
46932,4
46933,4
46934,4
46935,4
46936,4
46937,4
46938,4
46939,4
46940,4
46941,4
46942,4
46943,4
46944,4
46945,4
46946,4
46947,4
46948,4
46949,4
46950,4
46951,4
46952,4
46953,4
46954,4
46955,4
46956,4
46957,4
46958,4
46959,4
46960,4
46961,4
46962,4
46963,4
46964,4
46965,4
46966,4
46967,4
46968,4
46969,4
46970,4
46971,4
46972,4
46973,4
46974,4
46975,4
46976,4
46977,4
46978,4
46979,4
46980,4
46981,4
46982,4
46983,4
46984,4
46985,4
46986,4
46987,4
46988,4
46989,4
46990,4
46991,4
46992,4
46993,4
46994,4
46995,4
46996,4
46997,4
46998,4
46999,4
47000,4
47001,4
47002,4
47003,4
47004,4
47005,4
47006,4
47007,4
47008,4
47009,4
47010,4
47011,4
47012,4
47013,4
47014,4
47015,4
47016,4
47017,4
47018,4
47019,4
47020,4
47021,4
47022,4
47023,4
47024,4
47025,4
47026,4
47027,4
47028,4
47029,4
47030,4
47031,4
47032,4
47033,4
47034,4
47035,4
47036,4
47037,4
47038,4
47039,4
47040,4
47041,4
47042,4
47043,4
47044,4
47045,4
47046,4
47047,4
47048,4
47049,4
47050,4
47051,4
47052,4
47053,4
47054,4
47055,4
47056,4
47057,4
47058,4
47059,4
47060,4
47061,4
47062,4
47063,4
47064,4
47065,4
47066,4
47067,4
47068,4
47069,4
47070,4
47071,4
47072,4
47073,4
47074,4
47075,4
47076,4
47077,4
47078,4
47079,4
47080,4
47081,4
47082,4
47083,4
47084,4
47085,4
47086,4
47087,4
47088,4
47089,4
47090,4
47091,4
47092,4
47093,4
47094,4
47095,4
47096,4
47097,4
47098,4
47099,4
47100,4
47101,4
47102,4
47103,4
47104,4
47105,4
47106,4
47107,4
47108,4
47109,4
47110,4
47111,4
47112,4
47113,4
47114,4
47115,4
47116,4
47117,4
47118,4
47119,4
47120,4
47121,4
47122,4
47123,4
47124,4
47125,4
47126,4
47127,4
47128,4
47129,4
47130,4
47131,4
47132,4
47133,4
47134,4
47135,4
47136,4
47137,4
47138,4
47139,4
47140,4
47141,4
47142,4
47143,4
47144,4
47145,4
47146,4
47147,4
47148,4
47149,4
47150,4
47151,4
47152,4
47153,4
47154,4
47155,4
47156,4
47157,4
47158,4
47159,4
47160,4
47161,4
47162,4
47163,4
47164,4
47165,4
47166,4
47167,4
47168,4
47169,4
47170,4
47171,4
47172,4
47173,4
47174,4
47175,4
47176,4
47177,4
47178,4
47179,4
47180,4
47181,4
47182,4
47183,4
47184,4
47185,4
47186,4
47187,4
47188,4
47189,4
47190,4
47191,4
47192,4
47193,4
47194,4
47195,4
47196,4
47197,4
47198,4
47199,4
47200,4
47201,4
47202,4
47203,4
47204,4
47205,4
47206,4
47207,4
47208,4
47209,4
47210,4
47211,4
47212,4
47213,4
47214,4
47215,4
47216,4
47217,4
47218,4
47219,4
47220,4
47221,4
47222,4
47223,4
47224,4
47225,4
47226,4
47227,4
47228,4
47229,4
47230,4
47231,4
47232,4
47233,4
47234,4
47235,4
47236,4
47237,4
47238,4
47239,4
47240,4
47241,4
47242,4
47243,4
47244,4
47245,4
47246,4
47247,4
47248,4
47249,4
47250,4
47251,4
47252,4
47253,4
47254,4
47255,4
47256,4
47257,4
47258,4
47259,4
47260,4
47261,4
47262,4
47263,4
47264,4
47265,4
47266,4
47267,4
47268,4
47269,4
47270,4
47271,4
47272,4
47273,4
47274,4
47275,4
47276,4
47277,4
47278,4
47279,4
47280,4
47281,4
47282,4
47283,4
47284,4
47285,4
47286,4
47287,4
47288,4
47289,4
47290,4
47291,4
47292,4
47293,4
47294,4
47295,4
47296,4
47297,4
47298,4
47299,4
47300,4
47301,4
47302,4
47303,4
47304,4
47305,4
47306,4
47307,4
47308,4
47309,4
47310,4
47311,4
47312,4
47313,4
47314,4
47315,4
47316,4
47317,4
47318,4
47319,4
47320,4
47321,4
47322,4
47323,4
47324,4
47325,4
47326,4
47327,4
47328,4
47329,4
47330,4
47331,4
47332,4
47333,4
47334,4
47335,4
47336,4
47337,4
47338,4
47339,4
47340,4
47341,4
47342,4
47343,4
47344,4
47345,4
47346,4
47347,4
47348,4
47349,4
47350,4
47351,4
47352,4
47353,4
47354,4
47355,4
47356,4
47357,4
47358,4
47359,4
47360,4
47361,4
47362,4
47363,4
47364,4
47365,4
47366,4
47367,4
47368,4
47369,4
47370,4
47371,4
47372,4
47373,4
47374,4
47375,4
47376,4
47377,4
47378,4
47379,4
47380,4
47381,4
47382,4
47383,4
47384,4
47385,4
47386,4
47387,4
47388,4
47389,4
47390,4
47391,4
47392,4
47393,4
47394,4
47395,4
47396,4
47397,4
47398,4
47399,4
47400,4
47401,4
47402,4
47403,4
47404,4
47405,4
47406,4
47407,4
47408,4
47409,4
47410,4
47411,4
47412,4
47413,4
47414,4
47415,4
47416,4
47417,4
47418,4
47419,4
47420,4
47421,4
47422,4
47423,4
47424,4
47425,4
47426,4
47427,4
47428,4
47429,4
47430,4
47431,4
47432,4
47433,4
47434,4
47435,4
47436,4
47437,4
47438,4
47439,4
47440,4
47441,4
47442,4
47443,4
47444,4
47445,4
47446,4
47447,4
47448,4
47449,4
47450,4
47451,4
47452,4
47453,4
47454,4
47455,4
47456,4
47457,4
47458,4
47459,4
47460,4
47461,4
47462,4
47463,4
47464,4
47465,4
47466,4
47467,4
47468,4
47469,4
47470,4
47471,4
47472,4
47473,4
47474,4
47475,4
47476,4
47477,4
47478,4
47479,4
47480,4
47481,4
47482,4
47483,4
47484,4
47485,4
47486,4
47487,4
47488,4
47489,4
47490,4
47491,4
47492,4
47493,4
47494,4
47495,4
47496,4
47497,4
47498,4
47499,4
47500,4
47501,4
47502,4
47503,4
47504,4
47505,4
47506,4
47507,4
47508,4
47509,4
47510,4
47511,4
47512,4
47513,4
47514,4
47515,4
47516,4
47517,4
47518,4
47519,4
47520,4
47521,4
47522,4
47523,4
47524,4
47525,4
47526,4
47527,4
47528,4
47529,4
47530,4
47531,4
47532,4
47533,4
47534,4
47535,4
47536,4
47537,4
47538,4
47539,4
47540,4
47541,4
47542,4
47543,4
47544,4
47545,4
47546,4
47547,4
47548,4
47549,4
47550,4
47551,4
47552,4
47553,4
47554,4
47555,4
47556,4
47557,4
47558,4
47559,4
47560,4
47561,4
47562,4
47563,4
47564,4
47565,4
47566,4
47567,4
47568,4
47569,4
47570,4
47571,4
47572,4
47573,4
47574,4
47575,4
47576,4
47577,4
47578,4
47579,4
47580,4
47581,4
47582,4
47583,4
47584,4
47585,4
47586,4
47587,4
47588,4
47589,4
47590,4
47591,4
47592,4
47593,4
47594,4
47595,4
47596,4
47597,4
47598,4
47599,4
47600,4
47601,4
47602,4
47603,4
47604,4
47605,4
47606,4
47607,4
47608,4
47609,4
47610,4
47611,4
47612,4
47613,4
47614,4
47615,4
47616,4
47617,4
47618,4
47619,4
47620,4
47621,4
47622,4
47623,4
47624,4
47625,4
47626,4
47627,4
47628,4
47629,4
47630,4
47631,4
47632,4
47633,4
47634,4
47635,4
47636,4
47637,4
47638,4
47639,4
47640,4
47641,4
47642,4
47643,4
47644,4
47645,4
47646,4
47647,4
47648,4
47649,4
47650,4
47651,4
47652,4
47653,4
47654,4
47655,4
47656,4
47657,4
47658,4
47659,4
47660,4
47661,4
47662,4
47663,4
47664,4
47665,4
47666,4
47667,4
47668,4
47669,4
47670,4
47671,4
47672,4
47673,4
47674,4
47675,4
47676,4
47677,4
47678,4
47679,4
47680,4
47681,4
47682,4
47683,4
47684,4
47685,4
47686,4
47687,4
47688,4
47689,4
47690,4
47691,4
47692,4
47693,4
47694,4
47695,4
47696,4
47697,4
47698,4
47699,4
47700,4
47701,4
47702,4
47703,4
47704,4
47705,4
47706,4
47707,4
47708,4
47709,4
47710,4
47711,4
47712,4
47713,4
47714,4
47715,4
47716,4
47717,4
47718,4
47719,4
47720,4
47721,4
47722,4
47723,4
47724,4
47725,4
47726,4
47727,4
47728,4
47729,4
47730,4
47731,4
47732,4
47733,4
47734,4
47735,4
47736,4
47737,4
47738,4
47739,4
47740,4
47741,4
47742,4
47743,4
47744,4
47745,4
47746,4
47747,4
47748,4
47749,4
47750,4
47751,4
47752,4
47753,4
47754,4
47755,4
47756,4
47757,4
47758,4
47759,4
47760,4
47761,4
47762,4
47763,4
47764,4
47765,4
47766,4
47767,4
47768,4
47769,4
47770,4
47771,4
47772,4
47773,4
47774,4
47775,4
47776,4
47777,4
47778,4
47779,4
47780,4
47781,4
47782,4
47783,4
47784,4
47785,4
47786,4
47787,4
47788,4
47789,4
47790,4
47791,4
47792,4
47793,4
47794,4
47795,4
47796,4
47797,4
47798,4
47799,4
47800,4
47801,4
47802,4
47803,4
47804,4
47805,4
47806,4
47807,4
47808,4
47809,4
47810,4
47811,4
47812,4
47813,4
47814,4
47815,4
47816,4
47817,4
47818,4
47819,4
47820,4
47821,4
47822,4
47823,4
47824,4
47825,4
47826,4
47827,4
47828,4
47829,4
47830,4
47831,4
47832,4
47833,4
47834,4
47835,4
47836,4
47837,4
47838,4
47839,4
47840,4
47841,4
47842,4
47843,4
47844,4
47845,4
47846,4
47847,4
47848,4
47849,4
47850,4
47851,4
47852,4
47853,4
47854,4
47855,4
47856,4
47857,4
47858,4
47859,4
47860,4
47861,4
47862,4
47863,4
47864,4
47865,4
47866,4
47867,4
47868,4
47869,4
47870,4
47871,4
47872,4
47873,4
47874,4
47875,4
47876,4
47877,4
47878,4
47879,4
47880,4
47881,4
47882,4
47883,4
47884,4
47885,4
47886,4
47887,4
47888,4
47889,4
47890,4
47891,4
47892,4
47893,4
47894,4
47895,4
47896,4
47897,4
47898,4
47899,4
47900,4
47901,4
47902,4
47903,4
47904,4
47905,4
47906,4
47907,4
47908,4
47909,4
47910,4
47911,4
47912,4
47913,4
47914,4
47915,4
47916,4
47917,4
47918,4
47919,4
47920,4
47921,4
47922,4
47923,4
47924,4
47925,4
47926,4
47927,4
47928,4
47929,4
47930,4
47931,4
47932,4
47933,4
47934,4
47935,4
47936,4
47937,4
47938,4
47939,4
47940,4
47941,4
47942,4
47943,4
47944,4
47945,4
47946,4
47947,4
47948,4
47949,4
47950,4
47951,4
47952,4
47953,4
47954,4
47955,4
47956,4
47957,4
47958,4
47959,4
47960,4
47961,4
47962,4
47963,4
47964,4
47965,4
47966,4
47967,4
47968,4
47969,4
47970,4
47971,4
47972,4
47973,4
47974,4
47975,4
47976,4
47977,4
47978,4
47979,4
47980,4
47981,4
47982,4
47983,4
47984,4
47985,4
47986,4
47987,4
47988,4
47989,4
47990,4
47991,4
47992,4
47993,4
47994,4
47995,4
47996,4
47997,4
47998,4
47999,4
48000,4
48001,4
48002,4
48003,4
48004,4
48005,4
48006,4
48007,4
48008,4
48009,4
48010,4
48011,4
48012,4
48013,4
48014,4
48015,4
48016,4
48017,4
48018,4
48019,4
48020,4
48021,4
48022,4
48023,4
48024,4
48025,4
48026,4
48027,4
48028,4
48029,4
48030,4
48031,4
48032,4
48033,4
48034,4
48035,4
48036,4
48037,4
48038,4
48039,4
48040,4
48041,4
48042,4
48043,4
48044,4
48045,4
48046,4
48047,4
48048,4
48049,4
48050,4
48051,4
48052,4
48053,4
48054,4
48055,4
48056,4
48057,4
48058,4
48059,4
48060,4
48061,4
48062,4
48063,4
48064,4
48065,4
48066,4
48067,4
48068,4
48069,4
48070,4
48071,4
48072,4
48073,4
48074,4
48075,4
48076,4
48077,4
48078,4
48079,4
48080,4
48081,4
48082,4
48083,4
48084,4
48085,4
48086,4
48087,4
48088,4
48089,4
48090,4
48091,4
48092,4
48093,4
48094,4
48095,4
48096,4
48097,4
48098,4
48099,4
48100,4
48101,4
48102,4
48103,4
48104,4
48105,4
48106,4
48107,4
48108,4
48109,4
48110,4
48111,4
48112,4
48113,4
48114,4
48115,4
48116,4
48117,4
48118,4
48119,4
48120,4
48121,4
48122,4
48123,4
48124,4
48125,4
48126,4
48127,4
48128,4
48129,4
48130,4
48131,4
48132,4
48133,4
48134,4
48135,4
48136,4
48137,4
48138,4
48139,4
48140,4
48141,4
48142,4
48143,4
48144,4
48145,4
48146,4
48147,4
48148,4
48149,4
48150,4
48151,4
48152,4
48153,4
48154,4
48155,4
48156,4
48157,4
48158,4
48159,4
48160,4
48161,4
48162,4
48163,4
48164,4
48165,4
48166,4
48167,4
48168,4
48169,4
48170,4
48171,4
48172,4
48173,4
48174,4
48175,4
48176,4
48177,4
48178,4
48179,4
48180,4
48181,4
48182,4
48183,4
48184,4
48185,4
48186,4
48187,4
48188,4
48189,4
48190,4
48191,4
48192,4
48193,4
48194,4
48195,4
48196,4
48197,4
48198,4
48199,4
48200,4
48201,4
48202,4
48203,4
48204,4
48205,4
48206,4
48207,4
48208,4
48209,4
48210,4
48211,4
48212,4
48213,4
48214,4
48215,4
48216,4
48217,4
48218,4
48219,4
48220,4
48221,4
48222,4
48223,4
48224,4
48225,4
48226,4
48227,4
48228,4
48229,4
48230,4
48231,4
48232,4
48233,4
48234,4
48235,4
48236,4
48237,4
48238,4
48239,4
48240,4
48241,4
48242,4
48243,4
48244,4
48245,4
48246,4
48247,4
48248,4
48249,4
48250,4
48251,4
48252,4
48253,4
48254,4
48255,4
48256,4
48257,4
48258,4
48259,4
48260,4
48261,4
48262,4
48263,4
48264,4
48265,4
48266,4
48267,4
48268,4
48269,4
48270,4
48271,4
48272,4
48273,4
48274,4
48275,4
48276,4
48277,4
48278,4
48279,4
48280,4
48281,4
48282,4
48283,4
48284,4
48285,4
48286,4
48287,4
48288,4
48289,4
48290,4
48291,4
48292,4
48293,4
48294,4
48295,4
48296,4
48297,4
48298,4
48299,4
48300,4
48301,4
48302,4
48303,4
48304,4
48305,4
48306,4
48307,4
48308,4
48309,4
48310,4
48311,4
48312,4
48313,4
48314,4
48315,4
48316,4
48317,4
48318,4
48319,4
48320,4
48321,4
48322,4
48323,4
48324,4
48325,4
48326,4
48327,4
48328,4
48329,4
48330,4
48331,4
48332,4
48333,4
48334,4
48335,4
48336,4
48337,4
48338,4
48339,4
48340,4
48341,4
48342,4
48343,4
48344,4
48345,4
48346,4
48347,4
48348,4
48349,4
48350,4
48351,4
48352,4
48353,4
48354,4
48355,4
48356,4
48357,4
48358,4
48359,4
48360,4
48361,4
48362,4
48363,4
48364,4
48365,4
48366,4
48367,4
48368,4
48369,4
48370,4
48371,4
48372,4
48373,4
48374,4
48375,4
48376,4
48377,4
48378,4
48379,4
48380,4
48381,4
48382,4
48383,4
48384,4
48385,4
48386,4
48387,4
48388,4
48389,4
48390,4
48391,4
48392,4
48393,4
48394,4
48395,4
48396,4
48397,4
48398,4
48399,4
48400,4
48401,4
48402,4
48403,4
48404,4
48405,4
48406,4
48407,4
48408,4
48409,4
48410,4
48411,4
48412,4
48413,4
48414,4
48415,4
48416,4
48417,4
48418,4
48419,4
48420,4
48421,4
48422,4
48423,4
48424,4
48425,4
48426,4
48427,4
48428,4
48429,4
48430,4
48431,4
48432,4
48433,4
48434,4
48435,4
48436,4
48437,4
48438,4
48439,4
48440,4
48441,4
48442,4
48443,4
48444,4
48445,4
48446,4
48447,4
48448,4
48449,4
48450,4
48451,4
48452,4
48453,4
48454,4
48455,4
48456,4
48457,4
48458,4
48459,4
48460,4
48461,4
48462,4
48463,4
48464,4
48465,4
48466,4
48467,4
48468,4
48469,4
48470,4
48471,4
48472,4
48473,4
48474,4
48475,4
48476,4
48477,4
48478,4
48479,4
48480,4
48481,4
48482,4
48483,4
48484,4
48485,4
48486,4
48487,4
48488,4
48489,4
48490,4
48491,4
48492,4
48493,4
48494,4
48495,4
48496,4
48497,4
48498,4
48499,4
48500,4
48501,4
48502,4
48503,4
48504,4
48505,4
48506,4
48507,4
48508,4
48509,4
48510,4
48511,4
48512,4
48513,4
48514,4
48515,4
48516,4
48517,4
48518,4
48519,4
48520,4
48521,4
48522,4
48523,4
48524,4
48525,4
48526,4
48527,4
48528,4
48529,4
48530,4
48531,4
48532,4
48533,4
48534,4
48535,4
48536,4
48537,4
48538,4
48539,4
48540,4
48541,4
48542,4
48543,4
48544,4
48545,4
48546,4
48547,4
48548,4
48549,4
48550,4
48551,4
48552,4
48553,4
48554,4
48555,4
48556,4
48557,4
48558,4
48559,4
48560,4
48561,4
48562,4
48563,4
48564,4
48565,4
48566,4
48567,4
48568,4
48569,4
48570,4
48571,4
48572,4
48573,4
48574,4
48575,4
48576,4
48577,4
48578,4
48579,4
48580,4
48581,4
48582,4
48583,4
48584,4
48585,4
48586,4
48587,4
48588,4
48589,4
48590,4
48591,4
48592,4
48593,4
48594,4
48595,4
48596,4
48597,4
48598,4
48599,4
48600,4
48601,4
48602,4
48603,4
48604,4
48605,4
48606,4
48607,4
48608,4
48609,4
48610,4
48611,4
48612,4
48613,4
48614,4
48615,4
48616,4
48617,4
48618,4
48619,4
48620,4
48621,4
48622,4
48623,4
48624,4
48625,4
48626,4
48627,4
48628,4
48629,4
48630,4
48631,4
48632,4
48633,4
48634,4
48635,4
48636,4
48637,4
48638,4
48639,4
48640,4
48641,4
48642,4
48643,4
48644,4
48645,4
48646,4
48647,4
48648,4
48649,4
48650,4
48651,4
48652,4
48653,4
48654,4
48655,4
48656,4
48657,4
48658,4
48659,4
48660,4
48661,4
48662,4
48663,4
48664,4
48665,4
48666,4
48667,4
48668,4
48669,4
48670,4
48671,4
48672,4
48673,4
48674,4
48675,4
48676,4
48677,4
48678,4
48679,4
48680,4
48681,4
48682,4
48683,4
48684,4
48685,4
48686,4
48687,4
48688,4
48689,4
48690,4
48691,4
48692,4
48693,4
48694,4
48695,4
48696,4
48697,4
48698,4
48699,4
48700,4
48701,4
48702,4
48703,4
48704,4
48705,4
48706,4
48707,4
48708,4
48709,4
48710,4
48711,4
48712,4
48713,4
48714,4
48715,4
48716,4
48717,4
48718,4
48719,4
48720,4
48721,4
48722,4
48723,4
48724,4
48725,4
48726,4
48727,4
48728,4
48729,4
48730,4
48731,4
48732,4
48733,4
48734,4
48735,4
48736,4
48737,4
48738,4
48739,4
48740,4
48741,4
48742,4
48743,4
48744,4
48745,4
48746,4
48747,4
48748,4
48749,4
48750,4
48751,4
48752,4
48753,4
48754,4
48755,4
48756,4
48757,4
48758,4
48759,4
48760,4
48761,4
48762,4
48763,4
48764,4
48765,4
48766,4
48767,4
48768,4
48769,4
48770,4
48771,4
48772,4
48773,4
48774,4
48775,4
48776,4
48777,4
48778,4
48779,4
48780,4
48781,4
48782,4
48783,4
48784,4
48785,4
48786,4
48787,4
48788,4
48789,4
48790,4
48791,4
48792,4
48793,4
48794,4
48795,4
48796,4
48797,4
48798,4
48799,4
48800,4
48801,4
48802,4
48803,4
48804,4
48805,4
48806,4
48807,4
48808,4
48809,4
48810,4
48811,4
48812,4
48813,4
48814,4
48815,4
48816,4
48817,4
48818,4
48819,4
48820,4
48821,4
48822,4
48823,4
48824,4
48825,4
48826,4
48827,4
48828,4
48829,4
48830,4
48831,4
48832,4
48833,4
48834,4
48835,4
48836,4
48837,4
48838,4
48839,4
48840,4
48841,4
48842,4
48843,4
48844,4
48845,4
48846,4
48847,4
48848,4
48849,4
48850,4
48851,4
48852,4
48853,4
48854,4
48855,4
48856,4
48857,4
48858,4
48859,4
48860,4
48861,4
48862,4
48863,4
48864,4
48865,4
48866,4
48867,4
48868,4
48869,4
48870,4
48871,4
48872,4
48873,4
48874,4
48875,4
48876,4
48877,4
48878,4
48879,4
48880,4
48881,4
48882,4
48883,4
48884,4
48885,4
48886,4
48887,4
48888,4
48889,4
48890,4
48891,4
48892,4
48893,4
48894,4
48895,4
48896,4
48897,4
48898,4
48899,4
48900,4
48901,4
48902,4
48903,4
48904,4
48905,4
48906,4
48907,4
48908,4
48909,4
48910,4
48911,4
48912,4
48913,4
48914,4
48915,4
48916,4
48917,4
48918,4
48919,4
48920,4
48921,4
48922,4
48923,4
48924,4
48925,4
48926,4
48927,4
48928,4
48929,4
48930,4
48931,4
48932,4
48933,4
48934,4
48935,4
48936,4
48937,4
48938,4
48939,4
48940,4
48941,4
48942,4
48943,4
48944,4
48945,4
48946,4
48947,4
48948,4
48949,4
48950,4
48951,4
48952,4
48953,4
48954,4
48955,4
48956,4
48957,4
48958,4
48959,4
48960,4
48961,4
48962,4
48963,4
48964,4
48965,4
48966,4
48967,4
48968,4
48969,4
48970,4
48971,4
48972,4
48973,4
48974,4
48975,4
48976,4
48977,4
48978,4
48979,4
48980,4
48981,4
48982,4
48983,4
48984,4
48985,4
48986,4
48987,4
48988,4
48989,4
48990,4
48991,4
48992,4
48993,4
48994,4
48995,4
48996,4
48997,4
48998,4
48999,4
49000,4
49001,4
49002,4
49003,4
49004,4
49005,4
49006,4
49007,4
49008,4
49009,4
49010,4
49011,4
49012,4
49013,4
49014,4
49015,4
49016,4
49017,4
49018,4
49019,4
49020,4
49021,4
49022,4
49023,4
49024,4
49025,4
49026,4
49027,4
49028,4
49029,4
49030,4
49031,4
49032,4
49033,4
49034,4
49035,4
49036,4
49037,4
49038,4
49039,4
49040,4
49041,4
49042,4
49043,4
49044,4
49045,4
49046,4
49047,4
49048,4
49049,4
49050,4
49051,4
49052,4
49053,4
49054,4
49055,4
49056,4
49057,4
49058,4
49059,4
49060,4
49061,4
49062,4
49063,4
49064,4
49065,4
49066,4
49067,4
49068,4
49069,4
49070,4
49071,4
49072,4
49073,4
49074,4
49075,4
49076,4
49077,4
49078,4
49079,4
49080,4
49081,4
49082,4
49083,4
49084,4
49085,4
49086,4
49087,4
49088,4
49089,4
49090,4
49091,4
49092,4
49093,4
49094,4
49095,4
49096,4
49097,4
49098,4
49099,4
49100,4
49101,4
49102,4
49103,4
49104,4
49105,4
49106,4
49107,4
49108,4
49109,4
49110,4
49111,4
49112,4
49113,4
49114,4
49115,4
49116,4
49117,4
49118,4
49119,4
49120,4
49121,4
49122,4
49123,4
49124,4
49125,4
49126,4
49127,4
49128,4
49129,4
49130,4
49131,4
49132,4
49133,4
49134,4
49135,4
49136,4
49137,4
49138,4
49139,4
49140,4
49141,4
49142,4
49143,4
49144,4
49145,4
49146,4
49147,4
49148,4
49149,4
49150,4
49151,4
49152,4
49153,4
49154,4
49155,4
49156,4
49157,4
49158,4
49159,4
49160,4
49161,4
49162,4
49163,4
49164,4
49165,4
49166,4
49167,4
49168,4
49169,4
49170,4
49171,4
49172,4
49173,4
49174,4
49175,4
49176,4
49177,4
49178,4
49179,4
49180,4
49181,4
49182,4
49183,4
49184,4
49185,4
49186,4
49187,4
49188,4
49189,4
49190,4
49191,4
49192,4
49193,4
49194,4
49195,4
49196,4
49197,4
49198,4
49199,4
49200,4
49201,4
49202,4
49203,4
49204,4
49205,4
49206,4
49207,4
49208,4
49209,4
49210,4
49211,4
49212,4
49213,4
49214,4
49215,4
49216,4
49217,4
49218,4
49219,4
49220,4
49221,4
49222,4
49223,4
49224,4
49225,4
49226,4
49227,4
49228,4
49229,4
49230,4
49231,4
49232,4
49233,4
49234,4
49235,4
49236,4
49237,4
49238,4
49239,4
49240,4
49241,4
49242,4
49243,4
49244,4
49245,4
49246,4
49247,4
49248,4
49249,4
49250,4
49251,4
49252,4
49253,4
49254,4
49255,4
49256,4
49257,4
49258,4
49259,4
49260,4
49261,4
49262,4
49263,4
49264,4
49265,4
49266,4
49267,4
49268,4
49269,4
49270,4
49271,4
49272,4
49273,4
49274,4
49275,4
49276,4
49277,4
49278,4
49279,4
49280,4
49281,4
49282,4
49283,4
49284,4
49285,4
49286,4
49287,4
49288,4
49289,4
49290,4
49291,4
49292,4
49293,4
49294,4
49295,4
49296,4
49297,4
49298,4
49299,4
49300,4
49301,4
49302,4
49303,4
49304,4
49305,4
49306,4
49307,4
49308,4
49309,4
49310,4
49311,4
49312,4
49313,4
49314,4
49315,4
49316,4
49317,4
49318,4
49319,4
49320,4
49321,4
49322,4
49323,4
49324,4
49325,4
49326,4
49327,4
49328,4
49329,4
49330,4
49331,4
49332,4
49333,4
49334,4
49335,4
49336,4
49337,4
49338,4
49339,4
49340,4
49341,4
49342,4
49343,4
49344,4
49345,4
49346,4
49347,4
49348,4
49349,4
49350,4
49351,4
49352,4
49353,4
49354,4
49355,4
49356,4
49357,4
49358,4
49359,4
49360,4
49361,4
49362,4
49363,4
49364,4
49365,4
49366,4
49367,4
49368,4
49369,4
49370,4
49371,4
49372,4
49373,4
49374,4
49375,4
49376,4
49377,4
49378,4
49379,4
49380,4
49381,4
49382,4
49383,4
49384,4
49385,4
49386,4
49387,4
49388,4
49389,4
49390,4
49391,4
49392,4
49393,4
49394,4
49395,4
49396,4
49397,4
49398,4
49399,4
49400,4
49401,4
49402,4
49403,4
49404,4
49405,4
49406,4
49407,4
49408,4
49409,4
49410,4
49411,4
49412,4
49413,4
49414,4
49415,4
49416,4
49417,4
49418,4
49419,4
49420,4
49421,4
49422,4
49423,4
49424,4
49425,4
49426,4
49427,4
49428,4
49429,4
49430,4
49431,4
49432,4
49433,4
49434,4
49435,4
49436,4
49437,4
49438,4
49439,4
49440,4
49441,4
49442,4
49443,4
49444,4
49445,4
49446,4
49447,4
49448,4
49449,4
49450,4
49451,4
49452,4
49453,4
49454,4
49455,4
49456,4
49457,4
49458,4
49459,4
49460,4
49461,4
49462,4
49463,4
49464,4
49465,4
49466,4
49467,4
49468,4
49469,4
49470,4
49471,4
49472,4
49473,4
49474,4
49475,4
49476,4
49477,4
49478,4
49479,4
49480,4
49481,4
49482,4
49483,4
49484,4
49485,4
49486,4
49487,4
49488,4
49489,4
49490,4
49491,4
49492,4
49493,4
49494,4
49495,4
49496,4
49497,4
49498,4
49499,4
49500,4
49501,4
49502,4
49503,4
49504,4
49505,4
49506,4
49507,4
49508,4
49509,4
49510,4
49511,4
49512,4
49513,4
49514,4
49515,4
49516,4
49517,4
49518,4
49519,4
49520,4
49521,4
49522,4
49523,4
49524,4
49525,4
49526,4
49527,4
49528,4
49529,4
49530,4
49531,4
49532,4
49533,4
49534,4
49535,4
49536,4
49537,4
49538,4
49539,4
49540,4
49541,4
49542,4
49543,4
49544,4
49545,4
49546,4
49547,4
49548,4
49549,4
49550,4
49551,4
49552,4
49553,4
49554,4
49555,4
49556,4
49557,4
49558,4
49559,4
49560,4
49561,4
49562,4
49563,4
49564,4
49565,4
49566,4
49567,4
49568,4
49569,4
49570,4
49571,4
49572,4
49573,4
49574,4
49575,4
49576,4
49577,4
49578,4
49579,4
49580,4
49581,4
49582,4
49583,4
49584,4
49585,4
49586,4
49587,4
49588,4
49589,4
49590,4
49591,4
49592,4
49593,4
49594,4
49595,4
49596,4
49597,4
49598,4
49599,4
49600,4
49601,4
49602,4
49603,4
49604,4
49605,4
49606,4
49607,4
49608,4
49609,4
49610,4
49611,4
49612,4
49613,4
49614,4
49615,4
49616,4
49617,4
49618,4
49619,4
49620,4
49621,4
49622,4
49623,4
49624,4
49625,4
49626,4
49627,4
49628,4
49629,4
49630,4
49631,4
49632,4
49633,4
49634,4
49635,4
49636,4
49637,4
49638,4
49639,4
49640,4
49641,4
49642,4
49643,4
49644,4
49645,4
49646,4
49647,4
49648,4
49649,4
49650,4
49651,4
49652,4
49653,4
49654,4
49655,4
49656,4
49657,4
49658,4
49659,4
49660,4
49661,4
49662,4
49663,4
49664,4
49665,4
49666,4
49667,4
49668,4
49669,4
49670,4
49671,4
49672,4
49673,4
49674,4
49675,4
49676,4
49677,4
49678,4
49679,4
49680,4
49681,4
49682,4
49683,4
49684,4
49685,4
49686,4
49687,4
49688,4
49689,4
49690,4
49691,4
49692,4
49693,4
49694,4
49695,4
49696,4
49697,4
49698,4
49699,4
49700,4
49701,4
49702,4
49703,4
49704,4
49705,4
49706,4
49707,4
49708,4
49709,4
49710,4
49711,4
49712,4
49713,4
49714,4
49715,4
49716,4
49717,4
49718,4
49719,4
49720,4
49721,4
49722,4
49723,4
49724,4
49725,4
49726,4
49727,4
49728,4
49729,4
49730,4
49731,4
49732,4
49733,4
49734,4
49735,4
49736,4
49737,4
49738,4
49739,4
49740,4
49741,4
49742,4
49743,4
49744,4
49745,4
49746,4
49747,4
49748,4
49749,4
49750,4
49751,4
49752,4
49753,4
49754,4
49755,4
49756,4
49757,4
49758,4
49759,4
49760,4
49761,4
49762,4
49763,4
49764,4
49765,4
49766,4
49767,4
49768,4
49769,4
49770,4
49771,4
49772,4
49773,4
49774,4
49775,4
49776,4
49777,4
49778,4
49779,4
49780,4
49781,4
49782,4
49783,4
49784,4
49785,4
49786,4
49787,4
49788,4
49789,4
49790,4
49791,4
49792,4
49793,4
49794,4
49795,4
49796,4
49797,4
49798,4
49799,4
49800,4
49801,4
49802,4
49803,4
49804,4
49805,4
49806,4
49807,4
49808,4
49809,4
49810,4
49811,4
49812,4
49813,4
49814,4
49815,4
49816,4
49817,4
49818,4
49819,4
49820,4
49821,4
49822,4
49823,4
49824,4
49825,4
49826,4
49827,4
49828,4
49829,4
49830,4
49831,4
49832,4
49833,4
49834,4
49835,4
49836,4
49837,4
49838,4
49839,4
49840,4
49841,4
49842,4
49843,4
49844,4
49845,4
49846,4
49847,4
49848,4
49849,4
49850,4
49851,4
49852,4
49853,4
49854,4
49855,4
49856,4
49857,4
49858,4
49859,4
49860,4
49861,4
49862,4
49863,4
49864,4
49865,4
49866,4
49867,4
49868,4
49869,4
49870,4
49871,4
49872,4
49873,4
49874,4
49875,4
49876,4
49877,4
49878,4
49879,4
49880,4
49881,4
49882,4
49883,4
49884,4
49885,4
49886,4
49887,4
49888,4
49889,4
49890,4
49891,4
49892,4
49893,4
49894,4
49895,4
49896,4
49897,4
49898,4
49899,4
49900,4
49901,4
49902,4
49903,4
49904,4
49905,4
49906,4
49907,4
49908,4
49909,4
49910,4
49911,4
49912,4
49913,4
49914,4
49915,4
49916,4
49917,4
49918,4
49919,4
49920,4
49921,4
49922,4
49923,4
49924,4
49925,4
49926,4
49927,4
49928,4
49929,4
49930,4
49931,4
49932,4
49933,4
49934,4
49935,4
49936,4
49937,4
49938,4
49939,4
49940,4
49941,4
49942,4
49943,4
49944,4
49945,4
49946,4
49947,4
49948,4
49949,4
49950,4
49951,4
49952,4
49953,4
49954,4
49955,4
49956,4
49957,4
49958,4
49959,4
49960,4
49961,4
49962,4
49963,4
49964,4
49965,4
49966,4
49967,4
49968,4
49969,4
49970,4
49971,4
49972,4
49973,4
49974,4
49975,4
49976,4
49977,4
49978,4
49979,4
49980,4
49981,4
49982,4
49983,4
49984,4
49985,4
49986,4
49987,4
49988,4
49989,4
49990,4
49991,4
49992,4
49993,4
49994,4
49995,4
49996,4
49997,4
49998,4
49999,4
50000,4
50001,4
50002,4
50003,4
50004,4
50005,4
50006,4
50007,4
50008,4
50009,4
50010,4
50011,4
50012,4
50013,4
50014,4
50015,4
50016,4
50017,4
50018,4
50019,4
50020,4
50021,4
50022,4
50023,4
50024,4
50025,4
50026,4
50027,4
50028,4
50029,4
50030,4
50031,4
50032,4
50033,4
50034,4
50035,4
50036,4
50037,4
50038,4
50039,4
50040,4
50041,4
50042,4
50043,4
50044,4
50045,4
50046,4
50047,4
50048,4
50049,4
50050,4
50051,4
50052,4
50053,4
50054,4
50055,4
50056,4
50057,4
50058,4
50059,4
50060,4
50061,4
50062,4
50063,4
50064,4
50065,4
50066,4
50067,4
50068,4
50069,4
50070,4
50071,4
50072,4
50073,4
50074,4
50075,4
50076,4
50077,4
50078,4
50079,4
50080,4
50081,4
50082,4
50083,4
50084,4
50085,4
50086,4
50087,4
50088,4
50089,4
50090,4
50091,4
50092,4
50093,4
50094,4
50095,4
50096,4
50097,4
50098,4
50099,4
50100,4
50101,4
50102,4
50103,4
50104,4
50105,4
50106,4
50107,4
50108,4
50109,4
50110,4
50111,4
50112,4
50113,4
50114,4
50115,4
50116,4
50117,4
50118,4
50119,4
50120,4
50121,4
50122,4
50123,4
50124,4
50125,4
50126,4
50127,4
50128,4
50129,4
50130,4
50131,4
50132,4
50133,4
50134,4
50135,4
50136,4
50137,4
50138,4
50139,4
50140,4
50141,4
50142,4
50143,4
50144,4
50145,4
50146,4
50147,4
50148,4
50149,4
50150,4
50151,4
50152,4
50153,4
50154,4
50155,4
50156,4
50157,4
50158,4
50159,4
50160,4
50161,4
50162,4
50163,4
50164,4
50165,4
50166,4
50167,4
50168,4
50169,4
50170,4
50171,4
50172,4
50173,4
50174,4
50175,4
50176,4
50177,4
50178,4
50179,4
50180,4
50181,4
50182,4
50183,4
50184,4
50185,4
50186,4
50187,4
50188,4
50189,4
50190,4
50191,4
50192,4
50193,4
50194,4
50195,4
50196,4
50197,4
50198,4
50199,4
50200,4
50201,4
50202,4
50203,4
50204,4
50205,4
50206,4
50207,4
50208,4
50209,4
50210,4
50211,4
50212,4
50213,4
50214,4
50215,4
50216,4
50217,4
50218,4
50219,4
50220,4
50221,4
50222,4
50223,4
50224,4
50225,4
50226,4
50227,4
50228,4
50229,4
50230,4
50231,4
50232,4
50233,4
50234,4
50235,4
50236,4
50237,4
50238,4
50239,4
50240,4
50241,4
50242,4
50243,4
50244,4
50245,4
50246,4
50247,4
50248,4
50249,4
50250,4
50251,4
50252,4
50253,4
50254,4
50255,4
50256,4
50257,4
50258,4
50259,4
50260,4
50261,4
50262,4
50263,4
50264,4
50265,4
50266,4
50267,4
50268,4
50269,4
50270,4
50271,4
50272,4
50273,4
50274,4
50275,4
50276,4
50277,4
50278,4
50279,4
50280,4
50281,4
50282,4
50283,4
50284,4
50285,4
50286,4
50287,4
50288,4
50289,4
50290,4
50291,4
50292,4
50293,4
50294,4
50295,4
50296,4
50297,4
50298,4
50299,4
50300,4
50301,4
50302,4
50303,4
50304,4
50305,4
50306,4
50307,4
50308,4
50309,4
50310,4
50311,4
50312,4
50313,4
50314,4
50315,4
50316,4
50317,4
50318,4
50319,4
50320,4
50321,4
50322,4
50323,4
50324,4
50325,4
50326,4
50327,4
50328,4
50329,4
50330,4
50331,4
50332,4
50333,4
50334,4
50335,4
50336,4
50337,4
50338,4
50339,4
50340,4
50341,4
50342,4
50343,4
50344,4
50345,4
50346,4
50347,4
50348,4
50349,4
50350,4
50351,4
50352,4
50353,4
50354,4
50355,4
50356,4
50357,4
50358,4
50359,4
50360,4
50361,4
50362,4
50363,4
50364,4
50365,4
50366,4
50367,4
50368,4
50369,4
50370,4
50371,4
50372,4
50373,4
50374,4
50375,4
50376,4
50377,4
50378,4
50379,4
50380,4
50381,4
50382,4
50383,4
50384,4
50385,4
50386,4
50387,4
50388,4
50389,4
50390,4
50391,4
50392,4
50393,4
50394,4
50395,4
50396,4
50397,4
50398,4
50399,4
50400,4
50401,4
50402,4
50403,4
50404,4
50405,4
50406,4
50407,4
50408,4
50409,4
50410,4
50411,4
50412,4
50413,4
50414,4
50415,4
50416,4
50417,4
50418,4
50419,4
50420,4
50421,4
50422,4
50423,4
50424,4
50425,4
50426,4
50427,4
50428,4
50429,4
50430,4
50431,4
50432,4
50433,4
50434,4
50435,4
50436,4
50437,4
50438,4
50439,4
50440,4
50441,4
50442,4
50443,4
50444,4
50445,4
50446,4
50447,4
50448,4
50449,4
50450,4
50451,4
50452,4
50453,4
50454,4
50455,4
50456,4
50457,4
50458,4
50459,4
50460,4
50461,4
50462,4
50463,4
50464,4
50465,4
50466,4
50467,4
50468,4
50469,4
50470,4
50471,4
50472,4
50473,4
50474,4
50475,4
50476,4
50477,4
50478,4
50479,4
50480,4
50481,4
50482,4
50483,4
50484,4
50485,4
50486,4
50487,4
50488,4
50489,4
50490,4
50491,4
50492,4
50493,4
50494,4
50495,4
50496,4
50497,4
50498,4
50499,4
50500,4
50501,4
50502,4
50503,4
50504,4
50505,4
50506,4
50507,4
50508,4
50509,4
50510,4
50511,4
50512,4
50513,4
50514,4
50515,4
50516,4
50517,4
50518,4
50519,4
50520,4
50521,4
50522,4
50523,4
50524,4
50525,4
50526,4
50527,4
50528,4
50529,4
50530,4
50531,4
50532,4
50533,4
50534,4
50535,4
50536,4
50537,4
50538,4
50539,4
50540,4
50541,4
50542,4
50543,4
50544,4
50545,4
50546,4
50547,4
50548,4
50549,4
50550,4
50551,4
50552,4
50553,4
50554,4
50555,4
50556,4
50557,4
50558,4
50559,4
50560,4
50561,4
50562,4
50563,4
50564,4
50565,4
50566,4
50567,4
50568,4
50569,4
50570,4
50571,4
50572,4
50573,4
50574,4
50575,4
50576,4
50577,4
50578,4
50579,4
50580,4
50581,4
50582,4
50583,4
50584,4
50585,4
50586,4
50587,4
50588,4
50589,4
50590,4
50591,4
50592,4
50593,4
50594,4
50595,4
50596,4
50597,4
50598,4
50599,4
50600,4
50601,4
50602,4
50603,4
50604,4
50605,4
50606,4
50607,4
50608,4
50609,4
50610,4
50611,4
50612,4
50613,4
50614,4
50615,4
50616,4
50617,4
50618,4
50619,4
50620,4
50621,4
50622,4
50623,4
50624,4
50625,4
50626,4
50627,4
50628,4
50629,4
50630,4
50631,4
50632,4
50633,4
50634,4
50635,4
50636,4
50637,4
50638,4
50639,4
50640,4
50641,4
50642,4
50643,4
50644,4
50645,4
50646,4
50647,4
50648,4
50649,4
50650,4
50651,4
50652,4
50653,4
50654,4
50655,4
50656,4
50657,4
50658,4
50659,4
50660,4
50661,4
50662,4
50663,4
50664,4
50665,4
50666,4
50667,4
50668,4
50669,4
50670,4
50671,4
50672,4
50673,4
50674,4
50675,4
50676,4
50677,4
50678,4
50679,4
50680,4
50681,4
50682,4
50683,4
50684,4
50685,4
50686,4
50687,4
50688,4
50689,4
50690,4
50691,4
50692,4
50693,4
50694,4
50695,4
50696,4
50697,4
50698,4
50699,4
50700,4
50701,4
50702,4
50703,4
50704,4
50705,4
50706,4
50707,4
50708,4
50709,4
50710,4
50711,4
50712,4
50713,4
50714,4
50715,4
50716,4
50717,4
50718,4
50719,4
50720,4
50721,4
50722,4
50723,4
50724,4
50725,4
50726,4
50727,4
50728,4
50729,4
50730,4
50731,4
50732,4
50733,4
50734,4
50735,4
50736,4
50737,4
50738,4
50739,4
50740,4
50741,4
50742,4
50743,4
50744,4
50745,4
50746,4
50747,4
50748,4
50749,4
50750,4
50751,4
50752,4
50753,4
50754,4
50755,4
50756,4
50757,4
50758,4
50759,4
50760,4
50761,4
50762,4
50763,4
50764,4
50765,4
50766,4
50767,4
50768,4
50769,4
50770,4
50771,4
50772,4
50773,4
50774,4
50775,4
50776,4
50777,4
50778,4
50779,4
50780,4
50781,4
50782,4
50783,4
50784,4
50785,4
50786,4
50787,4
50788,4
50789,4
50790,4
50791,4
50792,4
50793,4
50794,4
50795,4
50796,4
50797,4
50798,4
50799,4
50800,4
50801,4
50802,4
50803,4
50804,4
50805,4
50806,4
50807,4
50808,4
50809,4
50810,4
50811,4
50812,4
50813,4
50814,4
50815,4
50816,4
50817,4
50818,4
50819,4
50820,4
50821,4
50822,4
50823,4
50824,4
50825,4
50826,4
50827,4
50828,4
50829,4
50830,4
50831,4
50832,4
50833,4
50834,4
50835,4
50836,4
50837,4
50838,4
50839,4
50840,4
50841,4
50842,4
50843,4
50844,4
50845,4
50846,4
50847,4
50848,4
50849,4
50850,4
50851,4
50852,4
50853,4
50854,4
50855,4
50856,4
50857,4
50858,4
50859,4
50860,4
50861,4
50862,4
50863,4
50864,4
50865,4
50866,4
50867,4
50868,4
50869,4
50870,4
50871,4
50872,4
50873,4
50874,4
50875,4
50876,4
50877,4
50878,4
50879,4
50880,4
50881,4
50882,4
50883,4
50884,4
50885,4
50886,4
50887,4
50888,4
50889,4
50890,4
50891,4
50892,4
50893,4
50894,4
50895,4
50896,4
50897,4
50898,4
50899,4
50900,4
50901,4
50902,4
50903,4
50904,4
50905,4
50906,4
50907,4
50908,4
50909,4
50910,4
50911,4
50912,4
50913,4
50914,4
50915,4
50916,4
50917,4
50918,4
50919,4
50920,4
50921,4
50922,4
50923,4
50924,4
50925,4
50926,4
50927,4
50928,4
50929,4
50930,4
50931,4
50932,4
50933,4
50934,4
50935,4
50936,4
50937,4
50938,4
50939,4
50940,4
50941,4
50942,4
50943,4
50944,4
50945,4
50946,4
50947,4
50948,4
50949,4
50950,4
50951,4
50952,4
50953,4
50954,4
50955,4
50956,4
50957,4
50958,4
50959,4
50960,4
50961,4
50962,4
50963,4
50964,4
50965,4
50966,4
50967,4
50968,4
50969,4
50970,4
50971,4
50972,4
50973,4
50974,4
50975,4
50976,4
50977,4
50978,4
50979,4
50980,4
50981,4
50982,4
50983,4
50984,4
50985,4
50986,4
50987,4
50988,4
50989,4
50990,4
50991,4
50992,4
50993,4
50994,4
50995,4
50996,4
50997,4
50998,4
50999,4
51000,4
51001,4
51002,4
51003,4
51004,4
51005,4
51006,4
51007,4
51008,4
51009,4
51010,4
51011,4
51012,4
51013,4
51014,4
51015,4
51016,4
51017,4
51018,4
51019,4
51020,4
51021,4
51022,4
51023,4
51024,4
51025,4
51026,4
51027,4
51028,4
51029,4
51030,4
51031,4
51032,4
51033,4
51034,4
51035,4
51036,4
51037,4
51038,4
51039,4
51040,4
51041,4
51042,4
51043,4
51044,4
51045,4
51046,4
51047,4
51048,4
51049,4
51050,4
51051,4
51052,4
51053,4
51054,4
51055,4
51056,4
51057,4
51058,4
51059,4
51060,4
51061,4
51062,4
51063,4
51064,4
51065,4
51066,4
51067,4
51068,4
51069,4
51070,4
51071,4
51072,4
51073,4
51074,4
51075,4
51076,4
51077,4
51078,4
51079,4
51080,4
51081,4
51082,4
51083,4
51084,4
51085,4
51086,4
51087,4
51088,4
51089,4
51090,4
51091,4
51092,4
51093,4
51094,4
51095,4
51096,4
51097,4
51098,4
51099,4
51100,4
51101,4
51102,4
51103,4
51104,4
51105,4
51106,4
51107,4
51108,4
51109,4
51110,4
51111,4
51112,4
51113,4
51114,4
51115,4
51116,4
51117,4
51118,4
51119,4
51120,4
51121,4
51122,4
51123,4
51124,4
51125,4
51126,4
51127,4
51128,4
51129,4
51130,4
51131,4
51132,4
51133,4
51134,4
51135,4
51136,4
51137,4
51138,4
51139,4
51140,4
51141,4
51142,4
51143,4
51144,4
51145,4
51146,4
51147,4
51148,4
51149,4
51150,4
51151,4
51152,4
51153,4
51154,4
51155,4
51156,4
51157,4
51158,4
51159,4
51160,4
51161,4
51162,4
51163,4
51164,4
51165,4
51166,4
51167,4
51168,4
51169,4
51170,4
51171,4
51172,4
51173,4
51174,4
51175,4
51176,4
51177,4
51178,4
51179,4
51180,4
51181,4
51182,4
51183,4
51184,4
51185,4
51186,4
51187,4
51188,4
51189,4
51190,4
51191,4
51192,4
51193,4
51194,4
51195,4
51196,4
51197,4
51198,4
51199,4
51200,4
51201,4
51202,4
51203,4
51204,4
51205,4
51206,4
51207,4
51208,4
51209,4
51210,4
51211,4
51212,4
51213,4
51214,4
51215,4
51216,4
51217,4
51218,4
51219,4
51220,4
51221,4
51222,4
51223,4
51224,4
51225,4
51226,4
51227,4
51228,4
51229,4
51230,4
51231,4
51232,4
51233,4
51234,4
51235,4
51236,4
51237,4
51238,4
51239,4
51240,4
51241,4
51242,4
51243,4
51244,4
51245,4
51246,4
51247,4
51248,4
51249,4
51250,4
51251,4
51252,4
51253,4
51254,4
51255,4
51256,4
51257,4
51258,4
51259,4
51260,4
51261,4
51262,4
51263,4
51264,4
51265,4
51266,4
51267,4
51268,4
51269,4
51270,4
51271,4
51272,4
51273,4
51274,4
51275,4
51276,4
51277,4
51278,4
51279,4
51280,4
51281,4
51282,4
51283,4
51284,4
51285,4
51286,4
51287,4
51288,4
51289,4
51290,4
51291,4
51292,4
51293,4
51294,4
51295,4
51296,4
51297,4
51298,4
51299,4
51300,4
51301,4
51302,4
51303,4
51304,4
51305,4
51306,4
51307,4
51308,4
51309,4
51310,4
51311,4
51312,4
51313,4
51314,4
51315,4
51316,4
51317,4
51318,4
51319,4
51320,4
51321,4
51322,4
51323,4
51324,4
51325,4
51326,4
51327,4
51328,4
51329,4
51330,4
51331,4
51332,4
51333,4
51334,4
51335,4
51336,4
51337,4
51338,4
51339,4
51340,4
51341,4
51342,4
51343,4
51344,4
51345,4
51346,4
51347,4
51348,4
51349,4
51350,4
51351,4
51352,4
51353,4
51354,4
51355,4
51356,4
51357,4
51358,4
51359,4
51360,4
51361,4
51362,4
51363,4
51364,4
51365,4
51366,4
51367,4
51368,4
51369,4
51370,4
51371,4
51372,4
51373,4
51374,4
51375,4
51376,4
51377,4
51378,4
51379,4
51380,4
51381,4
51382,4
51383,4
51384,4
51385,4
51386,4
51387,4
51388,4
51389,4
51390,4
51391,4
51392,4
51393,4
51394,4
51395,4
51396,4
51397,4
51398,4
51399,4
51400,4
51401,4
51402,4
51403,4
51404,4
51405,4
51406,4
51407,4
51408,4
51409,4
51410,4
51411,4
51412,4
51413,4
51414,4
51415,4
51416,4
51417,4
51418,4
51419,4
51420,4
51421,4
51422,4
51423,4
51424,4
51425,4
51426,4
51427,4
51428,4
51429,4
51430,4
51431,4
51432,4
51433,4
51434,4
51435,4
51436,4
51437,4
51438,4
51439,4
51440,4
51441,4
51442,4
51443,4
51444,4
51445,4
51446,4
51447,4
51448,4
51449,4
51450,4
51451,4
51452,4
51453,4
51454,4
51455,4
51456,4
51457,4
51458,4
51459,4
51460,4
51461,4
51462,4
51463,4
51464,4
51465,4
51466,4
51467,4
51468,4
51469,4
51470,4
51471,4
51472,4
51473,4
51474,4
51475,4
51476,4
51477,4
51478,4
51479,4
51480,4
51481,4
51482,4
51483,4
51484,4
51485,4
51486,4
51487,4
51488,4
51489,4
51490,4
51491,4
51492,4
51493,4
51494,4
51495,4
51496,4
51497,4
51498,4
51499,4
51500,4
51501,4
51502,4
51503,4
51504,4
51505,4
51506,4
51507,4
51508,4
51509,4
51510,4
51511,4
51512,4
51513,4
51514,4
51515,4
51516,4
51517,4
51518,4
51519,4
51520,4
51521,4
51522,4
51523,4
51524,4
51525,4
51526,4
51527,4
51528,4
51529,4
51530,4
51531,4
51532,4
51533,4
51534,4
51535,4
51536,4
51537,4
51538,4
51539,4
51540,4
51541,4
51542,4
51543,4
51544,4
51545,4
51546,4
51547,4
51548,4
51549,4
51550,4
51551,4
51552,4
51553,4
51554,4
51555,4
51556,4
51557,4
51558,4
51559,4
51560,4
51561,4
51562,4
51563,4
51564,4
51565,4
51566,4
51567,4
51568,4
51569,4
51570,4
51571,4
51572,4
51573,4
51574,4
51575,4
51576,4
51577,4
51578,4
51579,4
51580,4
51581,4
51582,4
51583,4
51584,4
51585,4
51586,4
51587,4
51588,4
51589,4
51590,4
51591,4
51592,4
51593,4
51594,4
51595,4
51596,4
51597,4
51598,4
51599,4
51600,4
51601,4
51602,4
51603,4
51604,4
51605,4
51606,4
51607,4
51608,4
51609,4
51610,4
51611,4
51612,4
51613,4
51614,4
51615,4
51616,4
51617,4
51618,4
51619,4
51620,4
51621,4
51622,4
51623,4
51624,4
51625,4
51626,4
51627,4
51628,4
51629,4
51630,4
51631,4
51632,4
51633,4
51634,4
51635,4
51636,4
51637,4
51638,4
51639,4
51640,4
51641,4
51642,4
51643,4
51644,4
51645,4
51646,4
51647,4
51648,4
51649,4
51650,4
51651,4
51652,4
51653,4
51654,4
51655,4
51656,4
51657,4
51658,4
51659,4
51660,4
51661,4
51662,4
51663,4
51664,4
51665,4
51666,4
51667,4
51668,4
51669,4
51670,4
51671,4
51672,4
51673,4
51674,4
51675,4
51676,4
51677,4
51678,4
51679,4
51680,4
51681,4
51682,4
51683,4
51684,4
51685,4
51686,4
51687,4
51688,4
51689,4
51690,4
51691,4
51692,4
51693,4
51694,4
51695,4
51696,4
51697,4
51698,4
51699,4
51700,4
51701,4
51702,4
51703,4
51704,4
51705,4
51706,4
51707,4
51708,4
51709,4
51710,4
51711,4
51712,4
51713,4
51714,4
51715,4
51716,4
51717,4
51718,4
51719,4
51720,4
51721,4
51722,4
51723,4
51724,4
51725,4
51726,4
51727,4
51728,4
51729,4
51730,4
51731,4
51732,4
51733,4
51734,4
51735,4
51736,4
51737,4
51738,4
51739,4
51740,4
51741,4
51742,4
51743,4
51744,4
51745,4
51746,4
51747,4
51748,4
51749,4
51750,4
51751,4
51752,4
51753,4
51754,4
51755,4
51756,4
51757,4
51758,4
51759,4
51760,4
51761,4
51762,4
51763,4
51764,4
51765,4
51766,4
51767,4
51768,4
51769,4
51770,4
51771,4
51772,4
51773,4
51774,4
51775,4
51776,4
51777,4
51778,4
51779,4
51780,4
51781,4
51782,4
51783,4
51784,4
51785,4
51786,4
51787,4
51788,4
51789,4
51790,4
51791,4
51792,4
51793,4
51794,4
51795,4
51796,4
51797,4
51798,4
51799,4
51800,4
51801,4
51802,4
51803,4
51804,4
51805,4
51806,4
51807,4
51808,4
51809,4
51810,4
51811,4
51812,4
51813,4
51814,4
51815,4
51816,4
51817,4
51818,4
51819,4
51820,4
51821,4
51822,4
51823,4
51824,4
51825,4
51826,4
51827,4
51828,4
51829,4
51830,4
51831,4
51832,4
51833,4
51834,4
51835,4
51836,4
51837,4
51838,4
51839,4
51840,4
51841,4
51842,4
51843,4
51844,4
51845,4
51846,4
51847,4
51848,4
51849,4
51850,4
51851,4
51852,4
51853,4
51854,4
51855,4
51856,4
51857,4
51858,4
51859,4
51860,4
51861,4
51862,4
51863,4
51864,4
51865,4
51866,4
51867,4
51868,4
51869,4
51870,4
51871,4
51872,4
51873,4
51874,4
51875,4
51876,4
51877,4
51878,4
51879,4
51880,4
51881,4
51882,4
51883,4
51884,4
51885,4
51886,4
51887,4
51888,4
51889,4
51890,4
51891,4
51892,4
51893,4
51894,4
51895,4
51896,4
51897,4
51898,4
51899,4
51900,4
51901,4
51902,4
51903,4
51904,4
51905,4
51906,4
51907,4
51908,4
51909,4
51910,4
51911,4
51912,4
51913,4
51914,4
51915,4
51916,4
51917,4
51918,4
51919,4
51920,4
51921,4
51922,4
51923,4
51924,4
51925,4
51926,4
51927,4
51928,4
51929,4
51930,4
51931,4
51932,4
51933,4
51934,4
51935,4
51936,4
51937,4
51938,4
51939,4
51940,4
51941,4
51942,4
51943,4
51944,4
51945,4
51946,4
51947,4
51948,4
51949,4
51950,4
51951,4
51952,4
51953,4
51954,4
51955,4
51956,4
51957,4
51958,4
51959,4
51960,4
51961,4
51962,4
51963,4
51964,4
51965,4
51966,4
51967,4
51968,4
51969,4
51970,4
51971,4
51972,4
51973,4
51974,4
51975,4
51976,4
51977,4
51978,4
51979,4
51980,4
51981,4
51982,4
51983,4
51984,4
51985,4
51986,4
51987,4
51988,4
51989,4
51990,4
51991,4
51992,4
51993,4
51994,4
51995,4
51996,4
51997,4
51998,4
51999,4
52000,4
52001,4
52002,4
52003,4
52004,4
52005,4
52006,4
52007,4
52008,4
52009,4
52010,4
52011,4
52012,4
52013,4
52014,4
52015,4
52016,4
52017,4
52018,4
52019,4
52020,4
52021,4
52022,4
52023,4
52024,4
52025,4
52026,4
52027,4
52028,4
52029,4
52030,4
52031,4
52032,4
52033,4
52034,4
52035,4
52036,4
52037,4
52038,4
52039,4
52040,4
52041,4
52042,4
52043,4
52044,4
52045,4
52046,4
52047,4
52048,4
52049,4
52050,4
52051,4
52052,4
52053,4
52054,4
52055,4
52056,4
52057,4
52058,4
52059,4
52060,4
52061,4
52062,4
52063,4
52064,4
52065,4
52066,4
52067,4
52068,4
52069,4
52070,4
52071,4
52072,4
52073,4
52074,4
52075,4
52076,4
52077,4
52078,4
52079,4
52080,4
52081,4
52082,4
52083,4
52084,4
52085,4
52086,4
52087,4
52088,4
52089,4
52090,4
52091,4
52092,4
52093,4
52094,4
52095,4
52096,4
52097,4
52098,4
52099,4
52100,4
52101,4
52102,4
52103,4
52104,4
52105,4
52106,4
52107,4
52108,4
52109,4
52110,4
52111,4
52112,4
52113,4
52114,4
52115,4
52116,4
52117,4
52118,4
52119,4
52120,4
52121,4
52122,4
52123,4
52124,4
52125,4
52126,4
52127,4
52128,4
52129,4
52130,4
52131,4
52132,4
52133,4
52134,4
52135,4
52136,4
52137,4
52138,4
52139,4
52140,4
52141,4
52142,4
52143,4
52144,4
52145,4
52146,4
52147,4
52148,4
52149,4
52150,4
52151,4
52152,4
52153,4
52154,4
52155,4
52156,4
52157,4
52158,4
52159,4
52160,4
52161,4
52162,4
52163,4
52164,4
52165,4
52166,4
52167,4
52168,4
52169,4
52170,4
52171,4
52172,4
52173,4
52174,4
52175,4
52176,4
52177,4
52178,4
52179,4
52180,4
52181,4
52182,4
52183,4
52184,4
52185,4
52186,4
52187,4
52188,4
52189,4
52190,4
52191,4
52192,4
52193,4
52194,4
52195,4
52196,4
52197,4
52198,4
52199,4
52200,4
52201,4
52202,4
52203,4
52204,4
52205,4
52206,4
52207,4
52208,4
52209,4
52210,4
52211,4
52212,4
52213,4
52214,4
52215,4
52216,4
52217,4
52218,4
52219,4
52220,4
52221,4
52222,4
52223,4
52224,4
52225,4
52226,4
52227,4
52228,4
52229,4
52230,4
52231,4
52232,4
52233,4
52234,4
52235,4
52236,4
52237,4
52238,4
52239,4
52240,4
52241,4
52242,4
52243,4
52244,4
52245,4
52246,4
52247,4
52248,4
52249,4
52250,4
52251,4
52252,4
52253,4
52254,4
52255,4
52256,4
52257,4
52258,4
52259,4
52260,4
52261,4
52262,4
52263,4
52264,4
52265,4
52266,4
52267,4
52268,4
52269,4
52270,4
52271,4
52272,4
52273,4
52274,4
52275,4
52276,4
52277,4
52278,4
52279,4
52280,4
52281,4
52282,4
52283,4
52284,4
52285,4
52286,4
52287,4
52288,4
52289,4
52290,4
52291,4
52292,4
52293,4
52294,4
52295,4
52296,4
52297,4
52298,4
52299,4
52300,4
52301,4
52302,4
52303,4
52304,4
52305,4
52306,4
52307,4
52308,4
52309,4
52310,4
52311,4
52312,4
52313,4
52314,4
52315,4
52316,4
52317,4
52318,4
52319,4
52320,4
52321,4
52322,4
52323,4
52324,4
52325,4
52326,4
52327,4
52328,4
52329,4
52330,4
52331,4
52332,4
52333,4
52334,4
52335,4
52336,4
52337,4
52338,4
52339,4
52340,4
52341,4
52342,4
52343,4
52344,4
52345,4
52346,4
52347,4
52348,4
52349,4
52350,4
52351,4
52352,4
52353,4
52354,4
52355,4
52356,4
52357,4
52358,4
52359,4
52360,4
52361,4
52362,4
52363,4
52364,4
52365,4
52366,4
52367,4
52368,4
52369,4
52370,4
52371,4
52372,4
52373,4
52374,4
52375,4
52376,4
52377,4
52378,4
52379,4
52380,4
52381,4
52382,4
52383,4
52384,4
52385,4
52386,4
52387,4
52388,4
52389,4
52390,4
52391,4
52392,4
52393,4
52394,4
52395,4
52396,4
52397,4
52398,4
52399,4
52400,4
52401,4
52402,4
52403,4
52404,4
52405,4
52406,4
52407,4
52408,4
52409,4
52410,4
52411,4
52412,4
52413,4
52414,4
52415,4
52416,4
52417,4
52418,4
52419,4
52420,4
52421,4
52422,4
52423,4
52424,4
52425,4
52426,4
52427,4
52428,4
52429,4
52430,4
52431,4
52432,4
52433,4
52434,4
52435,4
52436,4
52437,4
52438,4
52439,4
52440,4
52441,4
52442,4
52443,4
52444,4
52445,4
52446,4
52447,4
52448,4
52449,4
52450,4
52451,4
52452,4
52453,4
52454,4
52455,4
52456,4
52457,4
52458,4
52459,4
52460,4
52461,4
52462,4
52463,4
52464,4
52465,4
52466,4
52467,4
52468,4
52469,4
52470,4
52471,4
52472,4
52473,4
52474,4
52475,4
52476,4
52477,4
52478,4
52479,4
52480,4
52481,4
52482,4
52483,4
52484,4
52485,4
52486,4
52487,4
52488,4
52489,4
52490,4
52491,4
52492,4
52493,4
52494,4
52495,4
52496,4
52497,4
52498,4
52499,4
52500,4
52501,4
52502,4
52503,4
52504,4
52505,4
52506,4
52507,4
52508,4
52509,4
52510,4
52511,4
52512,4
52513,4
52514,4
52515,4
52516,4
52517,4
52518,4
52519,4
52520,4
52521,4
52522,4
52523,4
52524,4
52525,4
52526,4
52527,4
52528,4
52529,4
52530,4
52531,4
52532,4
52533,4
52534,4
52535,4
52536,4
52537,4
52538,4
52539,4
52540,4
52541,4
52542,4
52543,4
52544,4
52545,4
52546,4
52547,4
52548,4
52549,4
52550,4
52551,4
52552,4
52553,4
52554,4
52555,4
52556,4
52557,4
52558,4
52559,4
52560,4
52561,4
52562,4
52563,4
52564,4
52565,4
52566,4
52567,4
52568,4
52569,4
52570,4
52571,4
52572,4
52573,4
52574,4
52575,4
52576,4
52577,4
52578,4
52579,4
52580,4
52581,4
52582,4
52583,4
52584,4
52585,4
52586,4
52587,4
52588,4
52589,4
52590,4
52591,4
52592,4
52593,4
52594,4
52595,4
52596,4
52597,4
52598,4
52599,4
52600,4
52601,4
52602,4
52603,4
52604,4
52605,4
52606,4
52607,4
52608,4
52609,4
52610,4
52611,4
52612,4
52613,4
52614,4
52615,4
52616,4
52617,4
52618,4
52619,4
52620,4
52621,4
52622,4
52623,4
52624,4
52625,4
52626,4
52627,4
52628,4
52629,4
52630,4
52631,4
52632,4
52633,4
52634,4
52635,4
52636,4
52637,4
52638,4
52639,4
52640,4
52641,4
52642,4
52643,4
52644,4
52645,4
52646,4
52647,4
52648,4
52649,4
52650,4
52651,4
52652,4
52653,4
52654,4
52655,4
52656,4
52657,4
52658,4
52659,4
52660,4
52661,4
52662,4
52663,4
52664,4
52665,4
52666,4
52667,4
52668,4
52669,4
52670,4
52671,4
52672,4
52673,4
52674,4
52675,4
52676,4
52677,4
52678,4
52679,4
52680,4
52681,4
52682,4
52683,4
52684,4
52685,4
52686,4
52687,4
52688,4
52689,4
52690,4
52691,4
52692,4
52693,4
52694,4
52695,4
52696,4
52697,4
52698,4
52699,4
52700,4
52701,4
52702,4
52703,4
52704,4
52705,4
52706,4
52707,4
52708,4
52709,4
52710,4
52711,4
52712,4
52713,4
52714,4
52715,4
52716,4
52717,4
52718,4
52719,4
52720,4
52721,4
52722,4
52723,4
52724,4
52725,4
52726,4
52727,4
52728,4
52729,4
52730,4
52731,4
52732,4
52733,4
52734,4
52735,4
52736,4
52737,4
52738,4
52739,4
52740,4
52741,4
52742,4
52743,4
52744,4
52745,4
52746,4
52747,4
52748,4
52749,4
52750,4
52751,4
52752,4
52753,4
52754,4
52755,4
52756,4
52757,4
52758,4
52759,4
52760,4
52761,4
52762,4
52763,4
52764,4
52765,4
52766,4
52767,4
52768,4
52769,4
52770,4
52771,4
52772,4
52773,4
52774,4
52775,4
52776,4
52777,4
52778,4
52779,4
52780,4
52781,4
52782,4
52783,4
52784,4
52785,4
52786,4
52787,4
52788,4
52789,4
52790,4
52791,4
52792,4
52793,4
52794,4
52795,4
52796,4
52797,4
52798,4
52799,4
52800,4
52801,4
52802,4
52803,4
52804,4
52805,4
52806,4
52807,4
52808,4
52809,4
52810,4
52811,4
52812,4
52813,4
52814,4
52815,4
52816,4
52817,4
52818,4
52819,4
52820,4
52821,4
52822,4
52823,4
52824,4
52825,4
52826,4
52827,4
52828,4
52829,4
52830,4
52831,4
52832,4
52833,4
52834,4
52835,4
52836,4
52837,4
52838,4
52839,4
52840,4
52841,4
52842,4
52843,4
52844,4
52845,4
52846,4
52847,4
52848,4
52849,4
52850,4
52851,4
52852,4
52853,4
52854,4
52855,4
52856,4
52857,4
52858,4
52859,4
52860,4
52861,4
52862,4
52863,4
52864,4
52865,4
52866,4
52867,4
52868,4
52869,4
52870,4
52871,4
52872,4
52873,4
52874,4
52875,4
52876,4
52877,4
52878,4
52879,4
52880,4
52881,4
52882,4
52883,4
52884,4
52885,4
52886,4
52887,4
52888,4
52889,4
52890,4
52891,4
52892,4
52893,4
52894,4
52895,4
52896,4
52897,4
52898,4
52899,4
52900,4
52901,4
52902,4
52903,4
52904,4
52905,4
52906,4
52907,4
52908,4
52909,4
52910,4
52911,4
52912,4
52913,4
52914,4
52915,4
52916,4
52917,4
52918,4
52919,4
52920,4
52921,4
52922,4
52923,4
52924,4
52925,4
52926,4
52927,4
52928,4
52929,4
52930,4
52931,4
52932,4
52933,4
52934,4
52935,4
52936,4
52937,4
52938,4
52939,4
52940,4
52941,4
52942,4
52943,4
52944,4
52945,4
52946,4
52947,4
52948,4
52949,4
52950,4
52951,4
52952,4
52953,4
52954,4
52955,4
52956,4
52957,4
52958,4
52959,4
52960,4
52961,4
52962,4
52963,4
52964,4
52965,4
52966,4
52967,4
52968,4
52969,4
52970,4
52971,4
52972,4
52973,4
52974,4
52975,4
52976,4
52977,4
52978,4
52979,4
52980,4
52981,4
52982,4
52983,4
52984,4
52985,4
52986,4
52987,4
52988,4
52989,4
52990,4
52991,4
52992,4
52993,4
52994,4
52995,4
52996,4
52997,4
52998,4
52999,4
53000,4
53001,4
53002,4
53003,4
53004,4
53005,4
53006,4
53007,4
53008,4
53009,4
53010,4
53011,4
53012,4
53013,4
53014,4
53015,4
53016,4
53017,4
53018,4
53019,4
53020,4
53021,4
53022,4
53023,4
53024,4
53025,4
53026,4
53027,4
53028,4
53029,4
53030,4
53031,4
53032,4
53033,4
53034,4
53035,4
53036,4
53037,4
53038,4
53039,4
53040,4
53041,4
53042,4
53043,4
53044,4
53045,4
53046,4
53047,4
53048,4
53049,4
53050,4
53051,4
53052,4
53053,4
53054,4
53055,4
53056,4
53057,4
53058,4
53059,4
53060,4
53061,4
53062,4
53063,4
53064,4
53065,4
53066,4
53067,4
53068,4
53069,4
53070,4
53071,4
53072,4
53073,4
53074,4
53075,4
53076,4
53077,4
53078,4
53079,4
53080,4
53081,4
53082,4
53083,4
53084,4
53085,4
53086,4
53087,4
53088,4
53089,4
53090,4
53091,4
53092,4
53093,4
53094,4
53095,4
53096,4
53097,4
53098,4
53099,4
53100,4
53101,4
53102,4
53103,4
53104,4
53105,4
53106,4
53107,4
53108,4
53109,4
53110,4
53111,4
53112,4
53113,4
53114,4
53115,4
53116,4
53117,4
53118,4
53119,4
53120,4
53121,4
53122,4
53123,4
53124,4
53125,4
53126,4
53127,4
53128,4
53129,4
53130,4
53131,4
53132,4
53133,4
53134,4
53135,4
53136,4
53137,4
53138,4
53139,4
53140,4
53141,4
53142,4
53143,4
53144,4
53145,4
53146,4
53147,4
53148,4
53149,4
53150,4
53151,4
53152,4
53153,4
53154,4
53155,4
53156,4
53157,4
53158,4
53159,4
53160,4
53161,4
53162,4
53163,4
53164,4
53165,4
53166,4
53167,4
53168,4
53169,4
53170,4
53171,4
53172,4
53173,4
53174,4
53175,4
53176,4
53177,4
53178,4
53179,4
53180,4
53181,4
53182,4
53183,4
53184,4
53185,4
53186,4
53187,4
53188,4
53189,4
53190,4
53191,4
53192,4
53193,4
53194,4
53195,4
53196,4
53197,4
53198,4
53199,4
53200,4
53201,4
53202,4
53203,4
53204,4
53205,4
53206,4
53207,4
53208,4
53209,4
53210,4
53211,4
53212,4
53213,4
53214,4
53215,4
53216,4
53217,4
53218,4
53219,4
53220,4
53221,4
53222,4
53223,4
53224,4
53225,4
53226,4
53227,4
53228,4
53229,4
53230,4
53231,4
53232,4
53233,4
53234,4
53235,4
53236,4
53237,4
53238,4
53239,4
53240,4
53241,4
53242,4
53243,4
53244,4
53245,4
53246,4
53247,4
53248,4
53249,4
53250,4
53251,4
53252,4
53253,4
53254,4
53255,4
53256,4
53257,4
53258,4
53259,4
53260,4
53261,4
53262,4
53263,4
53264,4
53265,4
53266,4
53267,4
53268,4
53269,4
53270,4
53271,4
53272,4
53273,4
53274,4
53275,4
53276,4
53277,4
53278,4
53279,4
53280,4
53281,4
53282,4
53283,4
53284,4
53285,4
53286,4
53287,4
53288,4
53289,4
53290,4
53291,4
53292,4
53293,4
53294,4
53295,4
53296,4
53297,4
53298,4
53299,4
53300,4
53301,4
53302,4
53303,4
53304,4
53305,4
53306,4
53307,4
53308,4
53309,4
53310,4
53311,4
53312,4
53313,4
53314,4
53315,4
53316,4
53317,4
53318,4
53319,4
53320,4
53321,4
53322,4
53323,4
53324,4
53325,4
53326,4
53327,4
53328,4
53329,4
53330,4
53331,4
53332,4
53333,4
53334,4
53335,4
53336,4
53337,4
53338,4
53339,4
53340,4
53341,4
53342,4
53343,4
53344,4
53345,4
53346,4
53347,4
53348,4
53349,4
53350,4
53351,4
53352,4
53353,4
53354,4
53355,4
53356,4
53357,4
53358,4
53359,4
53360,4
53361,4
53362,4
53363,4
53364,4
53365,4
53366,4
53367,4
53368,4
53369,4
53370,4
53371,4
53372,4
53373,4
53374,4
53375,4
53376,4
53377,4
53378,4
53379,4
53380,4
53381,4
53382,4
53383,4
53384,4
53385,4
53386,4
53387,4
53388,4
53389,4
53390,4
53391,4
53392,4
53393,4
53394,4
53395,4
53396,4
53397,4
53398,4
53399,4
53400,4
53401,4
53402,4
53403,4
53404,4
53405,4
53406,4
53407,4
53408,4
53409,4
53410,4
53411,4
53412,4
53413,4
53414,4
53415,4
53416,4
53417,4
53418,4
53419,4
53420,4
53421,4
53422,4
53423,4
53424,4
53425,4
53426,4
53427,4
53428,4
53429,4
53430,4
53431,4
53432,4
53433,4
53434,4
53435,4
53436,4
53437,4
53438,4
53439,4
53440,4
53441,4
53442,4
53443,4
53444,4
53445,4
53446,4
53447,4
53448,4
53449,4
53450,4
53451,4
53452,4
53453,4
53454,4
53455,4
53456,4
53457,4
53458,4
53459,4
53460,4
53461,4
53462,4
53463,4
53464,4
53465,4
53466,4
53467,4
53468,4
53469,4
53470,4
53471,4
53472,4
53473,4
53474,4
53475,4
53476,4
53477,4
53478,4
53479,4
53480,4
53481,4
53482,4
53483,4
53484,4
53485,4
53486,4
53487,4
53488,4
53489,4
53490,4
53491,4
53492,4
53493,4
53494,4
53495,4
53496,4
53497,4
53498,4
53499,4
53500,4
53501,4
53502,4
53503,4
53504,4
53505,4
53506,4
53507,4
53508,4
53509,4
53510,4
53511,4
53512,4
53513,4
53514,4
53515,4
53516,4
53517,4
53518,4
53519,4
53520,4
53521,4
53522,4
53523,4
53524,4
53525,4
53526,4
53527,4
53528,4
53529,4
53530,4
53531,4
53532,4
53533,4
53534,4
53535,4
53536,4
53537,4
53538,4
53539,4
53540,4
53541,4
53542,4
53543,4
53544,4
53545,4
53546,4
53547,4
53548,4
53549,4
53550,4
53551,4
53552,4
53553,4
53554,4
53555,4
53556,4
53557,4
53558,4
53559,4
53560,4
53561,4
53562,4
53563,4
53564,4
53565,4
53566,4
53567,4
53568,4
53569,4
53570,4
53571,4
53572,4
53573,4
53574,4
53575,4
53576,4
53577,4
53578,4
53579,4
53580,4
53581,4
53582,4
53583,4
53584,4
53585,4
53586,4
53587,4
53588,4
53589,4
53590,4
53591,4
53592,4
53593,4
53594,4
53595,4
53596,4
53597,4
53598,4
53599,4
53600,4
53601,4
53602,4
53603,4
53604,4
53605,4
53606,4
53607,4
53608,4
53609,4
53610,4
53611,4
53612,4
53613,4
53614,4
53615,4
53616,4
53617,4
53618,4
53619,4
53620,4
53621,4
53622,4
53623,4
53624,4
53625,4
53626,4
53627,4
53628,4
53629,4
53630,4
53631,4
53632,4
53633,4
53634,4
53635,4
53636,4
53637,4
53638,4
53639,4
53640,4
53641,4
53642,4
53643,4
53644,4
53645,4
53646,4
53647,4
53648,4
53649,4
53650,4
53651,4
53652,4
53653,4
53654,4
53655,4
53656,4
53657,4
53658,4
53659,4
53660,4
53661,4
53662,4
53663,4
53664,4
53665,4
53666,4
53667,4
53668,4
53669,4
53670,4
53671,4
53672,4
53673,4
53674,4
53675,4
53676,4
53677,4
53678,4
53679,4
53680,4
53681,4
53682,4
53683,4
53684,4
53685,4
53686,4
53687,4
53688,4
53689,4
53690,4
53691,4
53692,4
53693,4
53694,4
53695,4
53696,4
53697,4
53698,4
53699,4
53700,4
53701,4
53702,4
53703,4
53704,4
53705,4
53706,4
53707,4
53708,4
53709,4
53710,4
53711,4
53712,4
53713,4
53714,4
53715,4
53716,4
53717,4
53718,4
53719,4
53720,4
53721,4
53722,4
53723,4
53724,4
53725,4
53726,4
53727,4
53728,4
53729,4
53730,4
53731,4
53732,4
53733,4
53734,4
53735,4
53736,4
53737,4
53738,4
53739,4
53740,4
53741,4
53742,4
53743,4
53744,4
53745,4
53746,4
53747,4
53748,4
53749,4
53750,4
53751,4
53752,4
53753,4
53754,4
53755,4
53756,4
53757,4
53758,4
53759,4
53760,4
53761,4
53762,4
53763,4
53764,4
53765,4
53766,4
53767,4
53768,4
53769,4
53770,4
53771,4
53772,4
53773,4
53774,4
53775,4
53776,4
53777,4
53778,4
53779,4
53780,4
53781,4
53782,4
53783,4
53784,4
53785,4
53786,4
53787,4
53788,4
53789,4
53790,4
53791,4
53792,4
53793,4
53794,4
53795,4
53796,4
53797,4
53798,4
53799,4
53800,4
53801,4
53802,4
53803,4
53804,4
53805,4
53806,4
53807,4
53808,4
53809,4
53810,4
53811,4
53812,4
53813,4
53814,4
53815,4
53816,4
53817,4
53818,4
53819,4
53820,4
53821,4
53822,4
53823,4
53824,4
53825,4
53826,4
53827,4
53828,4
53829,4
53830,4
53831,4
53832,4
53833,4
53834,4
53835,4
53836,4
53837,4
53838,4
53839,4
53840,4
53841,4
53842,4
53843,4
53844,4
53845,4
53846,4
53847,4
53848,4
53849,4
53850,4
53851,4
53852,4
53853,4
53854,4
53855,4
53856,4
53857,4
53858,4
53859,4
53860,4
53861,4
53862,4
53863,4
53864,4
53865,5
53866,5
53867,5
53868,5
53869,5
53870,5
53871,5
53872,5
53873,5
53874,5
53875,5
53876,5
53877,5
53878,5
53879,5
53880,5
53881,5
53882,5
53883,5
53884,5
53885,5
53886,5
53887,5
53888,5
53889,5
53890,5
53891,5
53892,5
53893,5
53894,5
53895,5
53896,5
53897,5
53898,5
53899,5
53900,5
53901,5
53902,5
53903,5
53904,5
53905,5
53906,5
53907,5
53908,5
53909,5
53910,5
53911,5
53912,5
53913,5
53914,5
53915,5
53916,5
53917,5
53918,5
53919,5
53920,5
53921,5
53922,5
53923,5
53924,5
53925,5
53926,5
53927,5
53928,5
53929,5
53930,5
53931,5
53932,5
53933,5
53934,5
53935,5
53936,5
53937,5
53938,5
53939,5
53940,5
53941,5
53942,5
53943,5
53944,5
53945,5
53946,5
53947,5
53948,5
53949,5
53950,5
53951,5
53952,5
53953,5
53954,5
53955,5
53956,5
53957,5
53958,5
53959,5
53960,5
53961,5
53962,5
53963,5
53964,5
53965,5
53966,5
53967,5
53968,5
53969,5
53970,5
53971,5
53972,5
53973,5
53974,5
53975,5
53976,5
53977,5
53978,5
53979,5
53980,5
53981,5
53982,5
53983,5
53984,5
53985,5
53986,5
53987,5
53988,5
53989,5
53990,5
53991,5
53992,5
53993,5
53994,5
53995,5
53996,5
53997,5
53998,5
53999,5
54000,5
54001,5
54002,5
54003,5
54004,5
54005,5
54006,5
54007,5
54008,5
54009,5
54010,5
54011,5
54012,5
54013,5
54014,5
54015,5
54016,5
54017,5
54018,5
54019,5
54020,5
54021,5
54022,5
54023,5
54024,5
54025,5
54026,5
54027,5
54028,5
54029,5
54030,5
54031,5
54032,5
54033,5
54034,5
54035,5
54036,5
54037,5
54038,5
54039,5
54040,5
54041,5
54042,5
54043,5
54044,5
54045,5
54046,5
54047,5
54048,5
54049,5
54050,5
54051,5
54052,5
54053,5
54054,5
54055,5
54056,5
54057,5
54058,5
54059,5
54060,5
54061,5
54062,5
54063,5
54064,5
54065,5
54066,5
54067,5
54068,5
54069,5
54070,5
54071,5
54072,5
54073,5
54074,5
54075,5
54076,5
54077,5
54078,5
54079,5
54080,5
54081,5
54082,5
54083,5
54084,5
54085,5
54086,5
54087,5
54088,5
54089,5
54090,5
54091,5
54092,5
54093,5
54094,5
54095,5
54096,5
54097,5
54098,5
54099,5
54100,5
54101,5
54102,5
54103,5
54104,5
54105,5
54106,5
54107,5
54108,5
54109,5
54110,5
54111,5
54112,5
54113,5
54114,5
54115,5
54116,5
54117,5
54118,5
54119,5
54120,5
54121,5
54122,5
54123,5
54124,5
54125,5
54126,5
54127,5
54128,5
54129,5
54130,5
54131,5
54132,5
54133,5
54134,5
54135,5
54136,5
54137,5
54138,5
54139,5
54140,5
54141,5
54142,5
54143,5
54144,5
54145,5
54146,5
54147,5
54148,5
54149,5
54150,5
54151,5
54152,5
54153,5
54154,5
54155,5
54156,5
54157,5
54158,5
54159,5
54160,5
54161,5
54162,5
54163,5
54164,5
54165,5
54166,5
54167,5
54168,5
54169,5
54170,5
54171,5
54172,5
54173,5
54174,5
54175,5
54176,5
54177,5
54178,5
54179,5
54180,5
54181,5
54182,5
54183,5
54184,5
54185,5
54186,5
54187,5
54188,5
54189,5
54190,5
54191,5
54192,5
54193,5
54194,5
54195,5
54196,5
54197,5
54198,5
54199,5
54200,5
54201,5
54202,5
54203,5
54204,5
54205,5
54206,5
54207,5
54208,5
54209,5
54210,5
54211,5
54212,5
54213,5
54214,5
54215,5
54216,5
54217,5
54218,5
54219,5
54220,5
54221,5
54222,5
54223,5
54224,5
54225,5
54226,5
54227,5
54228,5
54229,5
54230,5
54231,5
54232,5
54233,5
54234,5
54235,5
54236,5
54237,5
54238,5
54239,5
54240,5
54241,5
54242,5
54243,5
54244,5
54245,5
54246,5
54247,5
54248,5
54249,5
54250,5
54251,5
54252,5
54253,5
54254,5
54255,5
54256,5
54257,5
54258,5
54259,5
54260,5
54261,5
54262,5
54263,5
54264,5
54265,5
54266,5
54267,5
54268,5
54269,5
54270,5
54271,5
54272,5
54273,5
54274,5
54275,5
54276,5
54277,5
54278,5
54279,5
54280,5
54281,5
54282,5
54283,5
54284,5
54285,5
54286,5
54287,5
54288,5
54289,5
54290,5
54291,5
54292,5
54293,5
54294,5
54295,5
54296,5
54297,5
54298,5
54299,5
54300,5
54301,5
54302,5
54303,5
54304,5
54305,5
54306,5
54307,5
54308,5
54309,5
54310,5
54311,5
54312,5
54313,5
54314,5
54315,5
54316,5
54317,5
54318,5
54319,5
54320,5
54321,5
54322,5
54323,5
54324,5
54325,5
54326,5
54327,5
54328,5
54329,5
54330,5
54331,5
54332,5
54333,5
54334,5
54335,5
54336,5
54337,5
54338,5
54339,5
54340,5
54341,5
54342,5
54343,5
54344,5
54345,5
54346,5
54347,5
54348,5
54349,5
54350,5
54351,5
54352,5
54353,5
54354,5
54355,5
54356,5
54357,5
54358,5
54359,5
54360,5
54361,5
54362,5
54363,5
54364,5
54365,5
54366,5
54367,5
54368,5
54369,5
54370,5
54371,5
54372,5
54373,5
54374,5
54375,5
54376,5
54377,5
54378,5
54379,5
54380,5
54381,5
54382,5
54383,5
54384,5
54385,5
54386,5
54387,5
54388,5
54389,5
54390,5
54391,5
54392,5
54393,5
54394,5
54395,5
54396,5
54397,5
54398,5
54399,5
54400,5
54401,5
54402,5
54403,5
54404,5
54405,5
54406,5
54407,5
54408,5
54409,5
54410,5
54411,5
54412,5
54413,5
54414,5
54415,5
54416,5
54417,5
54418,5
54419,5
54420,5
54421,5
54422,5
54423,5
54424,5
54425,5
54426,5
54427,5
54428,5
54429,5
54430,5
54431,5
54432,5
54433,5
54434,5
54435,5
54436,5
54437,5
54438,5
54439,5
54440,5
54441,5
54442,5
54443,5
54444,5
54445,5
54446,5
54447,5
54448,5
54449,5
54450,5
54451,5
54452,5
54453,5
54454,5
54455,5
54456,5
54457,5
54458,5
54459,5
54460,5
54461,5
54462,5
54463,5
54464,5
54465,5
54466,5
54467,5
54468,5
54469,5
54470,5
54471,5
54472,5
54473,5
54474,5
54475,5
54476,5
54477,5
54478,5
54479,5
54480,5
54481,5
54482,5
54483,5
54484,5
54485,5
54486,5
54487,5
54488,5
54489,5
54490,5
54491,5
54492,5
54493,5
54494,5
54495,5
54496,5
54497,5
54498,5
54499,5
54500,5
54501,5
54502,5
54503,5
54504,5
54505,5
54506,5
54507,5
54508,5
54509,5
54510,5
54511,5
54512,5
54513,5
54514,5
54515,5
54516,5
54517,5
54518,5
54519,5
54520,5
54521,5
54522,5
54523,5
54524,5
54525,5
54526,5
54527,5
54528,5
54529,5
54530,5
54531,5
54532,5
54533,5
54534,5
54535,5
54536,5
54537,5
54538,5
54539,5
54540,5
54541,5
54542,5
54543,5
54544,5
54545,5
54546,5
54547,5
54548,5
54549,5
54550,5
54551,5
54552,5
54553,5
54554,5
54555,5
54556,5
54557,5
54558,5
54559,5
54560,5
54561,5
54562,5
54563,5
54564,5
54565,5
54566,5
54567,5
54568,5
54569,5
54570,5
54571,5
54572,5
54573,5
54574,5
54575,5
54576,5
54577,5
54578,5
54579,5
54580,5
54581,5
54582,5
54583,5
54584,5
54585,5
54586,5
54587,5
54588,5
54589,5
54590,5
54591,5
54592,5
54593,5
54594,5
54595,5
54596,5
54597,5
54598,5
54599,5
54600,5
54601,5
54602,5
54603,5
54604,5
54605,5
54606,5
54607,5
54608,5
54609,5
54610,5
54611,5
54612,5
54613,5
54614,5
54615,5
54616,5
54617,5
54618,5
54619,5
54620,5
54621,5
54622,5
54623,5
54624,5
54625,5
54626,5
54627,5
54628,5
54629,5
54630,5
54631,5
54632,5
54633,5
54634,5
54635,5
54636,5
54637,5
54638,5
54639,5
54640,5
54641,5
54642,5
54643,5
54644,5
54645,5
54646,5
54647,5
54648,5
54649,5
54650,5
54651,5
54652,5
54653,5
54654,5
54655,5
54656,5
54657,5
54658,5
54659,5
54660,5
54661,5
54662,5
54663,5
54664,5
54665,5
54666,5
54667,5
54668,5
54669,5
54670,5
54671,5
54672,5
54673,5
54674,5
54675,5
54676,5
54677,5
54678,5
54679,5
54680,5
54681,5
54682,5
54683,5
54684,5
54685,5
54686,5
54687,5
54688,5
54689,5
54690,5
54691,5
54692,5
54693,5
54694,5
54695,5
54696,5
54697,5
54698,5
54699,5
54700,5
54701,5
54702,5
54703,5
54704,5
54705,5
54706,5
54707,5
54708,5
54709,5
54710,5
54711,5
54712,5
54713,5
54714,5
54715,5
54716,5
54717,5
54718,5
54719,5
54720,5
54721,5
54722,5
54723,5
54724,5
54725,5
54726,5
54727,5
54728,5
54729,5
54730,5
54731,5
54732,5
54733,5
54734,5
54735,5
54736,5
54737,5
54738,5
54739,5
54740,5
54741,5
54742,5
54743,5
54744,5
54745,5
54746,5
54747,5
54748,5
54749,5
54750,5
54751,5
54752,5
54753,5
54754,5
54755,5
54756,5
54757,5
54758,5
54759,5
54760,5
54761,5
54762,5
54763,5
54764,5
54765,5
54766,5
54767,5
54768,5
54769,5
54770,5
54771,5
54772,5
54773,5
54774,5
54775,5
54776,5
54777,5
54778,5
54779,5
54780,5
54781,5
54782,5
54783,5
54784,5
54785,5
54786,5
54787,5
54788,5
54789,5
54790,5
54791,5
54792,5
54793,5
54794,5
54795,5
54796,5
54797,5
54798,5
54799,5
54800,5
54801,5
54802,5
54803,5
54804,5
54805,5
54806,5
54807,5
54808,5
54809,5
54810,5
54811,5
54812,5
54813,5
54814,5
54815,5
54816,5
54817,5
54818,5
54819,5
54820,5
54821,5
54822,5
54823,5
54824,5
54825,5
54826,5
54827,5
54828,5
54829,5
54830,5
54831,5
54832,5
54833,5
54834,5
54835,5
54836,5
54837,5
54838,5
54839,5
54840,5
54841,5
54842,5
54843,5
54844,5
54845,5
54846,5
54847,5
54848,5
54849,5
54850,5
54851,5
54852,5
54853,5
54854,5
54855,5
54856,5
54857,5
54858,5
54859,5
54860,5
54861,5
54862,5
54863,5
54864,5
54865,5
54866,5
54867,5
54868,5
54869,5
54870,5
54871,5
54872,5
54873,5
54874,5
54875,5
54876,5
54877,5
54878,5
54879,5
54880,5
54881,5
54882,5
54883,5
54884,5
54885,5
54886,5
54887,5
54888,5
54889,5
54890,5
54891,5
54892,5
54893,5
54894,5
54895,5
54896,5
54897,5
54898,5
54899,5
54900,5
54901,5
54902,5
54903,5
54904,5
54905,5
54906,5
54907,5
54908,5
54909,5
54910,5
54911,5
54912,5
54913,5
54914,5
54915,5
54916,5
54917,5
54918,5
54919,5
54920,5
54921,5
54922,5
54923,5
54924,5
54925,5
54926,5
54927,5
54928,5
54929,5
54930,5
54931,5
54932,5
54933,5
54934,5
54935,5
54936,5
54937,5
54938,5
54939,5
54940,5
54941,5
54942,5
54943,5
54944,5
54945,5
54946,5
54947,5
54948,5
54949,5
54950,5
54951,5
54952,5
54953,5
54954,5
54955,5
54956,5
54957,5
54958,5
54959,5
54960,5
54961,5
54962,5
54963,5
54964,5
54965,5
54966,5
54967,5
54968,5
54969,5
54970,5
54971,5
54972,5
54973,5
54974,5
54975,5
54976,5
54977,5
54978,5
54979,5
54980,5
54981,5
54982,5
54983,5
54984,5
54985,5
54986,5
54987,5
54988,5
54989,5
54990,5
54991,5
54992,5
54993,5
54994,5
54995,5
54996,5
54997,5
54998,5
54999,5
55000,5
55001,5
55002,5
55003,5
55004,5
55005,5
55006,5
55007,5
55008,5
55009,5
55010,5
55011,5
55012,5
55013,5
55014,5
55015,5
55016,5
55017,5
55018,5
55019,5
55020,5
55021,5
55022,5
55023,5
55024,5
55025,5
55026,5
55027,5
55028,5
55029,5
55030,5
55031,5
55032,5
55033,5
55034,5
55035,5
55036,5
55037,5
55038,5
55039,5
55040,5
55041,5
55042,5
55043,5
55044,5
55045,5
55046,5
55047,5
55048,5
55049,5
55050,5
55051,5
55052,5
55053,5
55054,5
55055,5
55056,5
55057,5
55058,5
55059,5
55060,5
55061,5
55062,5
55063,5
55064,5
55065,5
55066,5
55067,5
55068,5
55069,5
55070,5
55071,5
55072,5
55073,5
55074,5
55075,5
55076,5
55077,5
55078,5
55079,5
55080,5
55081,5
55082,5
55083,5
55084,5
55085,5
55086,5
55087,5
55088,5
55089,5
55090,5
55091,5
55092,5
55093,5
55094,5
55095,5
55096,5
55097,5
55098,5
55099,5
55100,5
55101,5
55102,5
55103,5
55104,5
55105,5
55106,5
55107,5
55108,5
55109,5
55110,5
55111,5
55112,5
55113,5
55114,5
55115,5
55116,5
55117,5
55118,5
55119,5
55120,5
55121,5
55122,5
55123,5
55124,5
55125,5
55126,5
55127,5
55128,5
55129,5
55130,5
55131,5
55132,5
55133,5
55134,5
55135,5
55136,5
55137,5
55138,5
55139,5
55140,5
55141,5
55142,5
55143,5
55144,5
55145,5
55146,5
55147,5
55148,5
55149,5
55150,5
55151,5
55152,5
55153,5
55154,5
55155,5
55156,5
55157,5
55158,5
55159,5
55160,5
55161,5
55162,5
55163,5
55164,5
55165,5
55166,5
55167,5
55168,5
55169,5
55170,5
55171,5
55172,5
55173,5
55174,5
55175,5
55176,5
55177,5
55178,5
55179,5
55180,5
55181,5
55182,5
55183,5
55184,5
55185,5
55186,5
55187,5
55188,5
55189,5
55190,5
55191,5
55192,5
55193,5
55194,5
55195,5
55196,5
55197,5
55198,5
55199,5
55200,5
55201,5
55202,5
55203,5
55204,5
55205,5
55206,5
55207,5
55208,5
55209,5
55210,5
55211,5
55212,5
55213,5
55214,5
55215,5
55216,5
55217,5
55218,5
55219,5
55220,5
55221,5
55222,5
55223,5
55224,5
55225,5
55226,5
55227,5
55228,5
55229,5
55230,5
55231,5
55232,5
55233,5
55234,5
55235,5
55236,5
55237,5
55238,5
55239,5
55240,5
55241,5
55242,5
55243,5
55244,5
55245,5
55246,5
55247,5
55248,5
55249,5
55250,5
55251,5
55252,5
55253,5
55254,5
55255,5
55256,5
55257,5
55258,5
55259,5
55260,5
55261,5
55262,5
55263,5
55264,5
55265,5
55266,5
55267,5
55268,5
55269,5
55270,5
55271,5
55272,5
55273,5
55274,5
55275,5
55276,5
55277,5
55278,5
55279,5
55280,5
55281,5
55282,5
55283,5
55284,5
55285,5
55286,5
55287,5
55288,5
55289,5
55290,5
55291,5
55292,5
55293,5
55294,5
55295,5
55296,5
55297,5
55298,5
55299,5
55300,5
55301,5
55302,5
55303,5
55304,5
55305,5
55306,5
55307,5
55308,5
55309,5
55310,5
55311,5
55312,5
55313,5
55314,5
55315,5
55316,5
55317,5
55318,5
55319,5
55320,5
55321,5
55322,5
55323,5
55324,5
55325,5
55326,5
55327,5
55328,5
55329,5
55330,5
55331,5
55332,5
55333,5
55334,5
55335,5
55336,5
55337,5
55338,5
55339,5
55340,5
55341,5
55342,5
55343,5
55344,5
55345,5
55346,5
55347,5
55348,5
55349,5
55350,5
55351,5
55352,5
55353,5
55354,5
55355,5
55356,5
55357,5
55358,5
55359,5
55360,5
55361,5
55362,5
55363,5
55364,5
55365,5
55366,5
55367,5
55368,5
55369,5
55370,5
55371,5
55372,5
55373,5
55374,5
55375,5
55376,5
55377,5
55378,5
55379,5
55380,5
55381,5
55382,5
55383,5
55384,5
55385,5
55386,5
55387,5
55388,5
55389,5
55390,5
55391,5
55392,5
55393,5
55394,5
55395,5
55396,5
55397,5
55398,5
55399,5
55400,5
55401,5
55402,5
55403,5
55404,5
55405,5
55406,5
55407,5
55408,5
55409,5
55410,5
55411,5
55412,5
55413,5
55414,5
55415,5
55416,5
55417,5
55418,5
55419,5
55420,5
55421,5
55422,5
55423,5
55424,5
55425,5
55426,5
55427,5
55428,5
55429,5
55430,5
55431,5
55432,5
55433,5
55434,5
55435,5
55436,5
55437,5
55438,5
55439,5
55440,5
55441,5
55442,5
55443,5
55444,5
55445,5
55446,5
55447,5
55448,5
55449,5
55450,5
55451,5
55452,5
55453,5
55454,5
55455,5
55456,5
55457,5
55458,5
55459,5
55460,5
55461,5
55462,5
55463,5
55464,5
55465,5
55466,5
55467,5
55468,5
55469,5
55470,5
55471,5
55472,5
55473,5
55474,5
55475,5
55476,5
55477,5
55478,5
55479,5
55480,5
55481,5
55482,5
55483,5
55484,5
55485,5
55486,5
55487,5
55488,5
55489,5
55490,5
55491,5
55492,5
55493,5
55494,5
55495,5
55496,5
55497,5
55498,5
55499,5
55500,5
55501,5
55502,5
55503,5
55504,5
55505,5
55506,5
55507,5
55508,5
55509,5
55510,5
55511,5
55512,5
55513,5
55514,5
55515,5
55516,5
55517,5
55518,5
55519,5
55520,5
55521,5
55522,5
55523,5
55524,5
55525,5
55526,5
55527,5
55528,5
55529,5
55530,5
55531,5
55532,5
55533,5
55534,5
55535,5
55536,5
55537,5
55538,5
55539,5
55540,5
55541,5
55542,5
55543,5
55544,5
55545,5
55546,5
55547,5
55548,5
55549,5
55550,5
55551,5
55552,5
55553,5
55554,5
55555,5
55556,5
55557,5
55558,5
55559,5
55560,5
55561,5
55562,5
55563,5
55564,5
55565,5
55566,5
55567,5
55568,5
55569,5
55570,5
55571,5
55572,5
55573,5
55574,5
55575,5
55576,5
55577,5
55578,5
55579,5
55580,5
55581,5
55582,5
55583,5
55584,5
55585,5
55586,5
55587,5
55588,5
55589,5
55590,5
55591,5
55592,5
55593,5
55594,5
55595,5
55596,5
55597,5
55598,5
55599,5
55600,5
55601,5
55602,5
55603,5
55604,5
55605,5
55606,5
55607,5
55608,5
55609,5
55610,5
55611,5
55612,5
55613,5
55614,5
55615,5
55616,5
55617,5
55618,5
55619,5
55620,5
55621,5
55622,5
55623,5
55624,5
55625,5
55626,5
55627,5
55628,5
55629,5
55630,5
55631,5
55632,5
55633,5
55634,5
55635,5
55636,5
55637,5
55638,5
55639,5
55640,5
55641,5
55642,5
55643,5
55644,5
55645,5
55646,5
55647,5
55648,5
55649,5
55650,5
55651,5
55652,5
55653,5
55654,5
55655,5
55656,5
55657,5
55658,5
55659,5
55660,5
55661,5
55662,5
55663,5
55664,5
55665,5
55666,5
55667,5
55668,5
55669,5
55670,5
55671,5
55672,5
55673,5
55674,5
55675,5
55676,5
55677,5
55678,5
55679,5
55680,5
55681,5
55682,5
55683,5
55684,5
55685,5
55686,5
55687,5
55688,5
55689,5
55690,5
55691,5
55692,5
55693,5
55694,5
55695,5
55696,5
55697,5
55698,5
55699,5
55700,5
55701,5
55702,5
55703,5
55704,5
55705,5
55706,5
55707,5
55708,5
55709,5
55710,5
55711,5
55712,5
55713,5
55714,5
55715,5
55716,5
55717,5
55718,5
55719,5
55720,5
55721,5
55722,5
55723,5
55724,5
55725,5
55726,5
55727,5
55728,5
55729,5
55730,5
55731,5
55732,5
55733,5
55734,5
55735,5
55736,5
55737,5
55738,5
55739,5
55740,5
55741,5
55742,5
55743,5
55744,5
55745,5
55746,5
55747,5
55748,5
55749,5
55750,5
55751,5
55752,5
55753,5
55754,5
55755,5
55756,5
55757,5
55758,5
55759,5
55760,5
55761,5
55762,5
55763,5
55764,5
55765,5
55766,5
55767,5
55768,5
55769,5
55770,5
55771,5
55772,5
55773,5
55774,5
55775,5
55776,5
55777,5
55778,5
55779,5
55780,5
55781,5
55782,5
55783,5
55784,5
55785,5
55786,5
55787,5
55788,5
55789,5
55790,5
55791,5
55792,5
55793,5
55794,5
55795,5
55796,5
55797,5
55798,5
55799,5
55800,5
55801,5
55802,5
55803,5
55804,5
55805,5
55806,5
55807,5
55808,5
55809,5
55810,5
55811,5
55812,5
55813,5
55814,5
55815,5
55816,5
55817,5
55818,5
55819,5
55820,5
55821,5
55822,5
55823,5
55824,5
55825,5
55826,5
55827,5
55828,5
55829,5
55830,5
55831,5
55832,5
55833,5
55834,5
55835,5
55836,5
55837,5
55838,5
55839,5
55840,5
55841,5
55842,5
55843,5
55844,5
55845,5
55846,5
55847,5
55848,5
55849,5
55850,5
55851,5
55852,5
55853,5
55854,5
55855,5
55856,5
55857,5
55858,5
55859,5
55860,5
55861,5
55862,5
55863,5
55864,5
55865,5
55866,5
55867,5
55868,5
55869,5
55870,5
55871,5
55872,5
55873,5
55874,5
55875,5
55876,5
55877,5
55878,5
55879,5
55880,5
55881,5
55882,5
55883,5
55884,5
55885,5
55886,5
55887,5
55888,5
55889,5
55890,5
55891,5
55892,5
55893,5
55894,5
55895,5
55896,5
55897,5
55898,5
55899,5
55900,5
55901,5
55902,5
55903,5
55904,5
55905,5
55906,5
55907,5
55908,5
55909,5
55910,5
55911,5
55912,5
55913,5
55914,5
55915,5
55916,5
55917,5
55918,5
55919,5
55920,5
55921,5
55922,5
55923,5
55924,5
55925,5
55926,5
55927,5
55928,5
55929,5
55930,5
55931,5
55932,5
55933,5
55934,5
55935,5
55936,5
55937,5
55938,5
55939,5
55940,5
55941,5
55942,5
55943,5
55944,5
55945,5
55946,5
55947,5
55948,5
55949,5
55950,5
55951,5
55952,5
55953,5
55954,5
55955,5
55956,5
55957,5
55958,5
55959,5
55960,5
55961,5
55962,5
55963,5
55964,5
55965,5
55966,5
55967,5
55968,5
55969,5
55970,5
55971,5
55972,5
55973,5
55974,5
55975,5
55976,5
55977,5
55978,5
55979,5
55980,5
55981,5
55982,5
55983,5
55984,5
55985,5
55986,5
55987,5
55988,5
55989,5
55990,5
55991,5
55992,5
55993,5
55994,5
55995,5
55996,5
55997,5
55998,5
55999,5
56000,5
56001,5
56002,5
56003,5
56004,5
56005,5
56006,5
56007,5
56008,5
56009,5
56010,5
56011,5
56012,5
56013,5
56014,5
56015,5
56016,5
56017,5
56018,5
56019,5
56020,5
56021,5
56022,5
56023,5
56024,5
56025,5
56026,5
56027,5
56028,5
56029,5
56030,5
56031,5
56032,5
56033,5
56034,5
56035,5
56036,5
56037,5
56038,5
56039,5
56040,5
56041,5
56042,5
56043,5
56044,5
56045,5
56046,5
56047,5
56048,5
56049,5
56050,5
56051,5
56052,5
56053,5
56054,5
56055,5
56056,5
56057,5
56058,5
56059,5
56060,5
56061,5
56062,5
56063,5
56064,5
56065,5
56066,5
56067,5
56068,5
56069,5
56070,5
56071,5
56072,5
56073,5
56074,5
56075,5
56076,5
56077,5
56078,5
56079,5
56080,5
56081,5
56082,5
56083,5
56084,5
56085,5
56086,5
56087,5
56088,5
56089,5
56090,5
56091,5
56092,5
56093,5
56094,5
56095,5
56096,5
56097,5
56098,5
56099,5
56100,5
56101,5
56102,5
56103,5
56104,5
56105,5
56106,5
56107,5
56108,5
56109,5
56110,5
56111,5
56112,5
56113,5
56114,5
56115,5
56116,5
56117,5
56118,5
56119,5
56120,5
56121,5
56122,5
56123,5
56124,5
56125,5
56126,5
56127,5
56128,5
56129,5
56130,5
56131,5
56132,5
56133,5
56134,5
56135,5
56136,5
56137,5
56138,5
56139,5
56140,5
56141,5
56142,5
56143,5
56144,5
56145,5
56146,5
56147,5
56148,5
56149,5
56150,5
56151,5
56152,5
56153,5
56154,5
56155,5
56156,5
56157,5
56158,5
56159,5
56160,5
56161,5
56162,5
56163,5
56164,5
56165,5
56166,5
56167,5
56168,5
56169,5
56170,5
56171,5
56172,5
56173,5
56174,5
56175,5
56176,5
56177,5
56178,5
56179,5
56180,5
56181,5
56182,5
56183,5
56184,5
56185,5
56186,5
56187,5
56188,5
56189,5
56190,5
56191,5
56192,5
56193,5
56194,5
56195,5
56196,5
56197,5
56198,5
56199,5
56200,5
56201,5
56202,5
56203,5
56204,5
56205,5
56206,5
56207,5
56208,5
56209,5
56210,5
56211,5
56212,5
56213,5
56214,5
56215,5
56216,5
56217,5
56218,5
56219,5
56220,5
56221,5
56222,5
56223,5
56224,5
56225,5
56226,5
56227,5
56228,5
56229,5
56230,5
56231,5
56232,5
56233,5
56234,5
56235,5
56236,5
56237,5
56238,5
56239,5
56240,5
56241,5
56242,5
56243,5
56244,5
56245,5
56246,5
56247,5
56248,5
56249,5
56250,5
56251,5
56252,5
56253,5
56254,5
56255,5
56256,5
56257,5
56258,5
56259,5
56260,5
56261,5
56262,5
56263,5
56264,5
56265,5
56266,5
56267,5
56268,5
56269,5
56270,5
56271,5
56272,5
56273,5
56274,5
56275,5
56276,5
56277,5
56278,5
56279,5
56280,5
56281,5
56282,5
56283,5
56284,5
56285,5
56286,5
56287,5
56288,5
56289,5
56290,5
56291,5
56292,5
56293,5
56294,5
56295,5
56296,5
56297,5
56298,5
56299,5
56300,5
56301,5
56302,5
56303,5
56304,5
56305,5
56306,5
56307,5
56308,5
56309,5
56310,5
56311,5
56312,5
56313,5
56314,5
56315,5
56316,5
56317,5
56318,5
56319,5
56320,5
56321,5
56322,5
56323,5
56324,5
56325,5
56326,5
56327,5
56328,5
56329,5
56330,5
56331,5
56332,5
56333,5
56334,5
56335,5
56336,5
56337,5
56338,5
56339,5
56340,5
56341,5
56342,5
56343,5
56344,5
56345,5
56346,5
56347,5
56348,5
56349,5
56350,5
56351,5
56352,5
56353,5
56354,5
56355,5
56356,5
56357,5
56358,5
56359,5
56360,5
56361,5
56362,5
56363,5
56364,5
56365,5
56366,5
56367,5
56368,5
56369,5
56370,5
56371,5
56372,5
56373,5
56374,5
56375,5
56376,5
56377,5
56378,5
56379,5
56380,5
56381,5
56382,5
56383,5
56384,5
56385,5
56386,5
56387,5
56388,5
56389,5
56390,5
56391,5
56392,5
56393,5
56394,5
56395,5
56396,5
56397,5
56398,5
56399,5
56400,5
56401,5
56402,5
56403,5
56404,5
56405,5
56406,5
56407,5
56408,5
56409,5
56410,5
56411,5
56412,5
56413,5
56414,5
56415,5
56416,5
56417,5
56418,5
56419,5
56420,5
56421,5
56422,5
56423,5
56424,5
56425,5
56426,5
56427,5
56428,5
56429,5
56430,5
56431,5
56432,5
56433,5
56434,5
56435,5
56436,5
56437,5
56438,5
56439,5
56440,5
56441,5
56442,5
56443,5
56444,5
56445,5
56446,5
56447,5
56448,5
56449,5
56450,5
56451,5
56452,5
56453,5
56454,5
56455,5
56456,5
56457,5
56458,5
56459,5
56460,5
56461,5
56462,5
56463,5
56464,5
56465,5
56466,5
56467,5
56468,5
56469,5
56470,5
56471,5
56472,5
56473,5
56474,5
56475,5
56476,5
56477,5
56478,5
56479,5
56480,5
56481,5
56482,5
56483,5
56484,5
56485,5
56486,5
56487,5
56488,5
56489,5
56490,5
56491,5
56492,5
56493,5
56494,5
56495,5
56496,5
56497,5
56498,5
56499,5
56500,5
56501,5
56502,5
56503,5
56504,5
56505,5
56506,5
56507,5
56508,5
56509,5
56510,5
56511,5
56512,5
56513,5
56514,5
56515,5
56516,5
56517,5
56518,5
56519,5
56520,5
56521,5
56522,5
56523,5
56524,5
56525,5
56526,5
56527,5
56528,5
56529,5
56530,5
56531,5
56532,5
56533,5
56534,5
56535,5
56536,5
56537,5
56538,5
56539,5
56540,5
56541,5
56542,5
56543,5
56544,5
56545,5
56546,5
56547,5
56548,5
56549,5
56550,5
56551,5
56552,5
56553,5
56554,5
56555,5
56556,5
56557,5
56558,5
56559,5
56560,5
56561,5
56562,5
56563,5
56564,5
56565,5
56566,5
56567,5
56568,5
56569,5
56570,5
56571,5
56572,5
56573,5
56574,5
56575,5
56576,5
56577,5
56578,5
56579,5
56580,5
56581,5
56582,5
56583,5
56584,5
56585,5
56586,5
56587,5
56588,5
56589,5
56590,5
56591,5
56592,5
56593,5
56594,5
56595,5
56596,5
56597,5
56598,5
56599,5
56600,5
56601,5
56602,5
56603,5
56604,5
56605,5
56606,5
56607,5
56608,5
56609,5
56610,5
56611,5
56612,5
56613,5
56614,5
56615,5
56616,5
56617,5
56618,5
56619,5
56620,5
56621,5
56622,5
56623,5
56624,5
56625,5
56626,5
56627,5
56628,5
56629,5
56630,5
56631,5
56632,5
56633,5
56634,5
56635,5
56636,5
56637,5
56638,5
56639,5
56640,5
56641,5
56642,5
56643,5
56644,5
56645,5
56646,5
56647,5
56648,5
56649,5
56650,5
56651,5
56652,5
56653,5
56654,5
56655,5
56656,5
56657,5
56658,5
56659,5
56660,5
56661,5
56662,5
56663,5
56664,5
56665,5
56666,5
56667,5
56668,5
56669,5
56670,5
56671,5
56672,5
56673,5
56674,5
56675,5
56676,5
56677,5
56678,5
56679,5
56680,5
56681,5
56682,5
56683,5
56684,5
56685,5
56686,5
56687,5
56688,5
56689,5
56690,5
56691,5
56692,5
56693,5
56694,5
56695,5
56696,5
56697,5
56698,5
56699,5
56700,5
56701,5
56702,5
56703,5
56704,5
56705,5
56706,5
56707,5
56708,5
56709,5
56710,5
56711,5
56712,5
56713,5
56714,5
56715,5
56716,5
56717,5
56718,5
56719,5
56720,5
56721,5
56722,5
56723,5
56724,5
56725,5
56726,5
56727,5
56728,5
56729,5
56730,5
56731,5
56732,5
56733,5
56734,5
56735,5
56736,5
56737,5
56738,5
56739,5
56740,5
56741,5
56742,5
56743,5
56744,5
56745,5
56746,5
56747,5
56748,5
56749,5
56750,5
56751,5
56752,5
56753,5
56754,5
56755,5
56756,5
56757,5
56758,5
56759,5
56760,5
56761,5
56762,5
56763,5
56764,5
56765,5
56766,5
56767,5
56768,5
56769,5
56770,5
56771,5
56772,5
56773,5
56774,5
56775,5
56776,5
56777,5
56778,5
56779,5
56780,5
56781,5
56782,5
56783,5
56784,5
56785,5
56786,5
56787,5
56788,5
56789,5
56790,5
56791,5
56792,5
56793,5
56794,5
56795,5
56796,5
56797,5
56798,5
56799,5
56800,5
56801,5
56802,5
56803,5
56804,5
56805,5
56806,5
56807,5
56808,5
56809,5
56810,5
56811,5
56812,5
56813,5
56814,5
56815,5
56816,5
56817,5
56818,5
56819,5
56820,5
56821,5
56822,5
56823,5
56824,5
56825,5
56826,5
56827,5
56828,5
56829,5
56830,5
56831,5
56832,5
56833,5
56834,5
56835,5
56836,5
56837,5
56838,5
56839,5
56840,5
56841,5
56842,5
56843,5
56844,5
56845,5
56846,5
56847,5
56848,5
56849,5
56850,5
56851,5
56852,5
56853,5
56854,5
56855,5
56856,5
56857,5
56858,5
56859,5
56860,5
56861,5
56862,5
56863,5
56864,5
56865,5
56866,5
56867,5
56868,5
56869,5
56870,5
56871,5
56872,5
56873,5
56874,5
56875,5
56876,5
56877,5
56878,5
56879,5
56880,5
56881,5
56882,5
56883,5
56884,5
56885,5
56886,5
56887,5
56888,5
56889,5
56890,5
56891,5
56892,5
56893,5
56894,5
56895,5
56896,5
56897,5
56898,5
56899,5
56900,5
56901,5
56902,5
56903,5
56904,5
56905,5
56906,5
56907,5
56908,5
56909,5
56910,5
56911,5
56912,5
56913,5
56914,5
56915,5
56916,5
56917,5
56918,5
56919,5
56920,5
56921,5
56922,5
56923,5
56924,5
56925,5
56926,5
56927,5
56928,5
56929,5
56930,5
56931,5
56932,5
56933,5
56934,5
56935,5
56936,5
56937,5
56938,5
56939,5
56940,5
56941,5
56942,5
56943,5
56944,5
56945,5
56946,5
56947,5
56948,5
56949,5
56950,5
56951,5
56952,5
56953,5
56954,5
56955,5
56956,5
56957,5
56958,5
56959,5
56960,5
56961,5
56962,5
56963,5
56964,5
56965,5
56966,5
56967,5
56968,5
56969,5
56970,5
56971,5
56972,5
56973,5
56974,5
56975,5
56976,5
56977,5
56978,5
56979,5
56980,5
56981,5
56982,5
56983,5
56984,5
56985,5
56986,5
56987,5
56988,5
56989,5
56990,5
56991,5
56992,5
56993,5
56994,5
56995,5
56996,5
56997,5
56998,5
56999,5
57000,5
57001,5
57002,5
57003,5
57004,5
57005,5
57006,5
57007,5
57008,5
57009,5
57010,5
57011,5
57012,5
57013,5
57014,5
57015,5
57016,5
57017,5
57018,5
57019,5
57020,5
57021,5
57022,5
57023,5
57024,5
57025,5
57026,5
57027,5
57028,5
57029,5
57030,5
57031,5
57032,5
57033,5
57034,5
57035,5
57036,5
57037,5
57038,5
57039,5
57040,5
57041,5
57042,5
57043,5
57044,5
57045,5
57046,5
57047,5
57048,5
57049,5
57050,5
57051,5
57052,5
57053,5
57054,5
57055,5
57056,5
57057,5
57058,5
57059,5
57060,5
57061,5
57062,5
57063,5
57064,5
57065,5
57066,5
57067,5
57068,5
57069,5
57070,5
57071,5
57072,5
57073,5
57074,5
57075,5
57076,5
57077,5
57078,5
57079,5
57080,5
57081,5
57082,5
57083,5
57084,5
57085,5
57086,5
57087,5
57088,5
57089,5
57090,5
57091,5
57092,5
57093,5
57094,5
57095,5
57096,5
57097,5
57098,5
57099,5
57100,5
57101,5
57102,5
57103,5
57104,5
57105,5
57106,5
57107,5
57108,5
57109,5
57110,5
57111,5
57112,5
57113,5
57114,5
57115,5
57116,5
57117,5
57118,5
57119,5
57120,5
57121,5
57122,5
57123,5
57124,5
57125,5
57126,5
57127,5
57128,5
57129,5
57130,5
57131,5
57132,5
57133,5
57134,5
57135,5
57136,5
57137,5
57138,5
57139,5
57140,5
57141,5
57142,5
57143,5
57144,5
57145,5
57146,5
57147,5
57148,5
57149,5
57150,5
57151,5
57152,5
57153,5
57154,5
57155,5
57156,5
57157,5
57158,5
57159,5
57160,5
57161,5
57162,5
57163,5
57164,5
57165,5
57166,5
57167,5
57168,5
57169,5
57170,5
57171,5
57172,5
57173,5
57174,5
57175,5
57176,5
57177,5
57178,5
57179,5
57180,5
57181,5
57182,5
57183,5
57184,5
57185,5
57186,5
57187,5
57188,5
57189,5
57190,5
57191,5
57192,5
57193,5
57194,5
57195,5
57196,5
57197,5
57198,5
57199,5
57200,5
57201,5
57202,5
57203,5
57204,5
57205,5
57206,5
57207,5
57208,5
57209,5
57210,5
57211,5
57212,5
57213,5
57214,5
57215,5
57216,5
57217,5
57218,5
57219,5
57220,5
57221,5
57222,5
57223,5
57224,5
57225,5
57226,5
57227,5
57228,5
57229,5
57230,5
57231,5
57232,5
57233,5
57234,5
57235,5
57236,5
57237,5
57238,5
57239,5
57240,5
57241,5
57242,5
57243,5
57244,5
57245,5
57246,5
57247,5
57248,5
57249,5
57250,5
57251,5
57252,5
57253,5
57254,5
57255,5
57256,5
57257,5
57258,5
57259,5
57260,5
57261,5
57262,5
57263,5
57264,5
57265,5
57266,5
57267,5
57268,5
57269,5
57270,5
57271,5
57272,5
57273,5
57274,5
57275,5
57276,5
57277,5
57278,5
57279,5
57280,5
57281,5
57282,5
57283,5
57284,5
57285,5
57286,5
57287,5
57288,5
57289,5
57290,5
57291,5
57292,5
57293,5
57294,5
57295,5
57296,5
57297,5
57298,5
57299,5
57300,5
57301,5
57302,5
57303,5
57304,5
57305,5
57306,5
57307,5
57308,5
57309,5
57310,5
57311,5
57312,5
57313,5
57314,5
57315,5
57316,5
57317,5
57318,5
57319,5
57320,5
57321,5
57322,5
57323,5
57324,5
57325,5
57326,5
57327,5
57328,5
57329,5
57330,5
57331,5
57332,5
57333,5
57334,5
57335,5
57336,5
57337,5
57338,5
57339,5
57340,5
57341,5
57342,5
57343,5
57344,5
57345,5
57346,5
57347,5
57348,5
57349,5
57350,5
57351,5
57352,5
57353,5
57354,5
57355,5
57356,5
57357,5
57358,5
57359,5
57360,5
57361,5
57362,5
57363,5
57364,5
57365,5
57366,5
57367,5
57368,5
57369,5
57370,5
57371,5
57372,5
57373,5
57374,5
57375,5
57376,5
57377,5
57378,5
57379,5
57380,5
57381,5
57382,5
57383,5
57384,5
57385,5
57386,5
57387,5
57388,5
57389,5
57390,5
57391,5
57392,5
57393,5
57394,5
57395,5
57396,5
57397,5
57398,5
57399,5
57400,5
57401,5
57402,5
57403,5
57404,5
57405,5
57406,5
57407,5
57408,5
57409,5
57410,5
57411,5
57412,5
57413,5
57414,5
57415,5
57416,5
57417,5
57418,5
57419,5
57420,5
57421,5
57422,5
57423,5
57424,5
57425,5
57426,5
57427,5
57428,5
57429,5
57430,5
57431,5
57432,5
57433,5
57434,5
57435,5
57436,5
57437,5
57438,5
57439,5
57440,5
57441,5
57442,5
57443,5
57444,5
57445,5
57446,5
57447,5
57448,5
57449,5
57450,5
57451,5
57452,5
57453,5
57454,5
57455,5
57456,5
57457,5
57458,5
57459,5
57460,5
57461,5
57462,5
57463,5
57464,5
57465,5
57466,5
57467,5
57468,5
57469,5
57470,5
57471,5
57472,5
57473,5
57474,5
57475,5
57476,5
57477,5
57478,5
57479,5
57480,5
57481,5
57482,5
57483,5
57484,5
57485,5
57486,5
57487,5
57488,5
57489,5
57490,5
57491,5
57492,5
57493,5
57494,5
57495,5
57496,5
57497,5
57498,5
57499,5
57500,5
57501,5
57502,5
57503,5
57504,5
57505,5
57506,5
57507,5
57508,5
57509,5
57510,5
57511,5
57512,5
57513,5
57514,5
57515,5
57516,5
57517,5
57518,5
57519,5
57520,5
57521,5
57522,5
57523,5
57524,5
57525,5
57526,5
57527,5
57528,5
57529,5
57530,5
57531,5
57532,5
57533,5
57534,5
57535,5
57536,5
57537,5
57538,5
57539,5
57540,5
57541,5
57542,5
57543,5
57544,5
57545,5
57546,5
57547,5
57548,5
57549,5
57550,5
57551,5
57552,5
57553,5
57554,5
57555,5
57556,5
57557,5
57558,5
57559,5
57560,5
57561,5
57562,5
57563,5
57564,5
57565,5
57566,5
57567,5
57568,5
57569,5
57570,5
57571,5
57572,5
57573,5
57574,5
57575,5
57576,5
57577,5
57578,5
57579,5
57580,5
57581,5
57582,5
57583,5
57584,5
57585,5
57586,5
57587,5
57588,5
57589,5
57590,5
57591,5
57592,5
57593,5
57594,5
57595,5
57596,5
57597,5
57598,5
57599,5
57600,5
57601,5
57602,5
57603,5
57604,5
57605,5
57606,5
57607,5
57608,5
57609,5
57610,5
57611,5
57612,5
57613,5
57614,5
57615,5
57616,5
57617,5
57618,5
57619,5
57620,5
57621,5
57622,5
57623,5
57624,5
57625,5
57626,5
57627,5
57628,5
57629,5
57630,5
57631,5
57632,5
57633,5
57634,5
57635,5
57636,5
57637,5
57638,5
57639,5
57640,5
57641,5
57642,5
57643,5
57644,5
57645,5
57646,5
57647,5
57648,5
57649,5
57650,5
57651,5
57652,5
57653,5
57654,5
57655,5
57656,5
57657,5
57658,5
57659,5
57660,5
57661,5
57662,5
57663,5
57664,5
57665,5
57666,5
57667,5
57668,5
57669,5
57670,5
57671,5
57672,5
57673,5
57674,5
57675,5
57676,5
57677,5
57678,5
57679,5
57680,5
57681,5
57682,5
57683,5
57684,5
57685,5
57686,5
57687,5
57688,5
57689,5
57690,5
57691,5
57692,5
57693,5
57694,5
57695,5
57696,5
57697,5
57698,5
57699,5
57700,5
57701,5
57702,5
57703,5
57704,5
57705,5
57706,5
57707,5
57708,5
57709,5
57710,5
57711,5
57712,5
57713,5
57714,5
57715,5
57716,5
57717,5
57718,5
57719,5
57720,5
57721,5
57722,5
57723,5
57724,5
57725,5
57726,5
57727,5
57728,5
57729,5
57730,5
57731,5
57732,5
57733,5
57734,5
57735,5
57736,5
57737,5
57738,5
57739,5
57740,5
57741,5
57742,5
57743,5
57744,5
57745,5
57746,5
57747,5
57748,5
57749,5
57750,5
57751,5
57752,5
57753,5
57754,5
57755,5
57756,5
57757,5
57758,5
57759,5
57760,5
57761,5
57762,5
57763,5
57764,5
57765,5
57766,5
57767,5
57768,5
57769,5
57770,5
57771,5
57772,5
57773,5
57774,5
57775,5
57776,5
57777,5
57778,5
57779,5
57780,5
57781,5
57782,5
57783,5
57784,5
57785,5
57786,5
57787,5
57788,5
57789,5
57790,5
57791,5
57792,5
57793,5
57794,5
57795,5
57796,5
57797,5
57798,5
57799,5
57800,5
57801,5
57802,5
57803,5
57804,5
57805,5
57806,5
57807,5
57808,5
57809,5
57810,5
57811,5
57812,5
57813,5
57814,5
57815,5
57816,5
57817,5
57818,5
57819,5
57820,5
57821,5
57822,5
57823,5
57824,5
57825,5
57826,5
57827,5
57828,5
57829,5
57830,5
57831,5
57832,5
57833,5
57834,5
57835,5
57836,5
57837,5
57838,5
57839,5
57840,5
57841,5
57842,5
57843,5
57844,5
57845,5
57846,5
57847,5
57848,5
57849,5
57850,5
57851,5
57852,5
57853,5
57854,5
57855,5
57856,5
57857,5
57858,5
57859,5
57860,5
57861,5
57862,5
57863,5
57864,5
57865,5
57866,5
57867,5
57868,5
57869,5
57870,5
57871,5
57872,5
57873,5
57874,5
57875,5
57876,5
57877,5
57878,5
57879,5
57880,5
57881,5
57882,5
57883,5
57884,5
57885,5
57886,5
57887,5
57888,5
57889,5
57890,5
57891,5
57892,5
57893,5
57894,5
57895,5
57896,5
57897,5
57898,5
57899,5
57900,5
57901,5
57902,5
57903,5
57904,5
57905,5
57906,5
57907,5
57908,5
57909,5
57910,5
57911,5
57912,5
57913,5
57914,5
57915,5
57916,5
57917,5
57918,5
57919,5
57920,5
57921,5
57922,5
57923,5
57924,5
57925,5
57926,5
57927,5
57928,5
57929,5
57930,5
57931,5
57932,5
57933,5
57934,5
57935,5
57936,5
57937,5
57938,5
57939,5
57940,5
57941,5
57942,5
57943,5
57944,5
57945,5
57946,5
57947,5
57948,5
57949,5
57950,5
57951,5
57952,5
57953,5
57954,5
57955,5
57956,5
57957,5
57958,5
57959,5
57960,5
57961,5
57962,5
57963,5
57964,5
57965,5
57966,5
57967,5
57968,5
57969,5
57970,5
57971,5
57972,5
57973,5
57974,5
57975,5
57976,5
57977,5
57978,5
57979,5
57980,5
57981,5
57982,5
57983,5
57984,5
57985,5
57986,5
57987,5
57988,5
57989,5
57990,5
57991,5
57992,5
57993,5
57994,5
57995,5
57996,5
57997,5
57998,5
57999,5
58000,5
58001,5
58002,5
58003,5
58004,5
58005,5
58006,5
58007,5
58008,5
58009,5
58010,5
58011,5
58012,5
58013,5
58014,5
58015,5
58016,5
58017,5
58018,5
58019,5
58020,5
58021,5
58022,5
58023,5
58024,5
58025,5
58026,5
58027,5
58028,5
58029,5
58030,5
58031,5
58032,5
58033,5
58034,5
58035,5
58036,5
58037,5
58038,5
58039,5
58040,5
58041,5
58042,5
58043,5
58044,5
58045,5
58046,5
58047,5
58048,5
58049,5
58050,5
58051,5
58052,5
58053,5
58054,5
58055,5
58056,5
58057,5
58058,5
58059,5
58060,5
58061,5
58062,5
58063,5
58064,5
58065,5
58066,5
58067,5
58068,5
58069,5
58070,5
58071,5
58072,5
58073,5
58074,5
58075,5
58076,5
58077,5
58078,5
58079,5
58080,5
58081,5
58082,5
58083,5
58084,5
58085,5
58086,5
58087,5
58088,5
58089,5
58090,5
58091,5
58092,5
58093,5
58094,5
58095,5
58096,5
58097,5
58098,5
58099,5
58100,5
58101,5
58102,5
58103,5
58104,5
58105,5
58106,5
58107,5
58108,5
58109,5
58110,5
58111,5
58112,5
58113,5
58114,5
58115,5
58116,5
58117,5
58118,5
58119,5
58120,5
58121,5
58122,5
58123,5
58124,5
58125,5
58126,5
58127,5
58128,5
58129,5
58130,5
58131,5
58132,5
58133,5
58134,5
58135,5
58136,5
58137,5
58138,5
58139,5
58140,5
58141,5
58142,5
58143,5
58144,5
58145,5
58146,5
58147,5
58148,5
58149,5
58150,5
58151,5
58152,5
58153,5
58154,5
58155,5
58156,5
58157,5
58158,5
58159,5
58160,5
58161,5
58162,5
58163,5
58164,5
58165,5
58166,5
58167,5
58168,5
58169,5
58170,5
58171,5
58172,5
58173,5
58174,5
58175,5
58176,5
58177,5
58178,5
58179,5
58180,5
58181,5
58182,5
58183,5
58184,5
58185,5
58186,5
58187,5
58188,5
58189,5
58190,5
58191,5
58192,5
58193,5
58194,5
58195,5
58196,5
58197,5
58198,5
58199,5
58200,5
58201,5
58202,5
58203,5
58204,5
58205,5
58206,5
58207,5
58208,5
58209,5
58210,5
58211,5
58212,5
58213,5
58214,5
58215,5
58216,5
58217,5
58218,5
58219,5
58220,5
58221,5
58222,5
58223,5
58224,5
58225,5
58226,5
58227,5
58228,5
58229,5
58230,5
58231,5
58232,5
58233,5
58234,5
58235,5
58236,5
58237,5
58238,5
58239,5
58240,5
58241,5
58242,5
58243,5
58244,5
58245,5
58246,5
58247,5
58248,5
58249,5
58250,5
58251,5
58252,5
58253,5
58254,5
58255,5
58256,5
58257,5
58258,5
58259,5
58260,5
58261,5
58262,5
58263,5
58264,5
58265,5
58266,5
58267,5
58268,5
58269,5
58270,5
58271,5
58272,5
58273,5
58274,5
58275,5
58276,5
58277,5
58278,5
58279,5
58280,5
58281,5
58282,5
58283,5
58284,5
58285,5
58286,5
58287,5
58288,5
58289,5
58290,5
58291,5
58292,5
58293,5
58294,5
58295,5
58296,5
58297,5
58298,5
58299,5
58300,5
58301,5
58302,5
58303,5
58304,5
58305,5
58306,5
58307,5
58308,5
58309,5
58310,5
58311,5
58312,5
58313,5
58314,5
58315,5
58316,5
58317,5
58318,5
58319,5
58320,5
58321,5
58322,5
58323,5
58324,5
58325,5
58326,5
58327,5
58328,5
58329,5
58330,5
58331,5
58332,5
58333,5
58334,5
58335,5
58336,5
58337,5
58338,5
58339,5
58340,5
58341,5
58342,5
58343,5
58344,5
58345,5
58346,5
58347,5
58348,5
58349,5
58350,5
58351,5
58352,5
58353,5
58354,5
58355,5
58356,5
58357,5
58358,5
58359,5
58360,5
58361,5
58362,5
58363,5
58364,5
58365,5
58366,5
58367,5
58368,5
58369,5
58370,5
58371,5
58372,5
58373,5
58374,5
58375,5
58376,5
58377,5
58378,5
58379,5
58380,5
58381,5
58382,5
58383,5
58384,5
58385,5
58386,5
58387,5
58388,5
58389,5
58390,5
58391,5
58392,5
58393,5
58394,5
58395,5
58396,5
58397,5
58398,5
58399,5
58400,5
58401,5
58402,5
58403,5
58404,5
58405,5
58406,5
58407,5
58408,5
58409,5
58410,5
58411,5
58412,5
58413,5
58414,5
58415,5
58416,5
58417,5
58418,5
58419,5
58420,5
58421,5
58422,5
58423,5
58424,5
58425,5
58426,5
58427,5
58428,5
58429,5
58430,5
58431,5
58432,5
58433,5
58434,5
58435,5
58436,5
58437,5
58438,5
58439,5
58440,5
58441,5
58442,5
58443,5
58444,5
58445,5
58446,5
58447,5
58448,5
58449,5
58450,5
58451,5
58452,5
58453,5
58454,5
58455,5
58456,5
58457,5
58458,5
58459,5
58460,5
58461,5
58462,5
58463,5
58464,5
58465,5
58466,5
58467,5
58468,5
58469,5
58470,5
58471,5
58472,5
58473,5
58474,5
58475,5
58476,5
58477,5
58478,5
58479,5
58480,5
58481,5
58482,5
58483,5
58484,5
58485,5
58486,5
58487,5
58488,5
58489,5
58490,5
58491,5
58492,5
58493,5
58494,5
58495,5
58496,5
58497,5
58498,5
58499,5
58500,5
58501,5
58502,5
58503,5
58504,5
58505,5
58506,5
58507,5
58508,5
58509,5
58510,5
58511,5
58512,5
58513,5
58514,5
58515,5
58516,5
58517,5
58518,5
58519,5
58520,5
58521,5
58522,5
58523,5
58524,5
58525,5
58526,5
58527,5
58528,5
58529,5
58530,5
58531,5
58532,5
58533,5
58534,5
58535,5
58536,5
58537,5
58538,5
58539,5
58540,5
58541,5
58542,5
58543,5
58544,5
58545,5
58546,5
58547,5
58548,5
58549,5
58550,5
58551,5
58552,5
58553,5
58554,5
58555,5
58556,5
58557,5
58558,5
58559,5
58560,5
58561,5
58562,5
58563,5
58564,5
58565,5
58566,5
58567,5
58568,5
58569,5
58570,5
58571,5
58572,5
58573,5
58574,5
58575,5
58576,5
58577,5
58578,5
58579,5
58580,5
58581,5
58582,5
58583,5
58584,5
58585,5
58586,5
58587,5
58588,5
58589,5
58590,5
58591,5
58592,5
58593,5
58594,5
58595,5
58596,5
58597,5
58598,5
58599,5
58600,5
58601,5
58602,5
58603,5
58604,5
58605,5
58606,5
58607,5
58608,5
58609,5
58610,5
58611,5
58612,5
58613,5
58614,5
58615,5
58616,5
58617,5
58618,5
58619,5
58620,5
58621,5
58622,5
58623,5
58624,5
58625,5
58626,5
58627,5
58628,5
58629,5
58630,5
58631,5
58632,5
58633,5
58634,5
58635,5
58636,5
58637,5
58638,5
58639,5
58640,5
58641,5
58642,5
58643,5
58644,5
58645,5
58646,5
58647,5
58648,5
58649,5
58650,5
58651,5
58652,5
58653,5
58654,5
58655,5
58656,5
58657,5
58658,5
58659,5
58660,5
58661,5
58662,5
58663,5
58664,5
58665,5
58666,5
58667,5
58668,5
58669,5
58670,5
58671,5
58672,5
58673,5
58674,5
58675,5
58676,5
58677,5
58678,5
58679,5
58680,5
58681,5
58682,5
58683,5
58684,5
58685,5
58686,5
58687,5
58688,5
58689,5
58690,5
58691,5
58692,5
58693,5
58694,5
58695,5
58696,5
58697,5
58698,5
58699,5
58700,5
58701,5
58702,5
58703,5
58704,5
58705,5
58706,5
58707,5
58708,5
58709,5
58710,5
58711,5
58712,5
58713,5
58714,5
58715,5
58716,5
58717,5
58718,5
58719,5
58720,5
58721,5
58722,5
58723,5
58724,5
58725,5
58726,5
58727,5
58728,5
58729,5
58730,5
58731,5
58732,5
58733,5
58734,5
58735,5
58736,5
58737,5
58738,5
58739,5
58740,5
58741,5
58742,5
58743,5
58744,5
58745,5
58746,5
58747,5
58748,5
58749,5
58750,5
58751,5
58752,5
58753,5
58754,5
58755,5
58756,5
58757,5
58758,5
58759,5
58760,5
58761,5
58762,5
58763,5
58764,5
58765,5
58766,5
58767,5
58768,5
58769,5
58770,5
58771,5
58772,5
58773,5
58774,5
58775,5
58776,5
58777,5
58778,5
58779,5
58780,5
58781,5
58782,5
58783,5
58784,5
58785,5
58786,5
58787,5
58788,5
58789,5
58790,5
58791,5
58792,5
58793,5
58794,5
58795,5
58796,5
58797,5
58798,5
58799,5
58800,5
58801,5
58802,5
58803,5
58804,5
58805,5
58806,5
58807,5
58808,5
58809,5
58810,5
58811,5
58812,5
58813,5
58814,5
58815,5
58816,5
58817,5
58818,5
58819,5
58820,5
58821,5
58822,5
58823,5
58824,5
58825,5
58826,5
58827,5
58828,5
58829,5
58830,5
58831,5
58832,5
58833,5
58834,5
58835,5
58836,5
58837,5
58838,5
58839,5
58840,5
58841,5
58842,5
58843,5
58844,5
58845,5
58846,5
58847,5
58848,5
58849,5
58850,5
58851,5
58852,5
58853,5
58854,5
58855,5
58856,5
58857,5
58858,5
58859,5
58860,5
58861,5
58862,5
58863,5
58864,5
58865,5
58866,5
58867,5
58868,5
58869,5
58870,5
58871,5
58872,5
58873,5
58874,5
58875,5
58876,5
58877,5
58878,5
58879,5
58880,5
58881,5
58882,5
58883,5
58884,5
58885,5
58886,5
58887,5
58888,5
58889,5
58890,5
58891,5
58892,5
58893,5
58894,5
58895,5
58896,5
58897,5
58898,5
58899,5
58900,5
58901,5
58902,5
58903,5
58904,5
58905,5
58906,5
58907,5
58908,5
58909,5
58910,5
58911,5
58912,5
58913,5
58914,5
58915,5
58916,5
58917,5
58918,5
58919,5
58920,5
58921,5
58922,5
58923,5
58924,5
58925,5
58926,5
58927,5
58928,5
58929,5
58930,5
58931,5
58932,5
58933,5
58934,5
58935,5
58936,5
58937,5
58938,5
58939,5
58940,5
58941,5
58942,5
58943,5
58944,5
58945,5
58946,5
58947,5
58948,5
58949,5
58950,5
58951,5
58952,5
58953,5
58954,5
58955,5
58956,5
58957,5
58958,5
58959,5
58960,5
58961,5
58962,5
58963,5
58964,5
58965,5
58966,5
58967,5
58968,5
58969,5
58970,5
58971,5
58972,5
58973,5
58974,5
58975,5
58976,5
58977,5
58978,5
58979,5
58980,5
58981,5
58982,5
58983,5
58984,5
58985,5
58986,5
58987,5
58988,5
58989,5
58990,5
58991,5
58992,5
58993,5
58994,5
58995,5
58996,5
58997,5
58998,5
58999,5
59000,5
59001,5
59002,5
59003,5
59004,5
59005,5
59006,5
59007,5
59008,5
59009,5
59010,5
59011,5
59012,5
59013,5
59014,5
59015,5
59016,5
59017,5
59018,5
59019,5
59020,5
59021,5
59022,5
59023,5
59024,5
59025,5
59026,5
59027,5
59028,5
59029,5
59030,5
59031,5
59032,5
59033,5
59034,5
59035,5
59036,5
59037,5
59038,5
59039,5
59040,5
59041,5
59042,5
59043,5
59044,5
59045,5
59046,5
59047,5
59048,5
59049,5
59050,5
59051,5
59052,5
59053,5
59054,5
59055,5
59056,5
59057,5
59058,5
59059,5
59060,5
59061,5
59062,5
59063,5
59064,5
59065,5
59066,5
59067,5
59068,5
59069,5
59070,5
59071,5
59072,5
59073,5
59074,5
59075,5
59076,5
59077,5
59078,5
59079,5
59080,5
59081,5
59082,5
59083,5
59084,5
59085,5
59086,5
59087,5
59088,5
59089,5
59090,5
59091,5
59092,5
59093,5
59094,5
59095,5
59096,5
59097,5
59098,5
59099,5
59100,5
59101,5
59102,5
59103,5
59104,5
59105,5
59106,5
59107,5
59108,5
59109,5
59110,5
59111,5
59112,5
59113,5
59114,5
59115,5
59116,5
59117,5
59118,5
59119,5
59120,5
59121,5
59122,5
59123,5
59124,5
59125,5
59126,5
59127,5
59128,5
59129,5
59130,5
59131,5
59132,5
59133,5
59134,5
59135,5
59136,5
59137,5
59138,5
59139,5
59140,5
59141,5
59142,5
59143,5
59144,5
59145,5
59146,5
59147,5
59148,5
59149,5
59150,5
59151,5
59152,5
59153,5
59154,5
59155,5
59156,5
59157,5
59158,5
59159,5
59160,5
59161,5
59162,5
59163,5
59164,5
59165,5
59166,5
59167,5
59168,5
59169,5
59170,5
59171,5
59172,5
59173,5
59174,5
59175,5
59176,5
59177,5
59178,5
59179,5
59180,5
59181,5
59182,5
59183,5
59184,5
59185,5
59186,5
59187,5
59188,5
59189,5
59190,5
59191,5
59192,5
59193,5
59194,5
59195,5
59196,5
59197,5
59198,5
59199,5
59200,5
59201,5
59202,5
59203,5
59204,5
59205,5
59206,5
59207,5
59208,5
59209,5
59210,5
59211,5
59212,5
59213,5
59214,5
59215,5
59216,5
59217,5
59218,5
59219,5
59220,5
59221,5
59222,5
59223,5
59224,5
59225,5
59226,5
59227,5
59228,5
59229,5
59230,5
59231,5
59232,5
59233,5
59234,5
59235,5
59236,5
59237,5
59238,5
59239,5
59240,5
59241,5
59242,5
59243,5
59244,5
59245,5
59246,5
59247,5
59248,5
59249,5
59250,5
59251,5
59252,5
59253,5
59254,5
59255,5
59256,5
59257,5
59258,5
59259,5
59260,5
59261,5
59262,5
59263,5
59264,5
59265,5
59266,5
59267,5
59268,5
59269,5
59270,5
59271,5
59272,5
59273,5
59274,5
59275,5
59276,5
59277,5
59278,5
59279,5
59280,5
59281,5
59282,5
59283,5
59284,5
59285,5
59286,5
59287,5
59288,5
59289,5
59290,5
59291,5
59292,5
59293,5
59294,5
59295,5
59296,5
59297,5
59298,5
59299,5
59300,5
59301,5
59302,5
59303,5
59304,5
59305,5
59306,5
59307,5
59308,5
59309,5
59310,5
59311,5
59312,5
59313,5
59314,5
59315,5
59316,5
59317,5
59318,5
59319,5
59320,5
59321,5
59322,5
59323,5
59324,5
59325,5
59326,5
59327,5
59328,5
59329,5
59330,5
59331,5
59332,5
59333,5
59334,5
59335,5
59336,5
59337,5
59338,5
59339,5
59340,5
59341,5
59342,5
59343,5
59344,5
59345,5
59346,5
59347,5
59348,5
59349,5
59350,5
59351,5
59352,5
59353,5
59354,5
59355,5
59356,5
59357,5
59358,5
59359,5
59360,5
59361,5
59362,5
59363,5
59364,5
59365,5
59366,5
59367,5
59368,5
59369,5
59370,5
59371,5
59372,5
59373,5
59374,5
59375,5
59376,5
59377,5
59378,5
59379,5
59380,5
59381,5
59382,5
59383,5
59384,5
59385,5
59386,5
59387,5
59388,5
59389,5
59390,5
59391,5
59392,5
59393,5
59394,5
59395,5
59396,5
59397,5
59398,5
59399,5
59400,5
59401,5
59402,5
59403,5
59404,5
59405,5
59406,5
59407,5
59408,5
59409,5
59410,5
59411,5
59412,5
59413,5
59414,5
59415,5
59416,5
59417,5
59418,5
59419,5
59420,5
59421,5
59422,5
59423,5
59424,5
59425,5
59426,5
59427,5
59428,5
59429,5
59430,5
59431,5
59432,5
59433,5
59434,5
59435,5
59436,5
59437,5
59438,5
59439,5
59440,5
59441,5
59442,5
59443,5
59444,5
59445,5
59446,5
59447,5
59448,5
59449,5
59450,5
59451,5
59452,5
59453,5
59454,5
59455,5
59456,5
59457,5
59458,5
59459,5
59460,5
59461,5
59462,5
59463,5
59464,5
59465,5
59466,5
59467,5
59468,5
59469,5
59470,5
59471,5
59472,5
59473,5
59474,5
59475,5
59476,5
59477,5
59478,5
59479,5
59480,5
59481,5
59482,5
59483,5
59484,5
59485,5
59486,5
59487,5
59488,5
59489,5
59490,5
59491,5
59492,5
59493,5
59494,5
59495,5
59496,5
59497,5
59498,5
59499,5
59500,5
59501,5
59502,5
59503,5
59504,5
59505,5
59506,5
59507,5
59508,5
59509,5
59510,5
59511,5
59512,5
59513,5
59514,5
59515,5
59516,5
59517,5
59518,5
59519,5
59520,5
59521,5
59522,5
59523,5
59524,5
59525,5
59526,5
59527,5
59528,5
59529,5
59530,5
59531,5
59532,5
59533,5
59534,5
59535,5
59536,5
59537,5
59538,5
59539,5
59540,5
59541,5
59542,5
59543,5
59544,5
59545,5
59546,5
59547,5
59548,5
59549,5
59550,5
59551,5
59552,5
59553,5
59554,5
59555,5
59556,5
59557,5
59558,5
59559,5
59560,5
59561,5
59562,5
59563,5
59564,5
59565,5
59566,5
59567,5
59568,5
59569,5
59570,5
59571,5
59572,5
59573,5
59574,5
59575,5
59576,5
59577,5
59578,5
59579,5
59580,5
59581,5
59582,5
59583,5
59584,5
59585,5
59586,5
59587,5
59588,5
59589,5
59590,5
59591,5
59592,5
59593,5
59594,5
59595,5
59596,5
59597,5
59598,5
59599,5
59600,5
59601,5
59602,5
59603,5
59604,5
59605,5
59606,5
59607,5
59608,5
59609,5
59610,5
59611,5
59612,5
59613,5
59614,5
59615,5
59616,5
59617,5
59618,5
59619,5
59620,5
59621,5
59622,5
59623,5
59624,5
59625,5
59626,5
59627,5
59628,5
59629,5
59630,5
59631,5
59632,5
59633,5
59634,5
59635,5
59636,5
59637,5
59638,5
59639,5
59640,5
59641,5
59642,5
59643,5
59644,5
59645,5
59646,5
59647,5
59648,5
59649,5
59650,5
59651,5
59652,5
59653,5
59654,5
59655,5
59656,5
59657,5
59658,5
59659,5
59660,5
59661,5
59662,5
59663,5
59664,5
59665,5
59666,5
59667,5
59668,5
59669,5
59670,5
59671,5
59672,5
59673,5
59674,5
59675,5
59676,5
59677,5
59678,5
59679,5
59680,5
59681,5
59682,5
59683,5
59684,5
59685,5
59686,5
59687,5
59688,5
59689,5
59690,5
59691,5
59692,5
59693,5
59694,5
59695,5
59696,5
59697,5
59698,5
59699,5
59700,5
59701,5
59702,5
59703,5
59704,5
59705,5
59706,5
59707,5
59708,5
59709,5
59710,5
59711,5
59712,5
59713,5
59714,5
59715,5
59716,5
59717,5
59718,5
59719,5
59720,5
59721,5
59722,5
59723,5
59724,5
59725,5
59726,5
59727,5
59728,5
59729,5
59730,5
59731,5
59732,5
59733,5
59734,5
59735,5
59736,5
59737,5
59738,5
59739,5
59740,5
59741,5
59742,5
59743,5
59744,5
59745,5
59746,5
59747,5
59748,5
59749,5
59750,5
59751,5
59752,5
59753,5
59754,5
59755,5
59756,5
59757,5
59758,5
59759,5
59760,5
59761,5
59762,5
59763,5
59764,5
59765,5
59766,5
59767,5
59768,5
59769,5
59770,5
59771,5
59772,5
59773,5
59774,5
59775,5
59776,5
59777,5
59778,5
59779,5
59780,5
59781,5
59782,5
59783,5
59784,5
59785,5
59786,5
59787,5
59788,5
59789,5
59790,5
59791,5
59792,5
59793,5
59794,5
59795,5
59796,5
59797,5
59798,5
59799,5
59800,5
59801,5
59802,5
59803,5
59804,5
59805,5
59806,5
59807,5
59808,5
59809,5
59810,5
59811,5
59812,5
59813,5
59814,5
59815,5
59816,5
59817,5
59818,5
59819,5
59820,5
59821,5
59822,5
59823,5
59824,5
59825,5
59826,5
59827,5
59828,5
59829,5
59830,5
59831,5
59832,5
59833,5
59834,5
59835,5
59836,5
59837,5
59838,5
59839,5
59840,5
59841,5
59842,5
59843,5
59844,5
59845,5
59846,5
59847,5
59848,5
59849,5
59850,5
59851,5
59852,5
59853,5
59854,5
59855,5
59856,5
59857,5
59858,5
59859,5
59860,5
59861,5
59862,5
59863,5
59864,5
59865,5
59866,5
59867,5
59868,5
59869,5
59870,5
59871,5
59872,5
59873,5
59874,5
59875,5
59876,5
59877,5
59878,5
59879,5
59880,5
59881,5
59882,5
59883,5
59884,5
59885,5
59886,5
59887,5
59888,5
59889,5
59890,5
59891,5
59892,5
59893,5
59894,5
59895,5
59896,5
59897,5
59898,5
59899,5
59900,5
59901,5
59902,5
59903,5
59904,5
59905,5
59906,5
59907,5
59908,5
59909,5
59910,5
59911,5
59912,5
59913,5
59914,5
59915,5
59916,5
59917,5
59918,5
59919,5
59920,5
59921,5
59922,5
59923,5
59924,5
59925,5
59926,5
59927,5
59928,5
59929,5
59930,5
59931,5
59932,5
59933,5
59934,5
59935,5
59936,5
59937,5
59938,5
59939,5
59940,5
59941,5
59942,5
59943,5
59944,5
59945,5
59946,5
59947,5
59948,5
59949,5
59950,5
59951,5
59952,5
59953,5
59954,5
59955,5
59956,5
59957,5
59958,5
59959,5
59960,5
59961,5
59962,5
59963,5
59964,5
59965,5
59966,5
59967,5
59968,5
59969,5
59970,5
59971,5
59972,5
59973,5
59974,5
59975,5
59976,5
59977,5
59978,5
59979,5
59980,5
59981,5
59982,5
59983,5
59984,5
59985,5
59986,5
59987,5
59988,5
59989,5
59990,5
59991,5
59992,5
59993,5
59994,5
59995,5
59996,5
59997,5
59998,5
59999,5
60000,5
60001,5
60002,5
60003,5
60004,5
60005,5
60006,5
60007,5
60008,5
60009,5
60010,5
60011,5
60012,5
60013,5
60014,5
60015,5
60016,5
60017,5
60018,5
60019,5
60020,5
60021,5
60022,5
60023,5
60024,5
60025,5
60026,5
60027,5
60028,5
60029,5
60030,5
60031,5
60032,5
60033,5
60034,5
60035,5
60036,5
60037,5
60038,5
60039,5
60040,5
60041,5
60042,5
60043,5
60044,5
60045,5
60046,5
60047,5
60048,5
60049,5
60050,5
60051,5
60052,5
60053,5
60054,5
60055,5
60056,5
60057,5
60058,5
60059,5
60060,5
60061,5
60062,5
60063,5
60064,5
60065,5
60066,5
60067,5
60068,5
60069,5
60070,5
60071,5
60072,5
60073,5
60074,5
60075,5
60076,5
60077,5
60078,5
60079,5
60080,5
60081,5
60082,5
60083,5
60084,5
60085,5
60086,5
60087,5
60088,5
60089,5
60090,5
60091,5
60092,5
60093,5
60094,5
60095,5
60096,5
60097,5
60098,5
60099,5
60100,5
60101,5
60102,5
60103,5
60104,5
60105,5
60106,5
60107,5
60108,5
60109,5
60110,5
60111,5
60112,5
60113,5
60114,5
60115,5
60116,5
60117,5
60118,5
60119,5
60120,5
60121,5
60122,5
60123,5
60124,5
60125,5
60126,5
60127,5
60128,5
60129,5
60130,5
60131,5
60132,5
60133,5
60134,5
60135,5
60136,5
60137,5
60138,5
60139,5
60140,5
60141,5
60142,5
60143,5
60144,5
60145,5
60146,5
60147,5
60148,5
60149,5
60150,5
60151,5
60152,5
60153,5
60154,5
60155,5
60156,5
60157,5
60158,5
60159,5
60160,5
60161,5
60162,5
60163,5
60164,5
60165,5
60166,5
60167,5
60168,5
60169,5
60170,5
60171,5
60172,5
60173,5
60174,5
60175,5
60176,5
60177,5
60178,5
60179,5
60180,5
60181,5
60182,5
60183,5
60184,5
60185,5
60186,5
60187,5
60188,5
60189,5
60190,5
60191,5
60192,5
60193,5
60194,5
60195,5
60196,5
60197,5
60198,5
60199,5
60200,5
60201,5
60202,5
60203,5
60204,5
60205,5
60206,5
60207,5
60208,5
60209,5
60210,5
60211,5
60212,5
60213,5
60214,5
60215,5
60216,5
60217,5
60218,5
60219,5
60220,5
60221,5
60222,5
60223,5
60224,5
60225,5
60226,5
60227,5
60228,5
60229,5
60230,5
60231,5
60232,5
60233,5
60234,5
60235,5
60236,5
60237,5
60238,5
60239,5
60240,5
60241,5
60242,5
60243,5
60244,5
60245,5
60246,5
60247,5
60248,5
60249,5
60250,5
60251,5
60252,5
60253,5
60254,5
60255,5
60256,5
60257,5
60258,5
60259,5
60260,5
60261,5
60262,5
60263,5
60264,5
60265,5
60266,5
60267,5
60268,5
60269,5
60270,5
60271,5
60272,5
60273,5
60274,5
60275,5
60276,5
60277,5
60278,5
60279,5
60280,5
60281,5
60282,5
60283,5
60284,5
60285,5
60286,5
60287,5
60288,5
60289,5
60290,5
60291,5
60292,5
60293,5
60294,5
60295,5
60296,5
60297,5
60298,5
60299,5
60300,5
60301,5
60302,5
60303,5
60304,5
60305,5
60306,5
60307,5
60308,5
60309,5
60310,5
60311,5
60312,5
60313,5
60314,5
60315,5
60316,5
60317,5
60318,5
60319,5
60320,5
60321,5
60322,5
60323,5
60324,5
60325,5
60326,5
60327,5
60328,5
60329,5
60330,5
60331,5
60332,5
60333,5
60334,5
60335,5
60336,5
60337,5
60338,5
60339,5
60340,5
60341,5
60342,5
60343,5
60344,5
60345,5
60346,5
60347,5
60348,5
60349,5
60350,5
60351,5
60352,5
60353,5
60354,5
60355,5
60356,5
60357,5
60358,5
60359,5
60360,5
60361,5
60362,5
60363,5
60364,5
60365,5
60366,5
60367,5
60368,5
60369,5
60370,5
60371,5
60372,5
60373,5
60374,5
60375,5
60376,5
60377,5
60378,5
60379,5
60380,5
60381,5
60382,5
60383,5
60384,5
60385,5
60386,5
60387,5
60388,5
60389,5
60390,5
60391,5
60392,5
60393,5
60394,5
60395,5
60396,5
60397,5
60398,5
60399,5
60400,5
60401,5
60402,5
60403,5
60404,5
60405,5
60406,5
60407,5
60408,5
60409,5
60410,5
60411,5
60412,5
60413,5
60414,5
60415,5
60416,5
60417,5
60418,5
60419,5
60420,5
60421,5
60422,5
60423,5
60424,5
60425,5
60426,5
60427,5
60428,5
60429,5
60430,5
60431,5
60432,5
60433,5
60434,5
60435,5
60436,5
60437,5
60438,5
60439,5
60440,5
60441,5
60442,5
60443,5
60444,5
60445,5
60446,5
60447,5
60448,5
60449,5
60450,5
60451,5
60452,5
60453,5
60454,5
60455,5
60456,5
60457,5
60458,5
60459,5
60460,5
60461,5
60462,5
60463,5
60464,5
60465,5
60466,5
60467,5
60468,5
60469,5
60470,5
60471,5
60472,5
60473,5
60474,5
60475,5
60476,5
60477,5
60478,5
60479,5
60480,5
60481,5
60482,5
60483,5
60484,5
60485,5
60486,5
60487,5
60488,5
60489,5
60490,5
60491,5
60492,5
60493,5
60494,5
60495,5
60496,5
60497,5
60498,5
60499,5
60500,5
60501,5
60502,5
60503,5
60504,5
60505,5
60506,5
60507,5
60508,5
60509,5
60510,5
60511,5
60512,5
60513,5
60514,5
60515,5
60516,5
60517,5
60518,5
60519,5
60520,5
60521,5
60522,5
60523,5
60524,5
60525,5
60526,5
60527,5
60528,5
60529,5
60530,5
60531,5
60532,5
60533,5
60534,5
60535,5
60536,5
60537,5
60538,5
60539,5
60540,5
60541,5
60542,5
60543,5
60544,5
60545,5
60546,5
60547,5
60548,5
60549,5
60550,5
60551,5
60552,5
60553,5
60554,5
60555,5
60556,5
60557,5
60558,5
60559,5
60560,5
60561,5
60562,5
60563,5
60564,5
60565,5
60566,5
60567,5
60568,5
60569,5
60570,5
60571,5
60572,5
60573,5
60574,5
60575,5
60576,5
60577,5
60578,5
60579,5
60580,5
60581,5
60582,5
60583,5
60584,5
60585,5
60586,5
60587,5
60588,5
60589,5
60590,5
60591,5
60592,5
60593,5
60594,5
60595,5
60596,5
60597,5
60598,5
60599,5
60600,5
60601,5
60602,5
60603,5
60604,5
60605,5
60606,5
60607,5
60608,5
60609,5
60610,5
60611,5
60612,5
60613,5
60614,5
60615,5
60616,5
60617,5
60618,5
60619,5
60620,5
60621,5
60622,5
60623,5
60624,5
60625,5
60626,5
60627,5
60628,5
60629,5
60630,5
60631,5
60632,5
60633,5
60634,5
60635,5
60636,5
60637,5
60638,5
60639,5
60640,5
60641,5
60642,5
60643,5
60644,5
60645,5
60646,5
60647,5
60648,5
60649,5
60650,5
60651,5
60652,5
60653,5
60654,5
60655,5
60656,5
60657,5
60658,5
60659,5
60660,5
60661,5
60662,5
60663,5
60664,5
60665,5
60666,5
60667,5
60668,5
60669,5
60670,5
60671,5
60672,5
60673,5
60674,5
60675,5
60676,5
60677,5
60678,5
60679,5
60680,5
60681,5
60682,5
60683,5
60684,5
60685,5
60686,5
60687,5
60688,5
60689,5
60690,5
60691,5
60692,5
60693,5
60694,5
60695,5
60696,5
60697,5
60698,5
60699,5
60700,5
60701,5
60702,5
60703,5
60704,5
60705,5
60706,5
60707,5
60708,5
60709,5
60710,5
60711,5
60712,5
60713,5
60714,5
60715,5
60716,5
60717,5
60718,5
60719,5
60720,5
60721,5
60722,5
60723,5
60724,5
60725,5
60726,5
60727,5
60728,5
60729,5
60730,5
60731,5
60732,5
60733,5
60734,5
60735,5
60736,5
60737,5
60738,5
60739,5
60740,5
60741,5
60742,5
60743,5
60744,5
60745,5
60746,5
60747,5
60748,5
60749,5
60750,5
60751,5
60752,5
60753,5
60754,5
60755,5
60756,5
60757,5
60758,5
60759,5
60760,5
60761,5
60762,5
60763,5
60764,5
60765,5
60766,5
60767,5
60768,5
60769,5
60770,5
60771,5
60772,5
60773,5
60774,5
60775,5
60776,5
60777,5
60778,5
60779,5
60780,5
60781,5
60782,5
60783,5
60784,5
60785,5
60786,5
60787,5
60788,5
60789,5
60790,5
60791,5
60792,5
60793,5
60794,5
60795,5
60796,5
60797,5
60798,5
60799,5
60800,5
60801,5
60802,5
60803,5
60804,5
60805,5
60806,5
60807,5
60808,5
60809,5
60810,5
60811,5
60812,5
60813,5
60814,5
60815,5
60816,5
60817,5
60818,5
60819,5
60820,5
60821,5
60822,5
60823,5
60824,5
60825,5
60826,5
60827,5
60828,5
60829,5
60830,5
60831,5
60832,5
60833,5
60834,5
60835,5
60836,5
60837,5
60838,5
60839,5
60840,5
60841,5
60842,5
60843,5
60844,5
60845,5
60846,5
60847,5
60848,5
60849,5
60850,5
60851,5
60852,5
60853,5
60854,5
60855,5
60856,5
60857,5
60858,5
60859,5
60860,5
60861,5
60862,5
60863,5
60864,5
60865,5
60866,5
60867,5
60868,5
60869,5
60870,5
60871,5
60872,5
60873,5
60874,5
60875,5
60876,5
60877,5
60878,5
60879,5
60880,5
60881,5
60882,5
60883,5
60884,5
60885,5
60886,5
60887,5
60888,5
60889,5
60890,5
60891,5
60892,5
60893,5
60894,5
60895,5
60896,5
60897,5
60898,5
60899,5
60900,5
60901,5
60902,5
60903,5
60904,5
60905,5
60906,5
60907,5
60908,5
60909,5
60910,5
60911,5
60912,5
60913,5
60914,5
60915,5
60916,5
60917,5
60918,5
60919,5
60920,5
60921,5
60922,5
60923,5
60924,5
60925,5
60926,5
60927,5
60928,5
60929,5
60930,5
60931,5
60932,5
60933,5
60934,5
60935,5
60936,5
60937,5
60938,5
60939,5
60940,5
60941,5
60942,5
60943,5
60944,5
60945,5
60946,5
60947,5
60948,5
60949,5
60950,5
60951,5
60952,5
60953,5
60954,5
60955,5
60956,5
60957,5
60958,5
60959,5
60960,5
60961,5
60962,5
60963,5
60964,5
60965,5
60966,5
60967,5
60968,5
60969,5
60970,5
60971,5
60972,5
60973,5
60974,5
60975,5
60976,5
60977,5
60978,5
60979,5
60980,5
60981,5
60982,5
60983,5
60984,5
60985,5
60986,5
60987,5
60988,5
60989,5
60990,5
60991,5
60992,5
60993,5
60994,5
60995,5
60996,5
60997,5
60998,5
60999,5
61000,5
61001,5
61002,5
61003,5
61004,5
61005,5
61006,5
61007,5
61008,5
61009,5
61010,5
61011,5
61012,5
61013,5
61014,5
61015,5
61016,5
61017,5
61018,5
61019,5
61020,5
61021,5
61022,5
61023,5
61024,5
61025,5
61026,5
61027,5
61028,5
61029,5
61030,5
61031,5
61032,5
61033,5
61034,5
61035,5
61036,5
61037,5
61038,5
61039,5
61040,5
61041,5
61042,5
61043,5
61044,5
61045,5
61046,5
61047,5
61048,5
61049,5
61050,5
61051,5
61052,5
61053,5
61054,5
61055,5
61056,5
61057,5
61058,5
61059,5
61060,5
61061,5
61062,5
61063,5
61064,5
61065,5
61066,5
61067,5
61068,5
61069,5
61070,5
61071,5
61072,5
61073,5
61074,5
61075,5
61076,5
61077,5
61078,5
61079,5
61080,5
61081,5
61082,5
61083,5
61084,5
61085,5
61086,5
61087,5
61088,5
61089,5
61090,5
61091,5
61092,5
61093,5
61094,5
61095,5
61096,5
61097,5
61098,5
61099,5
61100,5
61101,5
61102,5
61103,5
61104,5
61105,5
61106,5
61107,5
61108,5
61109,5
61110,5
61111,5
61112,5
61113,5
61114,5
61115,5
61116,5
61117,5
61118,5
61119,5
61120,5
61121,5
61122,5
61123,5
61124,5
61125,5
61126,5
61127,5
61128,5
61129,5
61130,5
61131,5
61132,5
61133,5
61134,5
61135,5
61136,5
61137,5
61138,5
61139,5
61140,5
61141,5
61142,5
61143,5
61144,5
61145,5
61146,5
61147,5
61148,5
61149,5
61150,5
61151,5
61152,5
61153,5
61154,5
61155,5
61156,5
61157,5
61158,5
61159,5
61160,5
61161,5
61162,5
61163,5
61164,5
61165,5
61166,5
61167,5
61168,5
61169,5
61170,5
61171,5
61172,5
61173,5
61174,5
61175,5
61176,5
61177,5
61178,5
61179,5
61180,5
61181,5
61182,5
61183,5
61184,5
61185,5
61186,5
61187,5
61188,5
61189,5
61190,5
61191,5
61192,5
61193,5
61194,5
61195,5
61196,5
61197,5
61198,5
61199,5
61200,5
61201,5
61202,5
61203,5
61204,5
61205,5
61206,5
61207,5
61208,5
61209,5
61210,5
61211,5
61212,5
61213,5
61214,5
61215,5
61216,5
61217,5
61218,5
61219,5
61220,5
61221,5
61222,5
61223,5
61224,5
61225,5
61226,5
61227,5
61228,5
61229,5
61230,5
61231,5
61232,5
61233,5
61234,5
61235,5
61236,5
61237,5
61238,5
61239,5
61240,5
61241,5
61242,5
61243,5
61244,5
61245,5
61246,5
61247,5
61248,5
61249,5
61250,5
61251,5
61252,5
61253,5
61254,5
61255,5
61256,5
61257,5
61258,5
61259,5
61260,5
61261,5
61262,5
61263,5
61264,5
61265,5
61266,5
61267,5
61268,5
61269,5
61270,5
61271,5
61272,5
61273,5
61274,5
61275,5
61276,5
61277,5
61278,5
61279,5
61280,5
61281,5
61282,5
61283,5
61284,5
61285,5
61286,5
61287,5
61288,5
61289,5
61290,5
61291,5
61292,5
61293,5
61294,5
61295,5
61296,5
61297,5
61298,5
61299,5
61300,5
61301,5
61302,5
61303,5
61304,5
61305,5
61306,5
61307,5
61308,5
61309,5
61310,5
61311,5
61312,5
61313,5
61314,5
61315,5
61316,5
61317,5
61318,5
61319,5
61320,5
61321,5
61322,5
61323,5
61324,5
61325,5
61326,5
61327,5
61328,5
61329,5
61330,5
61331,5
61332,5
61333,5
61334,5
61335,5
61336,5
61337,5
61338,5
61339,5
61340,5
61341,5
61342,5
61343,5
61344,5
61345,5
61346,5
61347,5
61348,5
61349,5
61350,5
61351,5
61352,5
61353,5
61354,5
61355,5
61356,5
61357,5
61358,5
61359,5
61360,5
61361,5
61362,5
61363,5
61364,5
61365,5
61366,5
61367,5
61368,5
61369,5
61370,5
61371,5
61372,5
61373,5
61374,5
61375,5
61376,5
61377,5
61378,5
61379,5
61380,5
61381,5
61382,5
61383,5
61384,5
61385,5
61386,5
61387,5
61388,5
61389,5
61390,5
61391,5
61392,5
61393,5
61394,5
61395,5
61396,5
61397,5
61398,5
61399,5
61400,5
61401,5
61402,5
61403,5
61404,5
61405,5
61406,5
61407,5
61408,5
61409,5
61410,5
61411,5
61412,5
61413,5
61414,5
61415,5
61416,5
61417,5
61418,5
61419,5
61420,5
61421,5
61422,5
61423,5
61424,5
61425,5
61426,5
61427,5
61428,5
61429,5
61430,5
61431,5
61432,5
61433,5
61434,5
61435,5
61436,5
61437,5
61438,5
61439,5
61440,5
61441,5
61442,5
61443,5
61444,5
61445,5
61446,5
61447,5
61448,5
61449,5
61450,5
61451,5
61452,5
61453,5
61454,5
61455,5
61456,5
61457,5
61458,5
61459,5
61460,5
61461,5
61462,5
61463,5
61464,5
61465,5
61466,5
61467,5
61468,5
61469,5
61470,5
61471,5
61472,5
61473,5
61474,5
61475,5
61476,5
61477,5
61478,5
61479,5
61480,5
61481,5
61482,5
61483,5
61484,5
61485,5
61486,5
61487,5
61488,5
61489,5
61490,5
61491,5
61492,5
61493,5
61494,5
61495,5
61496,5
61497,5
61498,5
61499,5
61500,5
61501,5
61502,5
61503,5
61504,5
61505,5
61506,5
61507,5
61508,5
61509,5
61510,5
61511,5
61512,5
61513,5
61514,5
61515,5
61516,5
61517,5
61518,5
61519,5
61520,5
61521,5
61522,5
61523,5
61524,5
61525,5
61526,5
61527,5
61528,5
61529,5
61530,5
61531,5
61532,5
61533,5
61534,5
61535,5
61536,5
61537,5
61538,5
61539,5
61540,5
61541,5
61542,5
61543,5
61544,5
61545,5
61546,5
61547,5
61548,5
61549,5
61550,5
61551,5
61552,5
61553,5
61554,5
61555,5
61556,5
61557,5
61558,5
61559,5
61560,5
61561,5
61562,5
61563,5
61564,5
61565,5
61566,5
61567,5
61568,5
61569,5
61570,5
61571,5
61572,5
61573,5
61574,5
61575,5
61576,5
61577,5
61578,5
61579,5
61580,5
61581,5
61582,5
61583,5
61584,5
61585,5
61586,5
61587,5
61588,5
61589,5
61590,5
61591,5
61592,5
61593,5
61594,5
61595,5
61596,5
61597,5
61598,5
61599,5
61600,5
61601,5
61602,5
61603,5
61604,5
61605,5
61606,5
61607,5
61608,5
61609,5
61610,5
61611,5
61612,5
61613,5
61614,5
61615,5
61616,5
61617,5
61618,5
61619,5
61620,5
61621,5
61622,5
61623,5
61624,5
61625,5
61626,5
61627,5
61628,5
61629,5
61630,5
61631,5
61632,5
61633,5
61634,5
61635,5
61636,5
61637,5
61638,5
61639,5
61640,5
61641,5
61642,5
61643,5
61644,5
61645,5
61646,5
61647,5
61648,5
61649,5
61650,5
61651,5
61652,5
61653,5
61654,5
61655,5
61656,5
61657,5
61658,5
61659,5
61660,5
61661,5
61662,5
61663,5
61664,5
61665,5
61666,5
61667,5
61668,5
61669,5
61670,5
61671,5
61672,5
61673,5
61674,5
61675,5
61676,5
61677,5
61678,5
61679,5
61680,5
61681,5
61682,5
61683,5
61684,5
61685,5
61686,5
61687,5
61688,5
61689,5
61690,5
61691,5
61692,5
61693,5
61694,5
61695,5
61696,5
61697,5
61698,5
61699,5
61700,5
61701,5
61702,5
61703,5
61704,5
61705,5
61706,5
61707,5
61708,5
61709,5
61710,5
61711,5
61712,5
61713,5
61714,5
61715,5
61716,5
61717,5
61718,5
61719,5
61720,5
61721,5
61722,5
61723,5
61724,5
61725,5
61726,5
61727,5
61728,5
61729,5
61730,5
61731,5
61732,5
61733,5
61734,5
61735,5
61736,5
61737,5
61738,5
61739,5
61740,5
61741,5
61742,5
61743,5
61744,5
61745,5
61746,5
61747,5
61748,5
61749,5
61750,5
61751,5
61752,5
61753,5
61754,5
61755,5
61756,5
61757,5
61758,5
61759,5
61760,5
61761,5
61762,5
61763,5
61764,5
61765,5
61766,5
61767,5
61768,5
61769,5
61770,5
61771,5
61772,5
61773,5
61774,5
61775,5
61776,5
61777,5
61778,5
61779,5
61780,5
61781,5
61782,5
61783,5
61784,5
61785,5
61786,5
61787,5
61788,5
61789,5
61790,5
61791,5
61792,5
61793,5
61794,5
61795,5
61796,5
61797,5
61798,5
61799,5
61800,5
61801,5
61802,5
61803,5
61804,5
61805,5
61806,5
61807,5
61808,5
61809,5
61810,5
61811,5
61812,5
61813,5
61814,5
61815,5
61816,5
61817,5
61818,5
61819,5
61820,5
61821,5
61822,5
61823,5
61824,5
61825,5
61826,5
61827,5
61828,5
61829,5
61830,5
61831,5
61832,5
61833,5
61834,5
61835,5
61836,5
61837,5
61838,5
61839,5
61840,5
61841,5
61842,5
61843,5
61844,5
61845,5
61846,5
61847,5
61848,5
61849,5
61850,5
61851,5
61852,5
61853,5
61854,5
61855,5
61856,5
61857,5
61858,5
61859,5
61860,5
61861,5
61862,5
61863,5
61864,5
61865,5
61866,5
61867,5
61868,5
61869,5
61870,5
61871,5
61872,5
61873,5
61874,5
61875,5
61876,5
61877,5
61878,5
61879,5
61880,5
61881,5
61882,5
61883,5
61884,5
61885,5
61886,5
61887,5
61888,5
61889,5
61890,5
61891,5
61892,5
61893,5
61894,5
61895,5
61896,5
61897,5
61898,5
61899,5
61900,5
61901,5
61902,5
61903,5
61904,5
61905,5
61906,5
61907,5
61908,5
61909,5
61910,5
61911,5
61912,5
61913,5
61914,5
61915,5
61916,5
61917,5
61918,5
61919,5
61920,5
61921,5
61922,5
61923,5
61924,5
61925,5
61926,5
61927,5
61928,5
61929,5
61930,5
61931,5
61932,5
61933,5
61934,5
61935,5
61936,5
61937,5
61938,5
61939,5
61940,5
61941,5
61942,5
61943,5
61944,5
61945,5
61946,5
61947,5
61948,5
61949,5
61950,5
61951,5
61952,5
61953,5
61954,5
61955,5
61956,5
61957,5
61958,5
61959,5
61960,5
61961,5
61962,5
61963,5
61964,5
61965,5
61966,5
61967,5
61968,5
61969,5
61970,5
61971,5
61972,5
61973,5
61974,5
61975,5
61976,5
61977,5
61978,5
61979,5
61980,5
61981,5
61982,5
61983,5
61984,5
61985,5
61986,5
61987,5
61988,5
61989,5
61990,5
61991,5
61992,5
61993,5
61994,5
61995,5
61996,5
61997,5
61998,5
61999,5
62000,5
62001,5
62002,5
62003,5
62004,5
62005,5
62006,5
62007,5
62008,5
62009,5
62010,5
62011,5
62012,5
62013,5
62014,5
62015,5
62016,5
62017,5
62018,5
62019,5
62020,5
62021,5
62022,5
62023,5
62024,5
62025,5
62026,5
62027,5
62028,5
62029,5
62030,5
62031,5
62032,5
62033,5
62034,5
62035,5
62036,5
62037,5
62038,5
62039,5
62040,5
62041,5
62042,5
62043,5
62044,5
62045,5
62046,5
62047,5
62048,5
62049,5
62050,5
62051,5
62052,5
62053,5
62054,5
62055,5
62056,5
62057,5
62058,5
62059,5
62060,5
62061,5
62062,5
62063,5
62064,5
62065,5
62066,5
62067,5
62068,5
62069,5
62070,5
62071,5
62072,5
62073,5
62074,5
62075,5
62076,5
62077,5
62078,5
62079,5
62080,5
62081,5
62082,5
62083,5
62084,5
62085,5
62086,5
62087,5
62088,5
62089,5
62090,5
62091,5
62092,5
62093,5
62094,5
62095,5
62096,5
62097,5
62098,5
62099,5
62100,5
62101,5
62102,5
62103,5
62104,5
62105,5
62106,5
62107,5
62108,5
62109,5
62110,5
62111,5
62112,5
62113,5
62114,5
62115,5
62116,5
62117,5
62118,5
62119,5
62120,5
62121,5
62122,5
62123,5
62124,5
62125,5
62126,5
62127,5
62128,5
62129,5
62130,5
62131,5
62132,5
62133,5
62134,5
62135,5
62136,5
62137,5
62138,5
62139,5
62140,5
62141,5
62142,5
62143,5
62144,5
62145,5
62146,5
62147,5
62148,5
62149,5
62150,5
62151,5
62152,5
62153,5
62154,5
62155,5
62156,5
62157,5
62158,5
62159,5
62160,5
62161,5
62162,5
62163,5
62164,5
62165,5
62166,5
62167,5
62168,5
62169,5
62170,5
62171,5
62172,5
62173,5
62174,5
62175,5
62176,5
62177,5
62178,5
62179,5
62180,5
62181,5
62182,5
62183,5
62184,5
62185,5
62186,5
62187,5
62188,5
62189,5
62190,5
62191,5
62192,5
62193,5
62194,5
62195,5
62196,5
62197,5
62198,5
62199,5
62200,5
62201,5
62202,5
62203,5
62204,5
62205,5
62206,5
62207,5
62208,5
62209,5
62210,5
62211,5
62212,5
62213,5
62214,5
62215,5
62216,5
62217,5
62218,5
62219,5
62220,5
62221,5
62222,5
62223,5
62224,5
62225,5
62226,5
62227,5
62228,5
62229,5
62230,5
62231,5
62232,5
62233,5
62234,5
62235,5
62236,5
62237,5
62238,5
62239,5
62240,5
62241,5
62242,5
62243,5
62244,5
62245,5
62246,5
62247,5
62248,5
62249,5
62250,5
62251,5
62252,5
62253,5
62254,5
62255,5
62256,5
62257,5
62258,5
62259,5
62260,5
62261,5
62262,5
62263,5
62264,5
62265,5
62266,5
62267,5
62268,5
62269,5
62270,5
62271,5
62272,5
62273,5
62274,5
62275,5
62276,5
62277,5
62278,5
62279,5
62280,5
62281,5
62282,5
62283,5
62284,5
62285,5
62286,5
62287,5
62288,5
62289,5
62290,5
62291,5
62292,5
62293,5
62294,5
62295,5
62296,5
62297,5
62298,5
62299,5
62300,5
62301,5
62302,5
62303,5
62304,5
62305,5
62306,5
62307,5
62308,5
62309,5
62310,5
62311,5
62312,5
62313,5
62314,5
62315,5
62316,5
62317,5
62318,5
62319,5
62320,5
62321,5
62322,5
62323,5
62324,5
62325,5
62326,5
62327,5
62328,5
62329,5
62330,5
62331,5
62332,5
62333,5
62334,5
62335,5
62336,5
62337,5
62338,5
62339,5
62340,5
62341,5
62342,5
62343,5
62344,5
62345,5
62346,5
62347,5
62348,5
62349,5
62350,5
62351,5
62352,5
62353,5
62354,5
62355,5
62356,5
62357,5
62358,5
62359,5
62360,5
62361,5
62362,5
62363,5
62364,5
62365,5
62366,5
62367,5
62368,5
62369,5
62370,5
62371,5
62372,5
62373,5
62374,5
62375,5
62376,5
62377,5
62378,5
62379,5
62380,5
62381,5
62382,5
62383,5
62384,5
62385,5
62386,5
62387,5
62388,5
62389,5
62390,5
62391,5
62392,5
62393,5
62394,5
62395,5
62396,5
62397,5
62398,5
62399,5
62400,5
62401,5
62402,5
62403,5
62404,5
62405,5
62406,5
62407,5
62408,5
62409,5
62410,5
62411,5
62412,5
62413,5
62414,5
62415,5
62416,5
62417,5
62418,5
62419,5
62420,5
62421,5
62422,5
62423,5
62424,5
62425,5
62426,5
62427,5
62428,5
62429,5
62430,5
62431,5
62432,5
62433,5
62434,5
62435,5
62436,5
62437,5
62438,5
62439,5
62440,5
62441,5
62442,5
62443,5
62444,5
62445,5
62446,5
62447,5
62448,5
62449,5
62450,5
62451,5
62452,5
62453,5
62454,5
62455,5
62456,5
62457,5
62458,5
62459,5
62460,5
62461,5
62462,5
62463,5
62464,5
62465,5
62466,5
62467,5
62468,5
62469,5
62470,5
62471,5
62472,5
62473,5
62474,5
62475,5
62476,5
62477,5
62478,5
62479,5
62480,5
62481,5
62482,5
62483,5
62484,5
62485,5
62486,5
62487,5
62488,5
62489,5
62490,5
62491,5
62492,5
62493,5
62494,5
62495,5
62496,5
62497,5
62498,5
62499,5
62500,5
62501,5
62502,5
62503,5
62504,5
62505,5
62506,5
62507,5
62508,5
62509,5
62510,5
62511,5
62512,5
62513,5
62514,5
62515,5
62516,5
62517,5
62518,5
62519,5
62520,5
62521,5
62522,5
62523,5
62524,5
62525,5
62526,5
62527,5
62528,5
62529,5
62530,5
62531,5
62532,5
62533,5
62534,5
62535,5
62536,5
62537,5
62538,5
62539,5
62540,5
62541,5
62542,5
62543,5
62544,5
62545,5
62546,5
62547,5
62548,5
62549,5
62550,5
62551,5
62552,5
62553,5
62554,5
62555,5
62556,5
62557,5
62558,5
62559,5
62560,5
62561,5
62562,5
62563,5
62564,5
62565,5
62566,5
62567,5
62568,5
62569,5
62570,5
62571,5
62572,5
62573,5
62574,5
62575,5
62576,5
62577,5
62578,5
62579,5
62580,5
62581,5
62582,5
62583,5
62584,5
62585,5
62586,5
62587,5
62588,5
62589,5
62590,5
62591,5
62592,5
62593,5
62594,5
62595,5
62596,5
62597,5
62598,5
62599,5
62600,5
62601,5
62602,5
62603,5
62604,5
62605,5
62606,5
62607,5
62608,5
62609,5
62610,5
62611,5
62612,5
62613,5
62614,5
62615,5
62616,5
62617,5
62618,5
62619,5
62620,5
62621,5
62622,5
62623,5
62624,5
62625,5
62626,5
62627,5
62628,5
62629,5
62630,5
62631,5
62632,5
62633,5
62634,5
62635,5
62636,5
62637,5
62638,5
62639,5
62640,5
62641,5
62642,5
62643,5
62644,5
62645,5
62646,5
62647,5
62648,5
62649,5
62650,5
62651,5
62652,5
62653,5
62654,5
62655,5
62656,5
62657,5
62658,5
62659,5
62660,5
62661,5
62662,5
62663,5
62664,5
62665,5
62666,5
62667,5
62668,5
62669,5
62670,5
62671,5
62672,5
62673,5
62674,5
62675,5
62676,5
62677,5
62678,5
62679,5
62680,5
62681,5
62682,5
62683,5
62684,5
62685,5
62686,5
62687,5
62688,5
62689,5
62690,5
62691,5
62692,5
62693,5
62694,5
62695,5
62696,5
62697,5
62698,5
62699,5
62700,5
62701,5
62702,5
62703,5
62704,5
62705,5
62706,5
62707,5
62708,5
62709,5
62710,5
62711,5
62712,5
62713,5
62714,5
62715,5
62716,5
62717,5
62718,5
62719,5
62720,5
62721,5
62722,5
62723,5
62724,5
62725,5
62726,5
62727,5
62728,5
62729,5
62730,5
62731,5
62732,5
62733,5
62734,5
62735,5
62736,5
62737,5
62738,5
62739,5
62740,5
62741,5
62742,5
62743,5
62744,5
62745,5
62746,5
62747,5
62748,5
62749,5
62750,5
62751,5
62752,5
62753,5
62754,5
62755,5
62756,5
62757,5
62758,5
62759,5
62760,5
62761,5
62762,5
62763,5
62764,5
62765,5
62766,5
62767,5
62768,5
62769,5
62770,5
62771,5
62772,5
62773,5
62774,5
62775,5
62776,5
62777,5
62778,5
62779,5
62780,5
62781,5
62782,5
62783,5
62784,5
62785,5
62786,5
62787,5
62788,5
62789,5
62790,5
62791,5
62792,5
62793,5
62794,5
62795,5
62796,5
62797,5
62798,5
62799,5
62800,5
62801,5
62802,5
62803,5
62804,5
62805,5
62806,5
62807,5
62808,5
62809,5
62810,5
62811,5
62812,5
62813,5
62814,5
62815,5
62816,5
62817,5
62818,5
62819,5
62820,5
62821,5
62822,5
62823,5
62824,5
62825,5
62826,5
62827,5
62828,5
62829,5
62830,5
62831,5
62832,5
62833,5
62834,5
62835,5
62836,5
62837,5
62838,5
62839,5
62840,5
62841,5
62842,5
62843,5
62844,5
62845,5
62846,5
62847,5
62848,5
62849,5
62850,5
62851,5
62852,5
62853,5
62854,5
62855,5
62856,5
62857,5
62858,5
62859,5
62860,5
62861,5
62862,5
62863,5
62864,5
62865,5
62866,5
62867,5
62868,5
62869,5
62870,5
62871,5
62872,5
62873,5
62874,5
62875,5
62876,5
62877,5
62878,5
62879,5
62880,5
62881,5
62882,5
62883,5
62884,5
62885,5
62886,5
62887,5
62888,5
62889,5
62890,5
62891,5
62892,5
62893,5
62894,5
62895,5
62896,5
62897,5
62898,5
62899,5
62900,5
62901,5
62902,5
62903,5
62904,5
62905,5
62906,5
62907,5
62908,5
62909,5
62910,5
62911,5
62912,5
62913,5
62914,5
62915,5
62916,5
62917,5
62918,5
62919,5
62920,5
62921,5
62922,5
62923,5
62924,5
62925,5
62926,5
62927,5
62928,5
62929,5
62930,5
62931,5
62932,5
62933,5
62934,5
62935,5
62936,5
62937,5
62938,5
62939,5
62940,5
62941,5
62942,5
62943,5
62944,5
62945,5
62946,5
62947,5
62948,5
62949,5
62950,5
62951,5
62952,5
62953,5
62954,5
62955,5
62956,5
62957,5
62958,5
62959,5
62960,5
62961,5
62962,5
62963,5
62964,5
62965,5
62966,5
62967,5
62968,5
62969,5
62970,5
62971,5
62972,5
62973,5
62974,5
62975,5
62976,5
62977,5
62978,5
62979,5
62980,5
62981,5
62982,5
62983,5
62984,5
62985,5
62986,5
62987,5
62988,5
62989,5
62990,5
62991,5
62992,5
62993,5
62994,5
62995,5
62996,5
62997,5
62998,5
62999,5
63000,5
63001,5
63002,5
63003,5
63004,5
63005,5
63006,5
63007,5
63008,5
63009,5
63010,5
63011,5
63012,5
63013,5
63014,5
63015,5
63016,5
63017,5
63018,5
63019,5
63020,5
63021,5
63022,5
63023,5
63024,5
63025,5
63026,5
63027,5
63028,5
63029,5
63030,5
63031,5
63032,5
63033,5
63034,5
63035,5
63036,5
63037,5
63038,5
63039,5
63040,5
63041,5
63042,5
63043,5
63044,5
63045,5
63046,5
63047,5
63048,5
63049,5
63050,5
63051,5
63052,5
63053,5
63054,5
63055,5
63056,5
63057,5
63058,5
63059,5
63060,5
63061,5
63062,5
63063,5
63064,5
63065,5
63066,5
63067,5
63068,5
63069,5
63070,5
63071,5
63072,5
63073,5
63074,5
63075,5
63076,5
63077,5
63078,5
63079,5
63080,5
63081,5
63082,5
63083,5
63084,5
63085,5
63086,5
63087,5
63088,5
63089,5
63090,5
63091,5
63092,5
63093,5
63094,5
63095,5
63096,5
63097,5
63098,5
63099,5
63100,5
63101,5
63102,5
63103,5
63104,5
63105,5
63106,5
63107,5
63108,5
63109,5
63110,5
63111,5
63112,5
63113,5
63114,5
63115,5
63116,5
63117,5
63118,5
63119,5
63120,5
63121,5
63122,5
63123,5
63124,5
63125,5
63126,5
63127,5
63128,5
63129,5
63130,5
63131,5
63132,5
63133,5
63134,5
63135,5
63136,5
63137,5
63138,5
63139,5
63140,5
63141,5
63142,5
63143,5
63144,5
63145,5
63146,5
63147,5
63148,5
63149,5
63150,5
63151,5
63152,5
63153,5
63154,5
63155,5
63156,5
63157,5
63158,5
63159,5
63160,5
63161,5
63162,5
63163,5
63164,5
63165,5
63166,5
63167,5
63168,5
63169,5
63170,5
63171,5
63172,5
63173,5
63174,5
63175,5
63176,5
63177,5
63178,5
63179,5
63180,5
63181,5
63182,5
63183,5
63184,5
63185,5
63186,5
63187,5
63188,5
63189,5
63190,5
63191,5
63192,5
63193,5
63194,5
63195,5
63196,5
63197,5
63198,5
63199,5
63200,5
63201,5
63202,5
63203,5
63204,5
63205,5
63206,5
63207,5
63208,5
63209,5
63210,5
63211,5
63212,5
63213,5
63214,5
63215,5
63216,5
63217,5
63218,5
63219,5
63220,5
63221,5
63222,5
63223,5
63224,5
63225,5
63226,5
63227,5
63228,5
63229,5
63230,5
63231,5
63232,5
63233,5
63234,5
63235,5
63236,5
63237,5
63238,5
63239,5
63240,5
63241,5
63242,5
63243,5
63244,5
63245,5
63246,5
63247,5
63248,5
63249,5
63250,5
63251,5
63252,5
63253,5
63254,5
63255,5
63256,5
63257,5
63258,5
63259,5
63260,5
63261,5
63262,5
63263,5
63264,5
63265,5
63266,5
63267,5
63268,5
63269,5
63270,5
63271,5
63272,5
63273,5
63274,5
63275,5
63276,5
63277,5
63278,5
63279,5
63280,5
63281,5
63282,5
63283,5
63284,5
63285,5
63286,5
63287,5
63288,5
63289,5
63290,5
63291,5
63292,5
63293,5
63294,5
63295,5
63296,5
63297,5
63298,5
63299,5
63300,5
63301,5
63302,5
63303,5
63304,5
63305,5
63306,5
63307,5
63308,5
63309,5
63310,5
63311,5
63312,5
63313,5
63314,5
63315,5
63316,5
63317,5
63318,5
63319,5
63320,5
63321,5
63322,5
63323,5
63324,5
63325,5
63326,5
63327,5
63328,5
63329,5
63330,5
63331,5
63332,5
63333,5
63334,5
63335,5
63336,5
63337,5
63338,5
63339,5
63340,5
63341,5
63342,5
63343,5
63344,5
63345,5
63346,5
63347,5
63348,5
63349,5
63350,5
63351,5
63352,5
63353,5
63354,5
63355,5
63356,5
63357,5
63358,5
63359,5
63360,5
63361,5
63362,5
63363,5
63364,5
63365,5
63366,5
63367,5
63368,5
63369,5
63370,5
63371,5
63372,5
63373,5
63374,5
63375,5
63376,5
63377,5
63378,5
63379,5
63380,5
63381,5
63382,5
63383,5
63384,5
63385,5
63386,5
63387,5
63388,5
63389,5
63390,5
63391,5
63392,5
63393,5
63394,5
63395,5
63396,5
63397,5
63398,5
63399,5
63400,5
63401,5
63402,5
63403,5
63404,5
63405,5
63406,5
63407,5
63408,5
63409,5
63410,5
63411,5
63412,5
63413,5
63414,5
63415,5
63416,5
63417,5
63418,5
63419,5
63420,5
63421,5
63422,5
63423,5
63424,5
63425,5
63426,5
63427,5
63428,5
63429,5
63430,5
63431,5
63432,5
63433,5
63434,5
63435,5
63436,5
63437,5
63438,5
63439,5
63440,5
63441,5
63442,5
63443,5
63444,5
63445,5
63446,5
63447,5
63448,5
63449,5
63450,5
63451,5
63452,5
63453,5
63454,5
63455,5
63456,5
63457,5
63458,5
63459,5
63460,5
63461,5
63462,5
63463,5
63464,5
63465,5
63466,5
63467,5
63468,5
63469,5
63470,5
63471,5
63472,5
63473,5
63474,5
63475,5
63476,5
63477,5
63478,5
63479,5
63480,5
63481,5
63482,5
63483,5
63484,5
63485,5
63486,5
63487,5
63488,5
63489,5
63490,5
63491,5
63492,5
63493,5
63494,5
63495,5
63496,5
63497,5
63498,5
63499,5
63500,5
63501,5
63502,5
63503,5
63504,5
63505,5
63506,5
63507,5
63508,5
63509,5
63510,5
63511,5
63512,5
63513,5
63514,5
63515,5
63516,5
63517,5
63518,5
63519,5
63520,5
63521,5
63522,5
63523,5
63524,5
63525,5
63526,5
63527,5
63528,5
63529,5
63530,5
63531,5
63532,5
63533,5
63534,5
63535,5
63536,5
63537,5
63538,5
63539,5
63540,5
63541,5
63542,5
63543,5
63544,5
63545,5
63546,5
63547,5
63548,5
63549,5
63550,5
63551,5
63552,5
63553,5
63554,5
63555,5
63556,5
63557,5
63558,5
63559,5
63560,5
63561,5
63562,5
63563,5
63564,5
63565,5
63566,5
63567,5
63568,5
63569,5
63570,5
63571,5
63572,5
63573,5
63574,5
63575,5
63576,5
63577,5
63578,5
63579,5
63580,5
63581,5
63582,5
63583,5
63584,5
63585,5
63586,5
63587,5
63588,5
63589,5
63590,5
63591,5
63592,5
63593,5
63594,5
63595,5
63596,5
63597,5
63598,5
63599,5
63600,5
63601,5
63602,5
63603,5
63604,5
63605,5
63606,5
63607,5
63608,5
63609,5
63610,5
63611,5
63612,5
63613,5
63614,5
63615,5
63616,5
63617,5
63618,5
63619,5
63620,5
63621,5
63622,5
63623,5
63624,5
63625,5
63626,5
63627,5
63628,5
63629,5
63630,5
63631,5
63632,5
63633,5
63634,5
63635,5
63636,5
63637,5
63638,5
63639,5
63640,5
63641,5
63642,5
63643,5
63644,5
63645,5
63646,5
63647,5
63648,5
63649,5
63650,5
63651,5
63652,5
63653,5
63654,5
63655,5
63656,5
63657,5
63658,5
63659,5
63660,5
63661,5
63662,5
63663,5
63664,5
63665,5
63666,5
63667,5
63668,5
63669,5
63670,5
63671,5
63672,5
63673,5
63674,5
63675,5
63676,5
63677,5
63678,5
63679,5
63680,5
63681,5
63682,5
63683,5
63684,5
63685,5
63686,5
63687,5
63688,5
63689,5
63690,5
63691,5
63692,5
63693,5
63694,5
63695,5
63696,5
63697,5
63698,5
63699,5
63700,5
63701,5
63702,5
63703,5
63704,5
63705,5
63706,5
63707,5
63708,5
63709,5
63710,5
63711,5
63712,5
63713,5
63714,5
63715,5
63716,5
63717,5
63718,5
63719,5
63720,5
63721,5
63722,5
63723,5
63724,5
63725,5
63726,5
63727,5
63728,5
63729,5
63730,5
63731,5
63732,5
63733,5
63734,5
63735,5
63736,5
63737,5
63738,5
63739,5
63740,5
63741,5
63742,5
63743,5
63744,5
63745,5
63746,5
63747,5
63748,5
63749,5
63750,5
63751,5
63752,5
63753,5
63754,5
63755,5
63756,5
63757,5
63758,5
63759,5
63760,5
63761,5
63762,5
63763,5
63764,5
63765,5
63766,5
63767,5
63768,5
63769,5
63770,5
63771,5
63772,5
63773,5
63774,5
63775,5
63776,5
63777,5
63778,5
63779,5
63780,5
63781,5
63782,5
63783,5
63784,5
63785,5
63786,5
63787,5
63788,5
63789,5
63790,5
63791,5
63792,5
63793,5
63794,5
63795,5
63796,5
63797,5
63798,5
63799,5
63800,5
63801,5
63802,5
63803,5
63804,5
63805,5
63806,5
63807,5
63808,5
63809,5
63810,5
63811,5
63812,5
63813,5
63814,5
63815,5
63816,5
63817,5
63818,5
63819,5
63820,5
63821,5
63822,5
63823,5
63824,5
63825,5
63826,5
63827,5
63828,5
63829,5
63830,5
63831,5
63832,5
63833,5
63834,5
63835,5
63836,5
63837,5
63838,5
63839,5
63840,5
63841,5
63842,5
63843,5
63844,5
63845,5
63846,5
63847,5
63848,5
63849,5
63850,5
63851,5
63852,5
63853,5
63854,5
63855,5
63856,5
63857,5
63858,5
63859,5
63860,5
63861,5
63862,5
63863,5
63864,5
63865,5
63866,5
63867,5
63868,5
63869,5
63870,5
63871,5
63872,5
63873,5
63874,5
63875,5
63876,5
63877,5
63878,5
63879,5
63880,5
63881,5
63882,5
63883,5
63884,5
63885,5
63886,5
63887,5
63888,5
63889,5
63890,5
63891,5
63892,5
63893,5
63894,5
63895,5
63896,5
63897,5
63898,5
63899,5
63900,5
63901,5
63902,5
63903,5
63904,5
63905,5
63906,5
63907,5
63908,5
63909,5
63910,5
63911,5
63912,5
63913,5
63914,5
63915,5
63916,5
63917,5
63918,5
63919,5
63920,5
63921,5
63922,5
63923,5
63924,5
63925,5
63926,5
63927,5
63928,5
63929,5
63930,5
63931,5
63932,5
63933,5
63934,5
63935,5
63936,5
63937,5
63938,5
63939,5
63940,5
63941,5
63942,5
63943,5
63944,5
63945,5
63946,5
63947,5
63948,5
63949,5
63950,5
63951,5
63952,5
63953,5
63954,5
63955,5
63956,5
63957,5
63958,5
63959,5
63960,5
63961,5
63962,5
63963,5
63964,5
63965,5
63966,5
63967,5
63968,5
63969,5
63970,5
63971,5
63972,5
63973,5
63974,5
63975,5
63976,5
63977,5
63978,5
63979,5
63980,5
63981,5
63982,5
63983,5
63984,5
63985,5
63986,5
63987,5
63988,5
63989,5
63990,5
63991,5
63992,5
63993,5
63994,5
63995,5
63996,5
63997,5
63998,5
63999,5
64000,5
64001,5
64002,5
64003,5
64004,5
64005,5
64006,5
64007,5
64008,5
64009,5
64010,5
64011,5
64012,5
64013,5
64014,5
64015,5
64016,5
64017,5
64018,5
64019,5
64020,5
64021,5
64022,5
64023,5
64024,5
64025,5
64026,5
64027,5
64028,5
64029,5
64030,5
64031,5
64032,5
64033,5
64034,5
64035,5
64036,5
64037,5
64038,5
64039,5
64040,5
64041,5
64042,5
64043,5
64044,5
64045,5
64046,5
64047,5
64048,5
64049,5
64050,5
64051,5
64052,5
64053,5
64054,5
64055,5
64056,5
64057,5
64058,5
64059,5
64060,5
64061,5
64062,5
64063,5
64064,5
64065,5
64066,5
64067,5
64068,5
64069,5
64070,5
64071,5
64072,5
64073,5
64074,5
64075,5
64076,5
64077,5
64078,5
64079,5
64080,5
64081,5
64082,5
64083,5
64084,5
64085,5
64086,5
64087,5
64088,5
64089,5
64090,5
64091,5
64092,5
64093,5
64094,5
64095,5
64096,5
64097,5
64098,5
64099,5
64100,5
64101,5
64102,5
64103,5
64104,5
64105,5
64106,5
64107,5
64108,5
64109,5
64110,5
64111,5
64112,5
64113,5
64114,5
64115,5
64116,5
64117,5
64118,5
64119,5
64120,5
64121,5
64122,5
64123,5
64124,5
64125,5
64126,5
64127,5
64128,5
64129,5
64130,5
64131,5
64132,5
64133,5
64134,5
64135,5
64136,5
64137,5
64138,5
64139,5
64140,5
64141,5
64142,5
64143,5
64144,5
64145,5
64146,5
64147,5
64148,5
64149,5
64150,5
64151,5
64152,5
64153,5
64154,5
64155,5
64156,5
64157,5
64158,5
64159,5
64160,5
64161,5
64162,5
64163,5
64164,5
64165,5
64166,5
64167,5
64168,5
64169,5
64170,5
64171,5
64172,5
64173,5
64174,5
64175,5
64176,5
64177,5
64178,5
64179,5
64180,5
64181,5
64182,5
64183,5
64184,5
64185,5
64186,5
64187,5
64188,5
64189,5
64190,5
64191,5
64192,5
64193,5
64194,5
64195,5
64196,5
64197,5
64198,5
64199,5
64200,5
64201,5
64202,5
64203,5
64204,5
64205,5
64206,5
64207,5
64208,5
64209,5
64210,5
64211,5
64212,5
64213,5
64214,5
64215,5
64216,5
64217,5
64218,5
64219,5
64220,5
64221,5
64222,5
64223,5
64224,5
64225,5
64226,5
64227,5
64228,5
64229,5
64230,5
64231,5
64232,5
64233,5
64234,5
64235,5
64236,5
64237,5
64238,5
64239,5
64240,5
64241,5
64242,5
64243,5
64244,5
64245,5
64246,5
64247,5
64248,5
64249,5
64250,5
64251,5
64252,5
64253,5
64254,5
64255,5
64256,5
64257,5
64258,5
64259,5
64260,5
64261,5
64262,5
64263,5
64264,5
64265,5
64266,5
64267,5
64268,5
64269,5
64270,5
64271,5
64272,5
64273,5
64274,5
64275,5
64276,5
64277,5
64278,5
64279,5
64280,5
64281,5
64282,5
64283,5
64284,5
64285,5
64286,5
64287,5
64288,5
64289,5
64290,5
64291,5
64292,5
64293,5
64294,5
64295,5
64296,5
64297,5
64298,5
64299,5
64300,5
64301,5
64302,5
64303,5
64304,5
64305,5
64306,5
64307,5
64308,5
64309,5
64310,5
64311,5
64312,5
64313,5
64314,5
64315,5
64316,5
64317,5
64318,5
64319,5
64320,5
64321,5
64322,5
64323,5
64324,5
64325,5
64326,5
64327,5
64328,5
64329,5
64330,5
64331,5
64332,5
64333,5
64334,5
64335,5
64336,5
64337,5
64338,5
64339,5
64340,5
64341,5
64342,5
64343,5
64344,5
64345,5
64346,5
64347,5
64348,5
64349,5
64350,5
64351,5
64352,5
64353,5
64354,5
64355,5
64356,5
64357,5
64358,5
64359,5
64360,5
64361,5
64362,5
64363,5
64364,5
64365,5
64366,5
64367,5
64368,5
64369,5
64370,5
64371,5
64372,5
64373,5
64374,5
64375,5
64376,5
64377,5
64378,5
64379,5
64380,5
64381,5
64382,5
64383,5
64384,5
64385,5
64386,5
64387,5
64388,5
64389,5
64390,5
64391,5
64392,5
64393,5
64394,5
64395,5
64396,5
64397,5
64398,5
64399,5
64400,5
64401,5
64402,5
64403,5
64404,5
64405,5
64406,5
64407,5
64408,5
64409,5
64410,5
64411,5
64412,5
64413,5
64414,5
64415,5
64416,5
64417,5
64418,5
64419,5
64420,5
64421,5
64422,5
64423,5
64424,5
64425,5
64426,5
64427,5
64428,5
64429,5
64430,5
64431,5
64432,5
64433,5
64434,5
64435,5
64436,5
64437,5
64438,5
64439,5
64440,5
64441,5
64442,5
64443,5
64444,5
64445,5
64446,5
64447,5
64448,5
64449,5
64450,5
64451,5
64452,5
64453,5
64454,5
64455,5
64456,5
64457,5
64458,5
64459,5
64460,5
64461,5
64462,5
64463,5
64464,5
64465,5
64466,5
64467,5
64468,5
64469,5
64470,5
64471,5
64472,5
64473,5
64474,5
64475,5
64476,5
64477,5
64478,5
64479,5
64480,5
64481,5
64482,5
64483,5
64484,5
64485,5
64486,5
64487,5
64488,5
64489,5
64490,5
64491,5
64492,5
64493,5
64494,5
64495,5
64496,5
64497,5
64498,5
64499,5
64500,5
64501,5
64502,5
64503,5
64504,5
64505,5
64506,5
64507,5
64508,5
64509,5
64510,5
64511,5
64512,5
64513,5
64514,5
64515,5
64516,5
64517,5
64518,5
64519,5
64520,5
64521,5
64522,5
64523,5
64524,5
64525,5
64526,5
64527,5
64528,5
64529,5
64530,5
64531,5
64532,5
64533,5
64534,5
64535,5
64536,5
64537,5
64538,5
64539,5
64540,5
64541,5
64542,5
64543,5
64544,5
64545,5
64546,5
64547,5
64548,5
64549,5
64550,5
64551,5
64552,5
64553,5
64554,5
64555,5
64556,5
64557,5
64558,5
64559,5
64560,5
64561,5
64562,5
64563,5
64564,5
64565,5
64566,5
64567,5
64568,5
64569,5
64570,5
64571,5
64572,5
64573,5
64574,5
64575,5
64576,5
64577,5
64578,5
64579,5
64580,5
64581,5
64582,5
64583,5
64584,5
64585,5
64586,5
64587,5
64588,5
64589,5
64590,5
64591,5
64592,5
64593,5
64594,5
64595,5
64596,5
64597,5
64598,5
64599,5
64600,5
64601,5
64602,5
64603,5
64604,5
64605,5
64606,5
64607,5
64608,5
64609,5
64610,5
64611,5
64612,5
64613,5
64614,5
64615,5
64616,5
64617,5
64618,5
64619,5
64620,5
64621,5
64622,5
64623,5
64624,5
64625,5
64626,5
64627,5
64628,5
64629,5
64630,5
64631,5
64632,5
64633,5
64634,5
64635,5
64636,5
64637,5
64638,6
64639,6
64640,6
64641,6
64642,6
64643,6
64644,6
64645,6
64646,6
64647,6
64648,6
64649,6
64650,6
64651,6
64652,6
64653,6
64654,6
64655,6
64656,6
64657,6
64658,6
64659,6
64660,6
64661,6
64662,6
64663,6
64664,6
64665,6
64666,6
64667,6
64668,6
64669,6
64670,6
64671,6
64672,6
64673,6
64674,6
64675,6
64676,6
64677,6
64678,6
64679,6
64680,6
64681,6
64682,6
64683,6
64684,6
64685,6
64686,6
64687,6
64688,6
64689,6
64690,6
64691,6
64692,6
64693,6
64694,6
64695,6
64696,6
64697,6
64698,6
64699,6
64700,6
64701,6
64702,6
64703,6
64704,6
64705,6
64706,6
64707,6
64708,6
64709,6
64710,6
64711,6
64712,6
64713,6
64714,6
64715,6
64716,6
64717,6
64718,6
64719,6
64720,6
64721,6
64722,6
64723,6
64724,6
64725,6
64726,6
64727,6
64728,6
64729,6
64730,6
64731,6
64732,6
64733,6
64734,6
64735,6
64736,6
64737,6
64738,6
64739,6
64740,6
64741,6
64742,6
64743,6
64744,6
64745,6
64746,6
64747,6
64748,6
64749,6
64750,6
64751,6
64752,6
64753,6
64754,6
64755,6
64756,6
64757,6
64758,6
64759,6
64760,6
64761,6
64762,6
64763,6
64764,6
64765,6
64766,6
64767,6
64768,6
64769,6
64770,6
64771,6
64772,6
64773,6
64774,6
64775,6
64776,6
64777,6
64778,6
64779,6
64780,6
64781,6
64782,6
64783,6
64784,6
64785,6
64786,6
64787,6
64788,6
64789,6
64790,6
64791,6
64792,6
64793,6
64794,6
64795,6
64796,6
64797,6
64798,6
64799,6
64800,6
64801,6
64802,6
64803,6
64804,6
64805,6
64806,6
64807,6
64808,6
64809,6
64810,6
64811,6
64812,6
64813,6
64814,6
64815,6
64816,6
64817,6
64818,6
64819,6
64820,6
64821,6
64822,6
64823,6
64824,6
64825,6
64826,6
64827,6
64828,6
64829,6
64830,6
64831,6
64832,6
64833,6
64834,6
64835,6
64836,6
64837,6
64838,6
64839,6
64840,6
64841,6
64842,6
64843,6
64844,6
64845,6
64846,6
64847,6
64848,6
64849,6
64850,6
64851,6
64852,6
64853,6
64854,6
64855,6
64856,6
64857,6
64858,6
64859,6
64860,6
64861,6
64862,6
64863,6
64864,6
64865,6
64866,6
64867,6
64868,6
64869,6
64870,6
64871,6
64872,6
64873,6
64874,6
64875,6
64876,6
64877,6
64878,6
64879,6
64880,6
64881,6
64882,6
64883,6
64884,6
64885,6
64886,6
64887,6
64888,6
64889,6
64890,6
64891,6
64892,6
64893,6
64894,6
64895,6
64896,6
64897,6
64898,6
64899,6
64900,6
64901,6
64902,6
64903,6
64904,6
64905,6
64906,6
64907,6
64908,6
64909,6
64910,6
64911,6
64912,6
64913,6
64914,6
64915,6
64916,6
64917,6
64918,6
64919,6
64920,6
64921,6
64922,6
64923,6
64924,6
64925,6
64926,6
64927,6
64928,6
64929,6
64930,6
64931,6
64932,6
64933,6
64934,6
64935,6
64936,6
64937,6
64938,6
64939,6
64940,6
64941,6
64942,6
64943,6
64944,6
64945,6
64946,6
64947,6
64948,6
64949,6
64950,6
64951,6
64952,6
64953,6
64954,6
64955,6
64956,6
64957,6
64958,6
64959,6
64960,6
64961,6
64962,6
64963,6
64964,6
64965,6
64966,6
64967,6
64968,6
64969,6
64970,6
64971,6
64972,6
64973,6
64974,6
64975,6
64976,6
64977,6
64978,6
64979,6
64980,6
64981,6
64982,6
64983,6
64984,6
64985,6
64986,6
64987,6
64988,6
64989,6
64990,6
64991,6
64992,6
64993,6
64994,6
64995,6
64996,6
64997,6
64998,6
64999,6
65000,6
65001,6
65002,6
65003,6
65004,6
65005,6
65006,6
65007,6
65008,6
65009,6
65010,6
65011,6
65012,6
65013,6
65014,6
65015,6
65016,6
65017,6
65018,6
65019,6
65020,6
65021,6
65022,6
65023,6
65024,6
65025,6
65026,6
65027,6
65028,6
65029,6
65030,6
65031,6
65032,6
65033,6
65034,6
65035,6
65036,6
65037,6
65038,6
65039,6
65040,6
65041,6
65042,6
65043,6
65044,6
65045,6
65046,6
65047,6
65048,6
65049,6
65050,6
65051,6
65052,6
65053,6
65054,6
65055,6
65056,6
65057,6
65058,6
65059,6
65060,6
65061,6
65062,6
65063,6
65064,6
65065,6
65066,6
65067,6
65068,6
65069,6
65070,6
65071,6
65072,6
65073,6
65074,6
65075,6
65076,6
65077,6
65078,6
65079,6
65080,6
65081,6
65082,6
65083,6
65084,6
65085,6
65086,6
65087,6
65088,6
65089,6
65090,6
65091,6
65092,6
65093,6
65094,6
65095,6
65096,6
65097,6
65098,6
65099,6
65100,6
65101,6
65102,6
65103,6
65104,6
65105,6
65106,6
65107,6
65108,6
65109,6
65110,6
65111,6
65112,6
65113,6
65114,6
65115,6
65116,6
65117,6
65118,6
65119,6
65120,6
65121,6
65122,6
65123,6
65124,6
65125,6
65126,6
65127,6
65128,6
65129,6
65130,6
65131,6
65132,6
65133,6
65134,6
65135,6
65136,6
65137,6
65138,6
65139,6
65140,6
65141,6
65142,6
65143,6
65144,6
65145,6
65146,6
65147,6
65148,6
65149,6
65150,6
65151,6
65152,6
65153,6
65154,6
65155,6
65156,6
65157,6
65158,6
65159,6
65160,6
65161,6
65162,6
65163,6
65164,6
65165,6
65166,6
65167,6
65168,6
65169,6
65170,6
65171,6
65172,6
65173,6
65174,6
65175,6
65176,6
65177,6
65178,6
65179,6
65180,6
65181,6
65182,6
65183,6
65184,6
65185,6
65186,6
65187,6
65188,6
65189,6
65190,6
65191,6
65192,6
65193,6
65194,6
65195,6
65196,6
65197,6
65198,6
65199,6
65200,6
65201,6
65202,6
65203,6
65204,6
65205,6
65206,6
65207,6
65208,6
65209,6
65210,6
65211,6
65212,6
65213,6
65214,6
65215,6
65216,6
65217,6
65218,6
65219,6
65220,6
65221,6
65222,6
65223,6
65224,6
65225,6
65226,6
65227,6
65228,6
65229,6
65230,6
65231,6
65232,6
65233,6
65234,6
65235,6
65236,6
65237,6
65238,6
65239,6
65240,6
65241,6
65242,6
65243,6
65244,6
65245,6
65246,6
65247,6
65248,6
65249,6
65250,6
65251,6
65252,6
65253,6
65254,6
65255,6
65256,6
65257,6
65258,6
65259,6
65260,6
65261,6
65262,6
65263,6
65264,6
65265,6
65266,6
65267,6
65268,6
65269,6
65270,6
65271,6
65272,6
65273,6
65274,6
65275,6
65276,6
65277,6
65278,6
65279,6
65280,6
65281,6
65282,6
65283,6
65284,6
65285,6
65286,6
65287,6
65288,6
65289,6
65290,6
65291,6
65292,6
65293,6
65294,6
65295,6
65296,6
65297,6
65298,6
65299,6
65300,6
65301,6
65302,6
65303,6
65304,6
65305,6
65306,6
65307,6
65308,6
65309,6
65310,6
65311,6
65312,6
65313,6
65314,6
65315,6
65316,6
65317,6
65318,6
65319,6
65320,6
65321,6
65322,6
65323,6
65324,6
65325,6
65326,6
65327,6
65328,6
65329,6
65330,6
65331,6
65332,6
65333,6
65334,6
65335,6
65336,6
65337,6
65338,6
65339,6
65340,6
65341,6
65342,6
65343,6
65344,6
65345,6
65346,6
65347,6
65348,6
65349,6
65350,6
65351,6
65352,6
65353,6
65354,6
65355,6
65356,6
65357,6
65358,6
65359,6
65360,6
65361,6
65362,6
65363,6
65364,6
65365,6
65366,6
65367,6
65368,6
65369,6
65370,6
65371,6
65372,6
65373,6
65374,6
65375,6
65376,6
65377,6
65378,6
65379,6
65380,6
65381,6
65382,6
65383,6
65384,6
65385,6
65386,6
65387,6
65388,6
65389,6
65390,6
65391,6
65392,6
65393,6
65394,6
65395,6
65396,6
65397,6
65398,6
65399,6
65400,6
65401,6
65402,6
65403,6
65404,6
65405,6
65406,6
65407,6
65408,6
65409,6
65410,6
65411,6
65412,6
65413,6
65414,6
65415,6
65416,6
65417,6
65418,6
65419,6
65420,6
65421,6
65422,6
65423,6
65424,6
65425,6
65426,6
65427,6
65428,6
65429,6
65430,6
65431,6
65432,6
65433,6
65434,6
65435,6
65436,6
65437,6
65438,6
65439,6
65440,6
65441,6
65442,6
65443,6
65444,6
65445,6
65446,6
65447,6
65448,6
65449,6
65450,6
65451,6
65452,6
65453,6
65454,6
65455,6
65456,6
65457,6
65458,6
65459,6
65460,6
65461,6
65462,6
65463,6
65464,6
65465,6
65466,6
65467,6
65468,6
65469,6
65470,6
65471,6
65472,6
65473,6
65474,6
65475,6
65476,6
65477,6
65478,6
65479,6
65480,6
65481,6
65482,6
65483,6
65484,6
65485,6
65486,6
65487,6
65488,6
65489,6
65490,6
65491,6
65492,6
65493,6
65494,6
65495,6
65496,6
65497,6
65498,6
65499,6
65500,6
65501,6
65502,6
65503,6
65504,6
65505,6
65506,6
65507,6
65508,6
65509,6
65510,6
65511,6
65512,6
65513,6
65514,6
65515,6
65516,6
65517,6
65518,6
65519,6
65520,6
65521,6
65522,6
65523,6
65524,6
65525,6
65526,6
65527,6
65528,6
65529,6
65530,6
65531,6
65532,6
65533,6
65534,6
65535,6
65536,6
65537,6
65538,6
65539,6
65540,6
65541,6
65542,6
65543,6
65544,6
65545,6
65546,6
65547,6
65548,6
65549,6
65550,6
65551,6
65552,6
65553,6
65554,6
65555,6
65556,6
65557,6
65558,6
65559,6
65560,6
65561,6
65562,6
65563,6
65564,6
65565,6
65566,6
65567,6
65568,6
65569,6
65570,6
65571,6
65572,6
65573,6
65574,6
65575,6
65576,6
65577,6
65578,6
65579,6
65580,6
65581,6
65582,6
65583,6
65584,6
65585,6
65586,6
65587,6
65588,6
65589,6
65590,6
65591,6
65592,6
65593,6
65594,6
65595,6
65596,6
65597,6
65598,6
65599,6
65600,6
65601,6
65602,6
65603,6
65604,6
65605,6
65606,6
65607,6
65608,6
65609,6
65610,6
65611,6
65612,6
65613,6
65614,6
65615,6
65616,6
65617,6
65618,6
65619,6
65620,6
65621,6
65622,6
65623,6
65624,6
65625,6
65626,6
65627,6
65628,6
65629,6
65630,6
65631,6
65632,6
65633,6
65634,6
65635,6
65636,6
65637,6
65638,6
65639,6
65640,6
65641,6
65642,6
65643,6
65644,6
65645,6
65646,6
65647,6
65648,6
65649,6
65650,6
65651,6
65652,6
65653,6
65654,6
65655,6
65656,6
65657,6
65658,6
65659,6
65660,6
65661,6
65662,6
65663,6
65664,6
65665,6
65666,6
65667,6
65668,6
65669,6
65670,6
65671,6
65672,6
65673,6
65674,6
65675,6
65676,6
65677,6
65678,6
65679,6
65680,6
65681,6
65682,6
65683,6
65684,6
65685,6
65686,6
65687,6
65688,6
65689,6
65690,6
65691,6
65692,6
65693,6
65694,6
65695,6
65696,6
65697,6
65698,6
65699,6
65700,6
65701,6
65702,6
65703,6
65704,6
65705,6
65706,6
65707,6
65708,6
65709,6
65710,6
65711,6
65712,6
65713,6
65714,6
65715,6
65716,6
65717,6
65718,6
65719,6
65720,6
65721,6
65722,6
65723,6
65724,6
65725,6
65726,6
65727,6
65728,6
65729,6
65730,6
65731,6
65732,6
65733,6
65734,6
65735,6
65736,6
65737,6
65738,6
65739,6
65740,6
65741,6
65742,6
65743,6
65744,6
65745,6
65746,6
65747,6
65748,6
65749,6
65750,6
65751,6
65752,6
65753,6
65754,6
65755,6
65756,6
65757,6
65758,6
65759,6
65760,6
65761,6
65762,6
65763,6
65764,6
65765,6
65766,6
65767,6
65768,6
65769,6
65770,6
65771,6
65772,6
65773,6
65774,6
65775,6
65776,6
65777,6
65778,6
65779,6
65780,6
65781,6
65782,6
65783,6
65784,6
65785,6
65786,6
65787,6
65788,6
65789,6
65790,6
65791,6
65792,6
65793,6
65794,6
65795,6
65796,6
65797,6
65798,6
65799,6
65800,6
65801,6
65802,6
65803,6
65804,6
65805,6
65806,6
65807,6
65808,6
65809,6
65810,6
65811,6
65812,6
65813,6
65814,6
65815,6
65816,6
65817,6
65818,6
65819,6
65820,6
65821,6
65822,6
65823,6
65824,6
65825,6
65826,6
65827,6
65828,6
65829,6
65830,6
65831,6
65832,6
65833,6
65834,6
65835,6
65836,6
65837,6
65838,6
65839,6
65840,6
65841,6
65842,6
65843,6
65844,6
65845,6
65846,6
65847,6
65848,6
65849,6
65850,6
65851,6
65852,6
65853,6
65854,6
65855,6
65856,6
65857,6
65858,6
65859,6
65860,6
65861,6
65862,6
65863,6
65864,6
65865,6
65866,6
65867,6
65868,6
65869,6
65870,6
65871,6
65872,6
65873,6
65874,6
65875,6
65876,6
65877,6
65878,6
65879,6
65880,6
65881,6
65882,6
65883,6
65884,6
65885,6
65886,6
65887,6
65888,6
65889,6
65890,6
65891,6
65892,6
65893,6
65894,6
65895,6
65896,6
65897,6
65898,6
65899,6
65900,6
65901,6
65902,6
65903,6
65904,6
65905,6
65906,6
65907,6
65908,6
65909,6
65910,6
65911,6
65912,6
65913,6
65914,6
65915,6
65916,6
65917,6
65918,6
65919,6
65920,6
65921,6
65922,6
65923,6
65924,6
65925,6
65926,6
65927,6
65928,6
65929,6
65930,6
65931,6
65932,6
65933,6
65934,6
65935,6
65936,6
65937,6
65938,6
65939,6
65940,6
65941,6
65942,6
65943,6
65944,6
65945,6
65946,6
65947,6
65948,6
65949,6
65950,6
65951,6
65952,6
65953,6
65954,6
65955,6
65956,6
65957,6
65958,6
65959,6
65960,6
65961,6
65962,6
65963,6
65964,6
65965,6
65966,6
65967,6
65968,6
65969,6
65970,6
65971,6
65972,6
65973,6
65974,6
65975,6
65976,6
65977,6
65978,6
65979,6
65980,6
65981,6
65982,6
65983,6
65984,6
65985,6
65986,6
65987,6
65988,6
65989,6
65990,6
65991,6
65992,6
65993,6
65994,6
65995,6
65996,6
65997,6
65998,6
65999,6
66000,6
66001,6
66002,6
66003,6
66004,6
66005,6
66006,6
66007,6
66008,6
66009,6
66010,6
66011,6
66012,6
66013,6
66014,6
66015,6
66016,6
66017,6
66018,6
66019,6
66020,6
66021,6
66022,6
66023,6
66024,6
66025,6
66026,6
66027,6
66028,6
66029,6
66030,6
66031,6
66032,6
66033,6
66034,6
66035,6
66036,6
66037,6
66038,6
66039,6
66040,6
66041,6
66042,6
66043,6
66044,6
66045,6
66046,6
66047,6
66048,6
66049,6
66050,6
66051,6
66052,6
66053,6
66054,6
66055,6
66056,6
66057,6
66058,6
66059,6
66060,6
66061,6
66062,6
66063,6
66064,6
66065,6
66066,6
66067,6
66068,6
66069,6
66070,6
66071,6
66072,6
66073,6
66074,6
66075,6
66076,6
66077,6
66078,6
66079,6
66080,6
66081,6
66082,6
66083,6
66084,6
66085,6
66086,6
66087,6
66088,6
66089,6
66090,6
66091,6
66092,6
66093,6
66094,6
66095,6
66096,6
66097,6
66098,6
66099,6
66100,6
66101,6
66102,6
66103,6
66104,6
66105,6
66106,6
66107,6
66108,6
66109,6
66110,6
66111,6
66112,6
66113,6
66114,6
66115,6
66116,6
66117,6
66118,6
66119,6
66120,6
66121,6
66122,6
66123,6
66124,6
66125,6
66126,6
66127,6
66128,6
66129,6
66130,6
66131,6
66132,6
66133,6
66134,6
66135,6
66136,6
66137,6
66138,6
66139,6
66140,6
66141,6
66142,6
66143,6
66144,6
66145,6
66146,6
66147,6
66148,6
66149,6
66150,6
66151,6
66152,6
66153,6
66154,6
66155,6
66156,6
66157,6
66158,6
66159,6
66160,6
66161,6
66162,6
66163,6
66164,6
66165,6
66166,6
66167,6
66168,6
66169,6
66170,6
66171,6
66172,6
66173,6
66174,6
66175,6
66176,6
66177,6
66178,6
66179,6
66180,6
66181,6
66182,6
66183,6
66184,6
66185,6
66186,6
66187,6
66188,6
66189,6
66190,6
66191,6
66192,6
66193,6
66194,6
66195,6
66196,6
66197,6
66198,6
66199,6
66200,6
66201,6
66202,6
66203,6
66204,6
66205,6
66206,6
66207,6
66208,6
66209,6
66210,6
66211,6
66212,6
66213,6
66214,6
66215,6
66216,6
66217,6
66218,6
66219,6
66220,6
66221,6
66222,6
66223,6
66224,6
66225,6
66226,6
66227,6
66228,6
66229,6
66230,6
66231,6
66232,6
66233,6
66234,6
66235,6
66236,6
66237,6
66238,6
66239,6
66240,6
66241,6
66242,6
66243,6
66244,6
66245,6
66246,6
66247,6
66248,6
66249,6
66250,6
66251,6
66252,6
66253,6
66254,6
66255,6
66256,6
66257,6
66258,6
66259,6
66260,6
66261,6
66262,6
66263,6
66264,6
66265,6
66266,6
66267,6
66268,6
66269,6
66270,6
66271,6
66272,6
66273,6
66274,6
66275,6
66276,6
66277,6
66278,6
66279,6
66280,6
66281,6
66282,6
66283,6
66284,6
66285,6
66286,6
66287,6
66288,6
66289,6
66290,6
66291,6
66292,6
66293,6
66294,6
66295,6
66296,6
66297,6
66298,6
66299,6
66300,6
66301,6
66302,6
66303,6
66304,6
66305,6
66306,6
66307,6
66308,6
66309,6
66310,6
66311,6
66312,6
66313,6
66314,6
66315,6
66316,6
66317,6
66318,6
66319,6
66320,6
66321,6
66322,6
66323,6
66324,6
66325,6
66326,6
66327,6
66328,6
66329,6
66330,6
66331,6
66332,6
66333,6
66334,6
66335,6
66336,6
66337,6
66338,6
66339,6
66340,6
66341,6
66342,6
66343,6
66344,6
66345,6
66346,6
66347,6
66348,6
66349,6
66350,6
66351,6
66352,6
66353,6
66354,6
66355,6
66356,6
66357,6
66358,6
66359,6
66360,6
66361,6
66362,6
66363,6
66364,6
66365,6
66366,6
66367,6
66368,6
66369,6
66370,6
66371,6
66372,6
66373,6
66374,6
66375,6
66376,6
66377,6
66378,6
66379,6
66380,6
66381,6
66382,6
66383,6
66384,6
66385,6
66386,6
66387,6
66388,6
66389,6
66390,6
66391,6
66392,6
66393,6
66394,6
66395,6
66396,6
66397,6
66398,6
66399,6
66400,6
66401,6
66402,6
66403,6
66404,6
66405,6
66406,6
66407,6
66408,6
66409,6
66410,6
66411,6
66412,6
66413,6
66414,6
66415,6
66416,6
66417,6
66418,6
66419,6
66420,6
66421,6
66422,6
66423,6
66424,6
66425,6
66426,6
66427,6
66428,6
66429,6
66430,6
66431,6
66432,6
66433,6
66434,6
66435,6
66436,6
66437,6
66438,6
66439,6
66440,6
66441,6
66442,6
66443,6
66444,6
66445,6
66446,6
66447,6
66448,6
66449,6
66450,6
66451,6
66452,6
66453,6
66454,6
66455,6
66456,6
66457,6
66458,6
66459,6
66460,6
66461,6
66462,6
66463,6
66464,6
66465,6
66466,6
66467,6
66468,6
66469,6
66470,6
66471,6
66472,6
66473,6
66474,6
66475,6
66476,6
66477,6
66478,6
66479,6
66480,6
66481,6
66482,6
66483,6
66484,6
66485,6
66486,6
66487,6
66488,6
66489,6
66490,6
66491,6
66492,6
66493,6
66494,6
66495,6
66496,6
66497,6
66498,6
66499,6
66500,6
66501,6
66502,6
66503,6
66504,6
66505,6
66506,6
66507,6
66508,6
66509,6
66510,6
66511,6
66512,6
66513,6
66514,6
66515,6
66516,6
66517,6
66518,6
66519,6
66520,6
66521,6
66522,6
66523,6
66524,6
66525,6
66526,6
66527,6
66528,6
66529,6
66530,6
66531,6
66532,6
66533,6
66534,6
66535,6
66536,6
66537,6
66538,6
66539,6
66540,6
66541,6
66542,6
66543,6
66544,6
66545,6
66546,6
66547,6
66548,6
66549,6
66550,6
66551,6
66552,6
66553,6
66554,6
66555,6
66556,6
66557,6
66558,6
66559,6
66560,6
66561,6
66562,6
66563,6
66564,6
66565,6
66566,6
66567,6
66568,6
66569,6
66570,6
66571,6
66572,6
66573,6
66574,6
66575,6
66576,6
66577,6
66578,6
66579,6
66580,6
66581,6
66582,6
66583,6
66584,6
66585,6
66586,6
66587,6
66588,6
66589,6
66590,6
66591,6
66592,6
66593,6
66594,6
66595,6
66596,6
66597,6
66598,6
66599,6
66600,6
66601,6
66602,6
66603,6
66604,6
66605,6
66606,6
66607,6
66608,6
66609,6
66610,6
66611,6
66612,6
66613,6
66614,6
66615,6
66616,6
66617,6
66618,6
66619,6
66620,6
66621,6
66622,6
66623,6
66624,6
66625,6
66626,6
66627,6
66628,6
66629,6
66630,6
66631,6
66632,6
66633,6
66634,6
66635,6
66636,6
66637,6
66638,6
66639,6
66640,6
66641,6
66642,6
66643,6
66644,6
66645,6
66646,6
66647,6
66648,6
66649,6
66650,6
66651,6
66652,6
66653,6
66654,6
66655,6
66656,6
66657,6
66658,6
66659,6
66660,6
66661,6
66662,6
66663,6
66664,6
66665,6
66666,6
66667,6
66668,6
66669,6
66670,6
66671,6
66672,6
66673,6
66674,6
66675,6
66676,6
66677,6
66678,6
66679,6
66680,6
66681,6
66682,6
66683,6
66684,6
66685,6
66686,6
66687,6
66688,6
66689,6
66690,6
66691,6
66692,6
66693,6
66694,6
66695,6
66696,6
66697,6
66698,6
66699,6
66700,6
66701,6
66702,6
66703,6
66704,6
66705,6
66706,6
66707,6
66708,6
66709,6
66710,6
66711,6
66712,6
66713,6
66714,6
66715,6
66716,6
66717,6
66718,6
66719,6
66720,6
66721,6
66722,6
66723,6
66724,6
66725,6
66726,6
66727,6
66728,6
66729,6
66730,6
66731,6
66732,6
66733,6
66734,6
66735,6
66736,6
66737,6
66738,6
66739,6
66740,6
66741,6
66742,6
66743,6
66744,6
66745,6
66746,6
66747,6
66748,6
66749,6
66750,6
66751,6
66752,6
66753,6
66754,6
66755,6
66756,6
66757,6
66758,6
66759,6
66760,6
66761,6
66762,6
66763,6
66764,6
66765,6
66766,6
66767,6
66768,6
66769,6
66770,6
66771,6
66772,6
66773,6
66774,6
66775,6
66776,6
66777,6
66778,6
66779,6
66780,6
66781,6
66782,6
66783,6
66784,6
66785,6
66786,6
66787,6
66788,6
66789,6
66790,6
66791,6
66792,6
66793,6
66794,6
66795,6
66796,6
66797,6
66798,6
66799,6
66800,6
66801,6
66802,6
66803,6
66804,6
66805,6
66806,6
66807,6
66808,6
66809,6
66810,6
66811,6
66812,6
66813,6
66814,6
66815,6
66816,6
66817,6
66818,6
66819,6
66820,6
66821,6
66822,6
66823,6
66824,6
66825,6
66826,6
66827,6
66828,6
66829,6
66830,6
66831,6
66832,6
66833,6
66834,6
66835,6
66836,6
66837,6
66838,6
66839,6
66840,6
66841,6
66842,6
66843,6
66844,6
66845,6
66846,6
66847,6
66848,6
66849,6
66850,6
66851,6
66852,6
66853,6
66854,6
66855,6
66856,6
66857,6
66858,6
66859,6
66860,6
66861,6
66862,6
66863,6
66864,6
66865,6
66866,6
66867,6
66868,6
66869,6
66870,6
66871,6
66872,6
66873,6
66874,6
66875,6
66876,6
66877,6
66878,6
66879,6
66880,6
66881,6
66882,6
66883,6
66884,6
66885,6
66886,6
66887,6
66888,6
66889,6
66890,6
66891,6
66892,6
66893,6
66894,6
66895,6
66896,6
66897,6
66898,6
66899,6
66900,6
66901,6
66902,6
66903,6
66904,6
66905,6
66906,6
66907,6
66908,6
66909,6
66910,6
66911,6
66912,6
66913,6
66914,6
66915,6
66916,6
66917,6
66918,6
66919,6
66920,6
66921,6
66922,6
66923,6
66924,6
66925,6
66926,6
66927,6
66928,6
66929,6
66930,6
66931,6
66932,6
66933,6
66934,6
66935,6
66936,6
66937,6
66938,6
66939,6
66940,6
66941,6
66942,6
66943,6
66944,6
66945,6
66946,6
66947,6
66948,6
66949,6
66950,6
66951,6
66952,6
66953,6
66954,6
66955,6
66956,6
66957,6
66958,6
66959,6
66960,6
66961,6
66962,6
66963,6
66964,6
66965,6
66966,6
66967,6
66968,6
66969,6
66970,6
66971,6
66972,6
66973,6
66974,6
66975,6
66976,6
66977,6
66978,6
66979,6
66980,6
66981,6
66982,6
66983,6
66984,6
66985,6
66986,6
66987,6
66988,6
66989,6
66990,6
66991,6
66992,6
66993,6
66994,6
66995,6
66996,6
66997,6
66998,6
66999,6
67000,6
67001,6
67002,6
67003,6
67004,6
67005,6
67006,6
67007,6
67008,6
67009,6
67010,6
67011,6
67012,6
67013,6
67014,6
67015,6
67016,6
67017,6
67018,6
67019,6
67020,6
67021,6
67022,6
67023,6
67024,6
67025,6
67026,6
67027,6
67028,6
67029,6
67030,6
67031,6
67032,6
67033,6
67034,6
67035,6
67036,6
67037,6
67038,6
67039,6
67040,6
67041,6
67042,6
67043,6
67044,6
67045,6
67046,6
67047,6
67048,6
67049,6
67050,6
67051,6
67052,6
67053,6
67054,6
67055,6
67056,6
67057,6
67058,6
67059,6
67060,6
67061,6
67062,6
67063,6
67064,6
67065,6
67066,6
67067,6
67068,6
67069,6
67070,6
67071,6
67072,6
67073,6
67074,6
67075,6
67076,6
67077,6
67078,6
67079,6
67080,6
67081,6
67082,6
67083,6
67084,6
67085,6
67086,6
67087,6
67088,6
67089,6
67090,6
67091,6
67092,6
67093,6
67094,6
67095,6
67096,6
67097,6
67098,6
67099,6
67100,6
67101,6
67102,6
67103,6
67104,6
67105,6
67106,6
67107,6
67108,6
67109,6
67110,6
67111,6
67112,6
67113,6
67114,6
67115,6
67116,6
67117,6
67118,6
67119,6
67120,6
67121,6
67122,6
67123,6
67124,6
67125,6
67126,6
67127,6
67128,6
67129,6
67130,6
67131,6
67132,6
67133,6
67134,6
67135,6
67136,6
67137,6
67138,6
67139,6
67140,6
67141,6
67142,6
67143,6
67144,6
67145,6
67146,6
67147,6
67148,6
67149,6
67150,6
67151,6
67152,6
67153,6
67154,6
67155,6
67156,6
67157,6
67158,6
67159,6
67160,6
67161,6
67162,6
67163,6
67164,6
67165,6
67166,6
67167,6
67168,6
67169,6
67170,6
67171,6
67172,6
67173,6
67174,6
67175,6
67176,6
67177,6
67178,6
67179,6
67180,6
67181,6
67182,6
67183,6
67184,6
67185,6
67186,6
67187,6
67188,6
67189,6
67190,6
67191,6
67192,6
67193,6
67194,6
67195,6
67196,6
67197,6
67198,6
67199,6
67200,6
67201,6
67202,6
67203,6
67204,6
67205,6
67206,6
67207,6
67208,6
67209,6
67210,6
67211,6
67212,6
67213,6
67214,6
67215,6
67216,6
67217,6
67218,6
67219,6
67220,6
67221,6
67222,6
67223,6
67224,6
67225,6
67226,6
67227,6
67228,6
67229,6
67230,6
67231,6
67232,6
67233,6
67234,6
67235,6
67236,6
67237,6
67238,6
67239,6
67240,6
67241,6
67242,6
67243,6
67244,6
67245,6
67246,6
67247,6
67248,6
67249,6
67250,6
67251,6
67252,6
67253,6
67254,6
67255,6
67256,6
67257,6
67258,6
67259,6
67260,6
67261,6
67262,6
67263,6
67264,6
67265,6
67266,6
67267,6
67268,6
67269,6
67270,6
67271,6
67272,6
67273,6
67274,6
67275,6
67276,6
67277,6
67278,6
67279,6
67280,6
67281,6
67282,6
67283,6
67284,6
67285,6
67286,6
67287,6
67288,6
67289,6
67290,6
67291,6
67292,6
67293,6
67294,6
67295,6
67296,6
67297,6
67298,6
67299,6
67300,6
67301,6
67302,6
67303,6
67304,6
67305,6
67306,6
67307,6
67308,6
67309,6
67310,6
67311,6
67312,6
67313,6
67314,6
67315,6
67316,6
67317,6
67318,6
67319,6
67320,6
67321,6
67322,6
67323,6
67324,6
67325,6
67326,6
67327,6
67328,6
67329,6
67330,6
67331,6
67332,6
67333,6
67334,6
67335,6
67336,6
67337,6
67338,6
67339,6
67340,6
67341,6
67342,6
67343,6
67344,6
67345,6
67346,6
67347,6
67348,6
67349,6
67350,6
67351,6
67352,6
67353,6
67354,6
67355,6
67356,6
67357,6
67358,6
67359,6
67360,6
67361,6
67362,6
67363,6
67364,6
67365,6
67366,6
67367,6
67368,6
67369,6
67370,6
67371,6
67372,6
67373,6
67374,6
67375,6
67376,6
67377,6
67378,6
67379,6
67380,6
67381,6
67382,6
67383,6
67384,6
67385,6
67386,6
67387,6
67388,6
67389,6
67390,6
67391,6
67392,6
67393,6
67394,6
67395,6
67396,6
67397,6
67398,6
67399,6
67400,6
67401,6
67402,6
67403,6
67404,6
67405,6
67406,6
67407,6
67408,6
67409,6
67410,6
67411,6
67412,6
67413,6
67414,6
67415,6
67416,6
67417,6
67418,6
67419,6
67420,6
67421,6
67422,6
67423,6
67424,6
67425,6
67426,6
67427,6
67428,6
67429,6
67430,6
67431,6
67432,6
67433,6
67434,6
67435,6
67436,6
67437,6
67438,6
67439,6
67440,6
67441,6
67442,6
67443,6
67444,6
67445,6
67446,6
67447,6
67448,6
67449,6
67450,6
67451,6
67452,6
67453,6
67454,6
67455,6
67456,6
67457,6
67458,6
67459,6
67460,6
67461,6
67462,6
67463,6
67464,6
67465,6
67466,6
67467,6
67468,6
67469,6
67470,6
67471,6
67472,6
67473,6
67474,6
67475,6
67476,6
67477,6
67478,6
67479,6
67480,6
67481,6
67482,6
67483,6
67484,6
67485,6
67486,6
67487,6
67488,6
67489,6
67490,6
67491,6
67492,6
67493,6
67494,6
67495,6
67496,6
67497,6
67498,6
67499,6
67500,6
67501,6
67502,6
67503,6
67504,6
67505,6
67506,6
67507,6
67508,6
67509,6
67510,6
67511,6
67512,6
67513,6
67514,6
67515,6
67516,6
67517,6
67518,6
67519,6
67520,6
67521,6
67522,6
67523,6
67524,6
67525,6
67526,6
67527,6
67528,6
67529,6
67530,6
67531,6
67532,6
67533,6
67534,6
67535,6
67536,6
67537,6
67538,6
67539,6
67540,6
67541,6
67542,6
67543,6
67544,6
67545,6
67546,6
67547,6
67548,6
67549,6
67550,6
67551,6
67552,6
67553,6
67554,6
67555,6
67556,6
67557,6
67558,6
67559,6
67560,6
67561,6
67562,6
67563,6
67564,6
67565,6
67566,6
67567,6
67568,6
67569,6
67570,6
67571,6
67572,6
67573,6
67574,6
67575,6
67576,6
67577,6
67578,6
67579,6
67580,6
67581,6
67582,6
67583,6
67584,6
67585,6
67586,6
67587,6
67588,6
67589,6
67590,6
67591,6
67592,6
67593,6
67594,6
67595,6
67596,6
67597,6
67598,6
67599,6
67600,6
67601,6
67602,6
67603,6
67604,6
67605,6
67606,6
67607,6
67608,6
67609,6
67610,6
67611,6
67612,6
67613,6
67614,6
67615,6
67616,6
67617,6
67618,6
67619,6
67620,6
67621,6
67622,6
67623,6
67624,6
67625,6
67626,6
67627,6
67628,6
67629,6
67630,6
67631,6
67632,6
67633,6
67634,6
67635,6
67636,6
67637,6
67638,6
67639,6
67640,6
67641,6
67642,6
67643,6
67644,6
67645,6
67646,6
67647,6
67648,6
67649,6
67650,6
67651,6
67652,6
67653,6
67654,6
67655,6
67656,6
67657,6
67658,6
67659,6
67660,6
67661,6
67662,6
67663,6
67664,6
67665,6
67666,6
67667,6
67668,6
67669,6
67670,6
67671,6
67672,6
67673,6
67674,6
67675,6
67676,6
67677,6
67678,6
67679,6
67680,6
67681,6
67682,6
67683,6
67684,6
67685,6
67686,6
67687,6
67688,6
67689,6
67690,6
67691,6
67692,6
67693,6
67694,6
67695,6
67696,6
67697,6
67698,6
67699,6
67700,6
67701,6
67702,6
67703,6
67704,6
67705,6
67706,6
67707,6
67708,6
67709,6
67710,6
67711,6
67712,6
67713,6
67714,6
67715,6
67716,6
67717,6
67718,6
67719,6
67720,6
67721,6
67722,6
67723,6
67724,6
67725,6
67726,6
67727,6
67728,6
67729,6
67730,6
67731,6
67732,6
67733,6
67734,6
67735,6
67736,6
67737,6
67738,6
67739,6
67740,6
67741,6
67742,6
67743,6
67744,6
67745,6
67746,6
67747,6
67748,6
67749,6
67750,6
67751,6
67752,6
67753,6
67754,6
67755,6
67756,6
67757,6
67758,6
67759,6
67760,6
67761,6
67762,6
67763,6
67764,6
67765,6
67766,6
67767,6
67768,6
67769,6
67770,6
67771,6
67772,6
67773,6
67774,6
67775,6
67776,6
67777,6
67778,6
67779,6
67780,6
67781,6
67782,6
67783,6
67784,6
67785,6
67786,6
67787,6
67788,6
67789,6
67790,6
67791,6
67792,6
67793,6
67794,6
67795,6
67796,6
67797,6
67798,6
67799,6
67800,6
67801,6
67802,6
67803,6
67804,6
67805,6
67806,6
67807,6
67808,6
67809,6
67810,6
67811,6
67812,6
67813,6
67814,6
67815,6
67816,6
67817,6
67818,6
67819,6
67820,6
67821,6
67822,6
67823,6
67824,6
67825,6
67826,6
67827,6
67828,6
67829,6
67830,6
67831,6
67832,6
67833,6
67834,6
67835,6
67836,6
67837,6
67838,6
67839,6
67840,6
67841,6
67842,6
67843,6
67844,6
67845,6
67846,6
67847,6
67848,6
67849,6
67850,6
67851,6
67852,6
67853,6
67854,6
67855,6
67856,6
67857,6
67858,6
67859,6
67860,6
67861,6
67862,6
67863,6
67864,6
67865,6
67866,6
67867,6
67868,6
67869,6
67870,6
67871,6
67872,6
67873,6
67874,6
67875,6
67876,6
67877,6
67878,6
67879,6
67880,6
67881,6
67882,6
67883,6
67884,6
67885,6
67886,6
67887,6
67888,6
67889,6
67890,6
67891,6
67892,6
67893,6
67894,6
67895,6
67896,6
67897,6
67898,6
67899,6
67900,6
67901,6
67902,6
67903,6
67904,6
67905,6
67906,6
67907,6
67908,6
67909,6
67910,6
67911,6
67912,6
67913,6
67914,6
67915,6
67916,6
67917,6
67918,6
67919,6
67920,6
67921,6
67922,6
67923,6
67924,6
67925,6
67926,6
67927,6
67928,6
67929,6
67930,6
67931,6
67932,6
67933,6
67934,6
67935,6
67936,6
67937,6
67938,6
67939,6
67940,6
67941,6
67942,6
67943,6
67944,6
67945,6
67946,6
67947,6
67948,6
67949,6
67950,6
67951,6
67952,6
67953,6
67954,6
67955,6
67956,6
67957,6
67958,6
67959,6
67960,6
67961,6
67962,6
67963,6
67964,6
67965,6
67966,6
67967,6
67968,6
67969,6
67970,6
67971,6
67972,6
67973,6
67974,6
67975,6
67976,6
67977,6
67978,6
67979,6
67980,6
67981,6
67982,6
67983,6
67984,6
67985,6
67986,6
67987,6
67988,6
67989,6
67990,6
67991,6
67992,6
67993,6
67994,6
67995,6
67996,6
67997,6
67998,6
67999,6
68000,6
68001,6
68002,6
68003,6
68004,6
68005,6
68006,6
68007,6
68008,6
68009,6
68010,6
68011,6
68012,6
68013,6
68014,6
68015,6
68016,6
68017,6
68018,6
68019,6
68020,6
68021,6
68022,6
68023,6
68024,6
68025,6
68026,6
68027,6
68028,6
68029,6
68030,6
68031,6
68032,6
68033,6
68034,6
68035,6
68036,6
68037,6
68038,6
68039,6
68040,6
68041,6
68042,6
68043,6
68044,6
68045,6
68046,6
68047,6
68048,6
68049,6
68050,6
68051,6
68052,6
68053,6
68054,6
68055,6
68056,6
68057,6
68058,6
68059,6
68060,6
68061,6
68062,6
68063,6
68064,6
68065,6
68066,6
68067,6
68068,6
68069,6
68070,6
68071,6
68072,6
68073,6
68074,6
68075,6
68076,6
68077,6
68078,6
68079,6
68080,6
68081,6
68082,6
68083,6
68084,6
68085,6
68086,6
68087,6
68088,6
68089,6
68090,6
68091,6
68092,6
68093,6
68094,6
68095,6
68096,6
68097,6
68098,6
68099,6
68100,6
68101,6
68102,6
68103,6
68104,6
68105,6
68106,6
68107,6
68108,6
68109,6
68110,6
68111,6
68112,6
68113,6
68114,6
68115,6
68116,6
68117,6
68118,6
68119,6
68120,6
68121,6
68122,6
68123,6
68124,6
68125,6
68126,6
68127,6
68128,6
68129,6
68130,6
68131,6
68132,6
68133,6
68134,6
68135,6
68136,6
68137,6
68138,6
68139,6
68140,6
68141,6
68142,6
68143,6
68144,6
68145,6
68146,6
68147,6
68148,6
68149,6
68150,6
68151,6
68152,6
68153,6
68154,6
68155,6
68156,6
68157,6
68158,6
68159,6
68160,6
68161,6
68162,6
68163,6
68164,6
68165,6
68166,6
68167,6
68168,6
68169,6
68170,6
68171,6
68172,6
68173,6
68174,6
68175,6
68176,6
68177,6
68178,6
68179,6
68180,6
68181,6
68182,6
68183,6
68184,6
68185,6
68186,6
68187,6
68188,6
68189,6
68190,6
68191,6
68192,6
68193,6
68194,6
68195,6
68196,6
68197,6
68198,6
68199,6
68200,6
68201,6
68202,6
68203,6
68204,6
68205,6
68206,6
68207,6
68208,6
68209,6
68210,6
68211,6
68212,6
68213,6
68214,6
68215,6
68216,6
68217,6
68218,6
68219,6
68220,6
68221,6
68222,6
68223,6
68224,6
68225,6
68226,6
68227,6
68228,6
68229,6
68230,6
68231,6
68232,6
68233,6
68234,6
68235,6
68236,6
68237,6
68238,6
68239,6
68240,6
68241,6
68242,6
68243,6
68244,6
68245,6
68246,6
68247,6
68248,6
68249,6
68250,6
68251,6
68252,6
68253,6
68254,6
68255,6
68256,6
68257,6
68258,6
68259,6
68260,6
68261,6
68262,6
68263,6
68264,6
68265,6
68266,6
68267,6
68268,6
68269,6
68270,6
68271,6
68272,6
68273,6
68274,6
68275,6
68276,6
68277,6
68278,6
68279,6
68280,6
68281,6
68282,6
68283,6
68284,6
68285,6
68286,6
68287,6
68288,6
68289,6
68290,6
68291,6
68292,6
68293,6
68294,6
68295,6
68296,6
68297,6
68298,6
68299,6
68300,6
68301,6
68302,6
68303,6
68304,6
68305,6
68306,6
68307,6
68308,6
68309,6
68310,6
68311,6
68312,6
68313,6
68314,6
68315,6
68316,6
68317,6
68318,6
68319,6
68320,6
68321,6
68322,6
68323,6
68324,6
68325,6
68326,6
68327,6
68328,6
68329,6
68330,6
68331,6
68332,6
68333,6
68334,6
68335,6
68336,6
68337,6
68338,6
68339,6
68340,6
68341,6
68342,6
68343,6
68344,6
68345,6
68346,6
68347,6
68348,6
68349,6
68350,6
68351,6
68352,6
68353,6
68354,6
68355,6
68356,6
68357,6
68358,6
68359,6
68360,6
68361,6
68362,6
68363,6
68364,6
68365,6
68366,6
68367,6
68368,6
68369,6
68370,6
68371,6
68372,6
68373,6
68374,6
68375,6
68376,6
68377,6
68378,6
68379,6
68380,6
68381,6
68382,6
68383,6
68384,6
68385,6
68386,6
68387,6
68388,6
68389,6
68390,6
68391,6
68392,6
68393,6
68394,6
68395,6
68396,6
68397,6
68398,6
68399,6
68400,6
68401,6
68402,6
68403,6
68404,6
68405,6
68406,6
68407,6
68408,6
68409,6
68410,6
68411,6
68412,6
68413,6
68414,6
68415,6
68416,6
68417,6
68418,6
68419,6
68420,6
68421,6
68422,6
68423,6
68424,6
68425,6
68426,6
68427,6
68428,6
68429,6
68430,6
68431,6
68432,6
68433,6
68434,6
68435,6
68436,6
68437,6
68438,6
68439,6
68440,6
68441,6
68442,6
68443,6
68444,6
68445,6
68446,6
68447,6
68448,6
68449,6
68450,6
68451,6
68452,6
68453,6
68454,6
68455,6
68456,6
68457,6
68458,6
68459,6
68460,6
68461,6
68462,6
68463,6
68464,6
68465,6
68466,6
68467,6
68468,6
68469,6
68470,6
68471,6
68472,6
68473,6
68474,6
68475,6
68476,6
68477,6
68478,6
68479,6
68480,6
68481,6
68482,6
68483,6
68484,6
68485,6
68486,6
68487,6
68488,6
68489,6
68490,6
68491,6
68492,6
68493,6
68494,6
68495,6
68496,6
68497,6
68498,6
68499,6
68500,6
68501,6
68502,6
68503,6
68504,6
68505,6
68506,6
68507,6
68508,6
68509,6
68510,6
68511,6
68512,6
68513,6
68514,6
68515,6
68516,6
68517,6
68518,6
68519,6
68520,6
68521,6
68522,6
68523,6
68524,6
68525,6
68526,6
68527,6
68528,6
68529,6
68530,6
68531,6
68532,6
68533,6
68534,6
68535,6
68536,6
68537,6
68538,6
68539,6
68540,6
68541,6
68542,6
68543,6
68544,6
68545,6
68546,6
68547,6
68548,6
68549,6
68550,6
68551,6
68552,6
68553,6
68554,6
68555,6
68556,6
68557,6
68558,6
68559,6
68560,6
68561,6
68562,6
68563,6
68564,6
68565,6
68566,6
68567,6
68568,6
68569,6
68570,6
68571,6
68572,6
68573,6
68574,6
68575,6
68576,6
68577,6
68578,6
68579,6
68580,6
68581,6
68582,6
68583,6
68584,6
68585,6
68586,6
68587,6
68588,6
68589,6
68590,6
68591,6
68592,6
68593,6
68594,6
68595,6
68596,6
68597,6
68598,6
68599,6
68600,6
68601,6
68602,6
68603,6
68604,6
68605,6
68606,6
68607,6
68608,6
68609,6
68610,6
68611,6
68612,6
68613,6
68614,6
68615,6
68616,6
68617,6
68618,6
68619,6
68620,6
68621,6
68622,6
68623,6
68624,6
68625,6
68626,6
68627,6
68628,6
68629,6
68630,6
68631,6
68632,6
68633,6
68634,6
68635,6
68636,6
68637,6
68638,6
68639,6
68640,6
68641,6
68642,6
68643,6
68644,6
68645,6
68646,6
68647,6
68648,6
68649,6
68650,6
68651,6
68652,6
68653,6
68654,6
68655,6
68656,6
68657,6
68658,6
68659,6
68660,6
68661,6
68662,6
68663,6
68664,6
68665,6
68666,6
68667,6
68668,6
68669,6
68670,6
68671,6
68672,6
68673,6
68674,6
68675,6
68676,6
68677,6
68678,6
68679,6
68680,6
68681,6
68682,6
68683,6
68684,6
68685,6
68686,6
68687,6
68688,6
68689,6
68690,6
68691,6
68692,6
68693,6
68694,6
68695,6
68696,6
68697,6
68698,6
68699,6
68700,6
68701,6
68702,6
68703,6
68704,6
68705,6
68706,6
68707,6
68708,6
68709,6
68710,6
68711,6
68712,6
68713,6
68714,6
68715,6
68716,6
68717,6
68718,6
68719,6
68720,6
68721,6
68722,6
68723,6
68724,6
68725,6
68726,6
68727,6
68728,6
68729,6
68730,6
68731,6
68732,6
68733,6
68734,6
68735,6
68736,6
68737,6
68738,6
68739,6
68740,6
68741,6
68742,6
68743,6
68744,6
68745,6
68746,6
68747,6
68748,6
68749,6
68750,6
68751,6
68752,6
68753,6
68754,6
68755,6
68756,6
68757,6
68758,6
68759,6
68760,6
68761,6
68762,6
68763,6
68764,6
68765,6
68766,6
68767,6
68768,6
68769,6
68770,6
68771,6
68772,6
68773,6
68774,6
68775,6
68776,6
68777,6
68778,6
68779,6
68780,6
68781,6
68782,6
68783,6
68784,6
68785,6
68786,6
68787,6
68788,6
68789,6
68790,6
68791,6
68792,6
68793,6
68794,6
68795,6
68796,6
68797,6
68798,6
68799,6
68800,6
68801,6
68802,6
68803,6
68804,6
68805,6
68806,6
68807,6
68808,6
68809,6
68810,6
68811,6
68812,6
68813,6
68814,6
68815,6
68816,6
68817,6
68818,6
68819,6
68820,6
68821,6
68822,6
68823,6
68824,6
68825,6
68826,6
68827,6
68828,6
68829,6
68830,6
68831,6
68832,6
68833,6
68834,6
68835,6
68836,6
68837,6
68838,6
68839,6
68840,6
68841,6
68842,6
68843,6
68844,6
68845,6
68846,6
68847,6
68848,6
68849,6
68850,6
68851,6
68852,6
68853,6
68854,6
68855,6
68856,6
68857,6
68858,6
68859,6
68860,6
68861,6
68862,6
68863,6
68864,6
68865,6
68866,6
68867,6
68868,6
68869,6
68870,6
68871,6
68872,6
68873,6
68874,6
68875,6
68876,6
68877,6
68878,6
68879,6
68880,6
68881,6
68882,6
68883,6
68884,6
68885,6
68886,6
68887,6
68888,6
68889,6
68890,6
68891,6
68892,6
68893,6
68894,6
68895,6
68896,6
68897,6
68898,6
68899,6
68900,6
68901,6
68902,6
68903,6
68904,6
68905,6
68906,6
68907,6
68908,6
68909,6
68910,6
68911,6
68912,6
68913,6
68914,6
68915,6
68916,6
68917,6
68918,6
68919,6
68920,6
68921,6
68922,6
68923,6
68924,6
68925,6
68926,6
68927,6
68928,6
68929,6
68930,6
68931,6
68932,6
68933,6
68934,6
68935,6
68936,6
68937,6
68938,6
68939,6
68940,6
68941,6
68942,6
68943,6
68944,6
68945,6
68946,6
68947,6
68948,6
68949,6
68950,6
68951,6
68952,6
68953,6
68954,6
68955,6
68956,6
68957,6
68958,6
68959,6
68960,6
68961,6
68962,6
68963,6
68964,6
68965,6
68966,6
68967,6
68968,6
68969,6
68970,6
68971,6
68972,6
68973,6
68974,6
68975,6
68976,6
68977,6
68978,6
68979,6
68980,6
68981,6
68982,6
68983,6
68984,6
68985,6
68986,6
68987,6
68988,6
68989,6
68990,6
68991,6
68992,6
68993,6
68994,6
68995,6
68996,6
68997,6
68998,6
68999,6
69000,6
69001,6
69002,6
69003,6
69004,6
69005,6
69006,6
69007,6
69008,6
69009,6
69010,6
69011,6
69012,6
69013,6
69014,6
69015,6
69016,6
69017,6
69018,6
69019,6
69020,6
69021,6
69022,6
69023,6
69024,6
69025,6
69026,6
69027,6
69028,6
69029,6
69030,6
69031,6
69032,6
69033,6
69034,6
69035,6
69036,6
69037,6
69038,6
69039,6
69040,6
69041,6
69042,6
69043,6
69044,6
69045,6
69046,6
69047,6
69048,6
69049,6
69050,6
69051,6
69052,6
69053,6
69054,6
69055,6
69056,6
69057,6
69058,6
69059,6
69060,6
69061,6
69062,6
69063,6
69064,6
69065,6
69066,6
69067,6
69068,6
69069,6
69070,6
69071,6
69072,6
69073,6
69074,6
69075,6
69076,6
69077,6
69078,6
69079,6
69080,6
69081,6
69082,6
69083,6
69084,6
69085,6
69086,6
69087,6
69088,6
69089,6
69090,6
69091,6
69092,6
69093,6
69094,6
69095,6
69096,6
69097,6
69098,6
69099,6
69100,6
69101,6
69102,6
69103,6
69104,6
69105,6
69106,6
69107,6
69108,6
69109,6
69110,6
69111,6
69112,6
69113,6
69114,6
69115,6
69116,6
69117,6
69118,6
69119,6
69120,6
69121,6
69122,6
69123,6
69124,6
69125,6
69126,6
69127,6
69128,6
69129,6
69130,6
69131,6
69132,6
69133,6
69134,6
69135,6
69136,6
69137,6
69138,6
69139,6
69140,6
69141,6
69142,6
69143,6
69144,6
69145,6
69146,6
69147,6
69148,6
69149,6
69150,6
69151,6
69152,6
69153,6
69154,6
69155,6
69156,6
69157,6
69158,6
69159,6
69160,6
69161,6
69162,6
69163,6
69164,6
69165,6
69166,6
69167,6
69168,6
69169,6
69170,6
69171,6
69172,6
69173,6
69174,6
69175,6
69176,6
69177,6
69178,6
69179,6
69180,6
69181,6
69182,6
69183,6
69184,6
69185,6
69186,6
69187,6
69188,6
69189,6
69190,6
69191,6
69192,6
69193,6
69194,6
69195,6
69196,6
69197,6
69198,6
69199,6
69200,6
69201,6
69202,6
69203,6
69204,6
69205,6
69206,6
69207,6
69208,6
69209,6
69210,6
69211,6
69212,6
69213,6
69214,6
69215,6
69216,6
69217,6
69218,6
69219,6
69220,6
69221,6
69222,6
69223,6
69224,6
69225,6
69226,6
69227,6
69228,6
69229,6
69230,6
69231,6
69232,6
69233,6
69234,6
69235,6
69236,6
69237,6
69238,6
69239,6
69240,6
69241,6
69242,6
69243,6
69244,6
69245,6
69246,6
69247,6
69248,6
69249,6
69250,6
69251,6
69252,6
69253,6
69254,6
69255,6
69256,6
69257,6
69258,6
69259,6
69260,6
69261,6
69262,6
69263,6
69264,6
69265,6
69266,6
69267,6
69268,6
69269,6
69270,6
69271,6
69272,6
69273,6
69274,6
69275,6
69276,6
69277,6
69278,6
69279,6
69280,6
69281,6
69282,6
69283,6
69284,6
69285,6
69286,6
69287,6
69288,6
69289,6
69290,6
69291,6
69292,6
69293,6
69294,6
69295,6
69296,6
69297,6
69298,6
69299,6
69300,6
69301,6
69302,6
69303,6
69304,6
69305,6
69306,6
69307,6
69308,6
69309,6
69310,6
69311,6
69312,6
69313,6
69314,6
69315,6
69316,6
69317,6
69318,6
69319,6
69320,6
69321,6
69322,6
69323,6
69324,6
69325,6
69326,6
69327,6
69328,6
69329,6
69330,6
69331,6
69332,6
69333,6
69334,6
69335,6
69336,6
69337,6
69338,6
69339,6
69340,6
69341,6
69342,6
69343,6
69344,6
69345,6
69346,6
69347,6
69348,6
69349,6
69350,6
69351,6
69352,6
69353,6
69354,6
69355,6
69356,6
69357,6
69358,6
69359,6
69360,6
69361,6
69362,6
69363,6
69364,6
69365,6
69366,6
69367,6
69368,6
69369,6
69370,6
69371,6
69372,6
69373,6
69374,6
69375,6
69376,6
69377,6
69378,6
69379,6
69380,6
69381,6
69382,6
69383,6
69384,6
69385,6
69386,6
69387,6
69388,6
69389,6
69390,6
69391,6
69392,6
69393,6
69394,6
69395,6
69396,6
69397,6
69398,6
69399,6
69400,6
69401,6
69402,6
69403,6
69404,6
69405,6
69406,6
69407,6
69408,6
69409,6
69410,6
69411,6
69412,6
69413,6
69414,6
69415,6
69416,6
69417,6
69418,6
69419,6
69420,6
69421,6
69422,6
69423,6
69424,6
69425,6
69426,6
69427,6
69428,6
69429,6
69430,6
69431,6
69432,6
69433,6
69434,6
69435,6
69436,6
69437,6
69438,6
69439,6
69440,6
69441,6
69442,6
69443,6
69444,6
69445,6
69446,6
69447,6
69448,6
69449,6
69450,6
69451,6
69452,6
69453,6
69454,6
69455,6
69456,6
69457,6
69458,6
69459,6
69460,6
69461,6
69462,6
69463,6
69464,6
69465,6
69466,6
69467,6
69468,6
69469,6
69470,6
69471,6
69472,6
69473,6
69474,6
69475,6
69476,6
69477,6
69478,6
69479,6
69480,6
69481,6
69482,6
69483,6
69484,6
69485,6
69486,6
69487,6
69488,6
69489,6
69490,6
69491,6
69492,6
69493,6
69494,6
69495,6
69496,6
69497,6
69498,6
69499,6
69500,6
69501,6
69502,6
69503,6
69504,6
69505,6
69506,6
69507,6
69508,6
69509,6
69510,6
69511,6
69512,6
69513,6
69514,6
69515,6
69516,6
69517,6
69518,6
69519,6
69520,6
69521,6
69522,6
69523,6
69524,6
69525,6
69526,6
69527,6
69528,6
69529,6
69530,6
69531,6
69532,6
69533,6
69534,6
69535,6
69536,6
69537,6
69538,6
69539,6
69540,6
69541,6
69542,6
69543,6
69544,6
69545,6
69546,6
69547,6
69548,6
69549,6
69550,6
69551,6
69552,6
69553,6
69554,6
69555,6
69556,6
69557,6
69558,6
69559,6
69560,6
69561,6
69562,6
69563,6
69564,6
69565,6
69566,6
69567,6
69568,6
69569,6
69570,6
69571,6
69572,6
69573,6
69574,6
69575,6
69576,6
69577,6
69578,6
69579,6
69580,6
69581,6
69582,6
69583,6
69584,6
69585,6
69586,6
69587,6
69588,6
69589,6
69590,6
69591,6
69592,6
69593,6
69594,6
69595,6
69596,6
69597,6
69598,6
69599,6
69600,6
69601,6
69602,6
69603,6
69604,6
69605,6
69606,6
69607,6
69608,6
69609,6
69610,6
69611,6
69612,6
69613,6
69614,6
69615,6
69616,6
69617,6
69618,6
69619,6
69620,6
69621,6
69622,6
69623,6
69624,6
69625,6
69626,6
69627,6
69628,6
69629,6
69630,6
69631,6
69632,6
69633,6
69634,6
69635,6
69636,6
69637,6
69638,6
69639,6
69640,6
69641,6
69642,6
69643,6
69644,6
69645,6
69646,6
69647,6
69648,6
69649,6
69650,6
69651,6
69652,6
69653,6
69654,6
69655,6
69656,6
69657,6
69658,6
69659,6
69660,6
69661,6
69662,6
69663,6
69664,6
69665,6
69666,6
69667,6
69668,6
69669,6
69670,6
69671,6
69672,6
69673,6
69674,6
69675,6
69676,6
69677,6
69678,6
69679,6
69680,6
69681,6
69682,6
69683,6
69684,6
69685,6
69686,6
69687,6
69688,6
69689,6
69690,6
69691,6
69692,6
69693,6
69694,6
69695,6
69696,6
69697,6
69698,6
69699,6
69700,6
69701,6
69702,6
69703,6
69704,6
69705,6
69706,6
69707,6
69708,6
69709,6
69710,6
69711,6
69712,6
69713,6
69714,6
69715,6
69716,6
69717,6
69718,6
69719,6
69720,6
69721,6
69722,6
69723,6
69724,6
69725,6
69726,6
69727,6
69728,6
69729,6
69730,6
69731,6
69732,6
69733,6
69734,6
69735,6
69736,6
69737,6
69738,6
69739,6
69740,6
69741,6
69742,6
69743,6
69744,6
69745,6
69746,6
69747,6
69748,6
69749,6
69750,6
69751,6
69752,6
69753,6
69754,6
69755,6
69756,6
69757,6
69758,6
69759,6
69760,6
69761,6
69762,6
69763,6
69764,6
69765,6
69766,6
69767,6
69768,6
69769,6
69770,6
69771,6
69772,6
69773,6
69774,6
69775,6
69776,6
69777,6
69778,6
69779,6
69780,6
69781,6
69782,6
69783,6
69784,6
69785,6
69786,6
69787,6
69788,6
69789,6
69790,6
69791,6
69792,6
69793,6
69794,6
69795,6
69796,6
69797,6
69798,6
69799,6
69800,6
69801,6
69802,6
69803,6
69804,6
69805,6
69806,6
69807,6
69808,6
69809,6
69810,6
69811,6
69812,6
69813,6
69814,6
69815,6
69816,6
69817,6
69818,6
69819,6
69820,6
69821,6
69822,6
69823,6
69824,6
69825,6
69826,6
69827,6
69828,6
69829,6
69830,6
69831,6
69832,6
69833,6
69834,6
69835,6
69836,6
69837,6
69838,6
69839,6
69840,6
69841,6
69842,6
69843,6
69844,6
69845,6
69846,6
69847,6
69848,6
69849,6
69850,6
69851,6
69852,6
69853,6
69854,6
69855,6
69856,6
69857,6
69858,6
69859,6
69860,6
69861,6
69862,6
69863,6
69864,6
69865,6
69866,6
69867,6
69868,6
69869,6
69870,6
69871,6
69872,6
69873,6
69874,6
69875,6
69876,6
69877,6
69878,6
69879,6
69880,6
69881,6
69882,6
69883,6
69884,6
69885,6
69886,6
69887,6
69888,6
69889,6
69890,6
69891,6
69892,6
69893,6
69894,6
69895,6
69896,6
69897,6
69898,6
69899,6
69900,6
69901,6
69902,6
69903,6
69904,6
69905,6
69906,6
69907,6
69908,6
69909,6
69910,6
69911,6
69912,6
69913,6
69914,6
69915,6
69916,6
69917,6
69918,6
69919,6
69920,6
69921,6
69922,6
69923,6
69924,6
69925,6
69926,6
69927,6
69928,6
69929,6
69930,6
69931,6
69932,6
69933,6
69934,6
69935,6
69936,6
69937,6
69938,6
69939,6
69940,6
69941,6
69942,6
69943,6
69944,6
69945,6
69946,6
69947,6
69948,6
69949,6
69950,6
69951,6
69952,6
69953,6
69954,6
69955,6
69956,6
69957,6
69958,6
69959,6
69960,6
69961,6
69962,6
69963,6
69964,6
69965,6
69966,6
69967,6
69968,6
69969,6
69970,6
69971,6
69972,6
69973,6
69974,6
69975,6
69976,6
69977,6
69978,6
69979,6
69980,6
69981,6
69982,6
69983,6
69984,6
69985,6
69986,6
69987,6
69988,6
69989,6
69990,6
69991,6
69992,6
69993,6
69994,6
69995,6
69996,6
69997,6
69998,6
69999,6
70000,6
70001,6
70002,6
70003,6
70004,6
70005,6
70006,6
70007,6
70008,6
70009,6
70010,6
70011,6
70012,6
70013,6
70014,6
70015,6
70016,6
70017,6
70018,6
70019,6
70020,6
70021,6
70022,6
70023,6
70024,6
70025,6
70026,6
70027,6
70028,6
70029,6
70030,6
70031,6
70032,6
70033,6
70034,6
70035,6
70036,6
70037,6
70038,6
70039,6
70040,6
70041,6
70042,6
70043,6
70044,6
70045,6
70046,6
70047,6
70048,6
70049,6
70050,6
70051,6
70052,6
70053,6
70054,6
70055,6
70056,6
70057,6
70058,6
70059,6
70060,6
70061,6
70062,6
70063,6
70064,6
70065,6
70066,6
70067,6
70068,6
70069,6
70070,6
70071,6
70072,6
70073,6
70074,6
70075,6
70076,6
70077,6
70078,6
70079,6
70080,6
70081,6
70082,6
70083,6
70084,6
70085,6
70086,6
70087,6
70088,6
70089,6
70090,6
70091,6
70092,6
70093,6
70094,6
70095,6
70096,6
70097,6
70098,6
70099,6
70100,6
70101,6
70102,6
70103,6
70104,6
70105,6
70106,6
70107,6
70108,6
70109,6
70110,6
70111,6
70112,6
70113,6
70114,6
70115,6
70116,6
70117,6
70118,6
70119,6
70120,6
70121,6
70122,6
70123,6
70124,6
70125,6
70126,6
70127,6
70128,6
70129,6
70130,6
70131,6
70132,6
70133,6
70134,6
70135,6
70136,6
70137,6
70138,6
70139,6
70140,6
70141,6
70142,6
70143,6
70144,6
70145,6
70146,6
70147,6
70148,6
70149,6
70150,6
70151,6
70152,6
70153,6
70154,6
70155,6
70156,6
70157,6
70158,6
70159,6
70160,6
70161,6
70162,6
70163,6
70164,6
70165,6
70166,6
70167,6
70168,6
70169,6
70170,6
70171,6
70172,6
70173,6
70174,6
70175,6
70176,6
70177,6
70178,6
70179,6
70180,6
70181,6
70182,6
70183,6
70184,6
70185,6
70186,6
70187,6
70188,6
70189,6
70190,6
70191,6
70192,6
70193,6
70194,6
70195,6
70196,6
70197,6
70198,6
70199,6
70200,6
70201,6
70202,6
70203,6
70204,6
70205,6
70206,6
70207,6
70208,6
70209,6
70210,6
70211,6
70212,6
70213,6
70214,6
70215,6
70216,6
70217,6
70218,6
70219,6
70220,6
70221,6
70222,6
70223,6
70224,6
70225,6
70226,6
70227,6
70228,6
70229,6
70230,6
70231,6
70232,6
70233,6
70234,6
70235,6
70236,6
70237,6
70238,6
70239,6
70240,6
70241,6
70242,6
70243,6
70244,6
70245,6
70246,6
70247,6
70248,6
70249,6
70250,6
70251,6
70252,6
70253,6
70254,6
70255,6
70256,6
70257,6
70258,6
70259,6
70260,6
70261,6
70262,6
70263,6
70264,6
70265,6
70266,6
70267,6
70268,6
70269,6
70270,6
70271,6
70272,6
70273,6
70274,6
70275,6
70276,6
70277,6
70278,6
70279,6
70280,6
70281,6
70282,6
70283,6
70284,6
70285,6
70286,6
70287,6
70288,6
70289,6
70290,6
70291,6
70292,6
70293,6
70294,6
70295,6
70296,6
70297,6
70298,6
70299,6
70300,6
70301,6
70302,6
70303,6
70304,6
70305,6
70306,6
70307,6
70308,6
70309,6
70310,6
70311,6
70312,6
70313,6
70314,6
70315,6
70316,6
70317,6
70318,6
70319,6
70320,6
70321,6
70322,6
70323,6
70324,6
70325,6
70326,6
70327,6
70328,6
70329,6
70330,6
70331,6
70332,6
70333,6
70334,6
70335,6
70336,6
70337,6
70338,6
70339,6
70340,6
70341,6
70342,6
70343,6
70344,6
70345,6
70346,6
70347,6
70348,6
70349,6
70350,6
70351,6
70352,6
70353,6
70354,6
70355,6
70356,6
70357,6
70358,6
70359,6
70360,6
70361,6
70362,6
70363,6
70364,6
70365,6
70366,6
70367,6
70368,6
70369,6
70370,6
70371,6
70372,6
70373,6
70374,6
70375,6
70376,6
70377,6
70378,6
70379,6
70380,6
70381,6
70382,6
70383,6
70384,6
70385,6
70386,6
70387,6
70388,6
70389,6
70390,6
70391,6
70392,6
70393,6
70394,6
70395,6
70396,6
70397,6
70398,6
70399,6
70400,6
70401,6
70402,6
70403,6
70404,6
70405,6
70406,6
70407,6
70408,6
70409,6
70410,6
70411,6
70412,6
70413,6
70414,6
70415,6
70416,6
70417,6
70418,6
70419,6
70420,6
70421,6
70422,6
70423,6
70424,6
70425,6
70426,6
70427,6
70428,6
70429,6
70430,6
70431,6
70432,6
70433,6
70434,6
70435,6
70436,6
70437,6
70438,6
70439,6
70440,6
70441,6
70442,6
70443,6
70444,6
70445,6
70446,6
70447,6
70448,6
70449,6
70450,6
70451,6
70452,6
70453,6
70454,6
70455,6
70456,6
70457,6
70458,6
70459,6
70460,6
70461,6
70462,6
70463,6
70464,6
70465,6
70466,6
70467,6
70468,6
70469,6
70470,6
70471,6
70472,6
70473,6
70474,6
70475,6
70476,6
70477,6
70478,6
70479,6
70480,6
70481,6
70482,6
70483,6
70484,6
70485,6
70486,6
70487,6
70488,6
70489,6
70490,6
70491,6
70492,6
70493,6
70494,6
70495,6
70496,6
70497,6
70498,6
70499,6
70500,6
70501,6
70502,6
70503,6
70504,6
70505,6
70506,6
70507,6
70508,6
70509,6
70510,6
70511,6
70512,6
70513,6
70514,6
70515,6
70516,6
70517,6
70518,6
70519,6
70520,6
70521,6
70522,6
70523,6
70524,6
70525,6
70526,6
70527,6
70528,6
70529,6
70530,6
70531,6
70532,6
70533,6
70534,6
70535,6
70536,6
70537,6
70538,6
70539,6
70540,6
70541,6
70542,6
70543,6
70544,6
70545,6
70546,6
70547,6
70548,6
70549,6
70550,6
70551,6
70552,6
70553,6
70554,6
70555,6
70556,6
70557,6
70558,6
70559,6
70560,6
70561,6
70562,6
70563,6
70564,6
70565,6
70566,6
70567,6
70568,6
70569,6
70570,6
70571,6
70572,6
70573,6
70574,6
70575,6
70576,6
70577,6
70578,6
70579,6
70580,6
70581,6
70582,6
70583,6
70584,6
70585,6
70586,6
70587,6
70588,6
70589,6
70590,6
70591,6
70592,6
70593,6
70594,6
70595,6
70596,6
70597,6
70598,6
70599,6
70600,6
70601,6
70602,6
70603,6
70604,6
70605,6
70606,6
70607,6
70608,6
70609,6
70610,6
70611,6
70612,6
70613,6
70614,6
70615,6
70616,6
70617,6
70618,6
70619,6
70620,6
70621,6
70622,6
70623,6
70624,6
70625,6
70626,6
70627,6
70628,6
70629,6
70630,6
70631,6
70632,6
70633,6
70634,6
70635,6
70636,6
70637,6
70638,6
70639,6
70640,6
70641,6
70642,6
70643,6
70644,6
70645,6
70646,6
70647,6
70648,6
70649,6
70650,6
70651,6
70652,6
70653,6
70654,6
70655,6
70656,6
70657,6
70658,6
70659,6
70660,6
70661,6
70662,6
70663,6
70664,6
70665,6
70666,6
70667,6
70668,6
70669,6
70670,6
70671,6
70672,6
70673,6
70674,6
70675,6
70676,6
70677,6
70678,6
70679,6
70680,6
70681,6
70682,6
70683,6
70684,6
70685,6
70686,6
70687,6
70688,6
70689,6
70690,6
70691,6
70692,6
70693,6
70694,6
70695,6
70696,6
70697,6
70698,6
70699,6
70700,6
70701,6
70702,6
70703,6
70704,6
70705,6
70706,6
70707,6
70708,6
70709,6
70710,6
70711,6
70712,6
70713,6
70714,6
70715,6
70716,6
70717,6
70718,6
70719,6
70720,6
70721,6
70722,6
70723,6
70724,6
70725,6
70726,6
70727,6
70728,6
70729,6
70730,6
70731,6
70732,6
70733,6
70734,6
70735,6
70736,6
70737,6
70738,6
70739,6
70740,6
70741,6
70742,6
70743,6
70744,6
70745,6
70746,6
70747,6
70748,6
70749,6
70750,6
70751,6
70752,6
70753,6
70754,6
70755,6
70756,6
70757,6
70758,6
70759,6
70760,6
70761,6
70762,6
70763,6
70764,6
70765,6
70766,6
70767,6
70768,6
70769,6
70770,6
70771,6
70772,6
70773,6
70774,6
70775,6
70776,6
70777,6
70778,6
70779,6
70780,6
70781,6
70782,6
70783,6
70784,6
70785,6
70786,6
70787,6
70788,6
70789,6
70790,6
70791,6
70792,6
70793,6
70794,6
70795,6
70796,6
70797,6
70798,6
70799,6
70800,6
70801,6
70802,6
70803,6
70804,6
70805,6
70806,6
70807,6
70808,6
70809,6
70810,6
70811,6
70812,6
70813,6
70814,6
70815,6
70816,6
70817,6
70818,6
70819,6
70820,6
70821,6
70822,6
70823,6
70824,6
70825,6
70826,6
70827,6
70828,6
70829,6
70830,6
70831,6
70832,6
70833,6
70834,6
70835,6
70836,6
70837,6
70838,6
70839,6
70840,6
70841,6
70842,6
70843,6
70844,6
70845,6
70846,6
70847,6
70848,6
70849,6
70850,6
70851,6
70852,6
70853,6
70854,6
70855,6
70856,6
70857,6
70858,6
70859,6
70860,6
70861,6
70862,6
70863,6
70864,6
70865,6
70866,6
70867,6
70868,6
70869,6
70870,6
70871,6
70872,6
70873,6
70874,6
70875,6
70876,6
70877,6
70878,6
70879,6
70880,6
70881,6
70882,6
70883,6
70884,6
70885,6
70886,6
70887,6
70888,6
70889,6
70890,6
70891,6
70892,6
70893,6
70894,6
70895,6
70896,6
70897,6
70898,6
70899,6
70900,6
70901,6
70902,6
70903,6
70904,6
70905,6
70906,6
70907,6
70908,6
70909,6
70910,6
70911,6
70912,6
70913,6
70914,6
70915,6
70916,6
70917,6
70918,6
70919,6
70920,6
70921,6
70922,6
70923,6
70924,6
70925,6
70926,6
70927,6
70928,6
70929,6
70930,6
70931,6
70932,6
70933,6
70934,6
70935,6
70936,6
70937,6
70938,6
70939,6
70940,6
70941,6
70942,6
70943,6
70944,6
70945,6
70946,6
70947,6
70948,6
70949,6
70950,6
70951,6
70952,6
70953,6
70954,6
70955,6
70956,6
70957,6
70958,6
70959,6
70960,6
70961,6
70962,6
70963,6
70964,6
70965,6
70966,6
70967,6
70968,6
70969,6
70970,6
70971,6
70972,6
70973,6
70974,6
70975,6
70976,6
70977,6
70978,6
70979,6
70980,6
70981,6
70982,6
70983,6
70984,6
70985,6
70986,6
70987,6
70988,6
70989,6
70990,6
70991,6
70992,6
70993,6
70994,6
70995,6
70996,6
70997,6
70998,6
70999,6
71000,6
71001,6
71002,6
71003,6
71004,6
71005,6
71006,6
71007,6
71008,6
71009,6
71010,6
71011,6
71012,6
71013,6
71014,6
71015,6
71016,6
71017,6
71018,6
71019,6
71020,6
71021,6
71022,6
71023,6
71024,6
71025,6
71026,6
71027,6
71028,6
71029,6
71030,6
71031,6
71032,6
71033,6
71034,6
71035,6
71036,6
71037,6
71038,6
71039,6
71040,6
71041,6
71042,6
71043,6
71044,6
71045,6
71046,6
71047,6
71048,6
71049,6
71050,6
71051,6
71052,6
71053,6
71054,6
71055,6
71056,6
71057,6
71058,6
71059,6
71060,6
71061,6
71062,6
71063,6
71064,6
71065,6
71066,6
71067,6
71068,6
71069,6
71070,6
71071,6
71072,6
71073,6
71074,6
71075,6
71076,6
71077,6
71078,6
71079,6
71080,6
71081,6
71082,6
71083,6
71084,6
71085,6
71086,6
71087,6
71088,6
71089,6
71090,6
71091,6
71092,6
71093,6
71094,6
71095,6
71096,6
71097,6
71098,6
71099,6
71100,6
71101,6
71102,6
71103,6
71104,6
71105,6
71106,6
71107,6
71108,6
71109,6
71110,6
71111,6
71112,6
71113,6
71114,6
71115,6
71116,6
71117,6
71118,6
71119,6
71120,6
71121,6
71122,6
71123,6
71124,6
71125,6
71126,6
71127,6
71128,6
71129,6
71130,6
71131,6
71132,6
71133,6
71134,6
71135,6
71136,6
71137,6
71138,6
71139,6
71140,6
71141,6
71142,6
71143,6
71144,6
71145,6
71146,6
71147,6
71148,6
71149,6
71150,6
71151,6
71152,6
71153,6
71154,6
71155,6
71156,6
71157,6
71158,6
71159,6
71160,6
71161,6
71162,6
71163,6
71164,6
71165,6
71166,6
71167,6
71168,6
71169,6
71170,6
71171,6
71172,6
71173,6
71174,6
71175,6
71176,6
71177,6
71178,6
71179,6
71180,6
71181,6
71182,6
71183,6
71184,6
71185,6
71186,6
71187,6
71188,6
71189,6
71190,6
71191,6
71192,6
71193,6
71194,6
71195,6
71196,6
71197,6
71198,6
71199,6
71200,6
71201,6
71202,6
71203,6
71204,6
71205,6
71206,6
71207,6
71208,6
71209,6
71210,6
71211,6
71212,6
71213,6
71214,6
71215,6
71216,6
71217,6
71218,6
71219,6
71220,6
71221,6
71222,6
71223,6
71224,6
71225,6
71226,6
71227,6
71228,6
71229,6
71230,6
71231,6
71232,6
71233,6
71234,6
71235,6
71236,6
71237,6
71238,6
71239,6
71240,6
71241,6
71242,6
71243,6
71244,6
71245,6
71246,6
71247,6
71248,6
71249,6
71250,6
71251,6
71252,6
71253,6
71254,6
71255,6
71256,6
71257,6
71258,6
71259,6
71260,6
71261,6
71262,6
71263,6
71264,6
71265,6
71266,6
71267,6
71268,6
71269,6
71270,6
71271,6
71272,6
71273,6
71274,6
71275,6
71276,6
71277,6
71278,6
71279,6
71280,6
71281,6
71282,6
71283,6
71284,6
71285,6
71286,6
71287,6
71288,6
71289,6
71290,6
71291,6
71292,6
71293,6
71294,6
71295,6
71296,6
71297,6
71298,6
71299,6
71300,6
71301,6
71302,6
71303,6
71304,6
71305,6
71306,6
71307,6
71308,6
71309,6
71310,6
71311,6
71312,6
71313,6
71314,6
71315,6
71316,6
71317,6
71318,6
71319,6
71320,6
71321,6
71322,6
71323,6
71324,6
71325,6
71326,6
71327,6
71328,6
71329,6
71330,6
71331,6
71332,6
71333,6
71334,6
71335,6
71336,6
71337,6
71338,6
71339,6
71340,6
71341,6
71342,6
71343,6
71344,6
71345,6
71346,6
71347,6
71348,6
71349,6
71350,6
71351,6
71352,6
71353,6
71354,6
71355,6
71356,6
71357,6
71358,6
71359,6
71360,6
71361,6
71362,6
71363,6
71364,6
71365,6
71366,6
71367,6
71368,6
71369,6
71370,6
71371,6
71372,6
71373,6
71374,6
71375,6
71376,6
71377,6
71378,6
71379,6
71380,6
71381,6
71382,6
71383,6
71384,6
71385,6
71386,6
71387,6
71388,6
71389,6
71390,6
71391,6
71392,6
71393,6
71394,6
71395,6
71396,6
71397,6
71398,6
71399,6
71400,6
71401,6
71402,6
71403,6
71404,6
71405,6
71406,6
71407,6
71408,6
71409,6
71410,6
71411,6
71412,6
71413,6
71414,6
71415,6
71416,6
71417,6
71418,6
71419,6
71420,6
71421,6
71422,6
71423,6
71424,6
71425,6
71426,6
71427,6
71428,6
71429,6
71430,6
71431,6
71432,6
71433,6
71434,6
71435,6
71436,6
71437,6
71438,6
71439,6
71440,6
71441,6
71442,6
71443,6
71444,6
71445,6
71446,6
71447,6
71448,6
71449,6
71450,6
71451,6
71452,6
71453,6
71454,6
71455,6
71456,6
71457,6
71458,6
71459,6
71460,6
71461,6
71462,6
71463,6
71464,6
71465,6
71466,6
71467,6
71468,6
71469,6
71470,6
71471,6
71472,6
71473,6
71474,6
71475,6
71476,6
71477,6
71478,6
71479,6
71480,6
71481,6
71482,6
71483,6
71484,6
71485,6
71486,6
71487,6
71488,6
71489,6
71490,6
71491,6
71492,6
71493,6
71494,6
71495,6
71496,6
71497,6
71498,6
71499,6
71500,6
71501,6
71502,6
71503,6
71504,6
71505,6
71506,6
71507,6
71508,6
71509,6
71510,6
71511,6
71512,6
71513,6
71514,6
71515,6
71516,6
71517,6
71518,6
71519,6
71520,6
71521,6
71522,6
71523,6
71524,6
71525,6
71526,6
71527,6
71528,6
71529,6
71530,6
71531,6
71532,6
71533,6
71534,6
71535,6
71536,6
71537,6
71538,6
71539,6
71540,6
71541,6
71542,6
71543,6
71544,6
71545,6
71546,6
71547,6
71548,6
71549,6
71550,6
71551,6
71552,6
71553,6
71554,6
71555,6
71556,6
71557,6
71558,6
71559,6
71560,6
71561,6
71562,6
71563,6
71564,6
71565,6
71566,6
71567,6
71568,6
71569,6
71570,6
71571,6
71572,6
71573,6
71574,6
71575,6
71576,6
71577,6
71578,6
71579,6
71580,6
71581,6
71582,6
71583,6
71584,6
71585,6
71586,6
71587,6
71588,6
71589,6
71590,6
71591,6
71592,6
71593,6
71594,6
71595,6
71596,6
71597,6
71598,6
71599,6
71600,6
71601,6
71602,6
71603,6
71604,6
71605,6
71606,6
71607,6
71608,6
71609,6
71610,6
71611,6
71612,6
71613,6
71614,6
71615,6
71616,6
71617,6
71618,6
71619,6
71620,6
71621,6
71622,6
71623,6
71624,6
71625,6
71626,6
71627,6
71628,6
71629,6
71630,6
71631,6
71632,6
71633,6
71634,6
71635,6
71636,6
71637,6
71638,6
71639,6
71640,6
71641,6
71642,6
71643,6
71644,6
71645,6
71646,6
71647,6
71648,6
71649,6
71650,6
71651,6
71652,6
71653,6
71654,6
71655,6
71656,6
71657,6
71658,6
71659,6
71660,6
71661,6
71662,6
71663,6
71664,6
71665,6
71666,6
71667,6
71668,6
71669,6
71670,6
71671,6
71672,6
71673,6
71674,6
71675,6
71676,6
71677,6
71678,6
71679,6
71680,6
71681,6
71682,6
71683,6
71684,6
71685,6
71686,6
71687,6
71688,6
71689,6
71690,6
71691,6
71692,6
71693,6
71694,6
71695,6
71696,6
71697,6
71698,6
71699,6
71700,6
71701,6
71702,6
71703,6
71704,6
71705,6
71706,6
71707,6
71708,6
71709,6
71710,6
71711,6
71712,6
71713,6
71714,6
71715,6
71716,6
71717,6
71718,6
71719,6
71720,6
71721,6
71722,6
71723,6
71724,6
71725,6
71726,6
71727,6
71728,6
71729,6
71730,6
71731,6
71732,6
71733,6
71734,6
71735,6
71736,6
71737,6
71738,6
71739,6
71740,6
71741,6
71742,6
71743,6
71744,6
71745,6
71746,6
71747,6
71748,6
71749,6
71750,6
71751,6
71752,6
71753,6
71754,6
71755,6
71756,6
71757,6
71758,6
71759,6
71760,6
71761,6
71762,6
71763,6
71764,6
71765,6
71766,6
71767,6
71768,6
71769,6
71770,6
71771,6
71772,6
71773,6
71774,6
71775,6
71776,6
71777,6
71778,6
71779,6
71780,6
71781,6
71782,6
71783,6
71784,6
71785,6
71786,6
71787,6
71788,6
71789,6
71790,6
71791,6
71792,6
71793,6
71794,6
71795,6
71796,6
71797,6
71798,6
71799,6
71800,6
71801,6
71802,6
71803,6
71804,6
71805,6
71806,6
71807,6
71808,6
71809,6
71810,6
71811,6
71812,6
71813,6
71814,6
71815,6
71816,6
71817,6
71818,6
71819,6
71820,6
71821,6
71822,6
71823,6
71824,6
71825,6
71826,6
71827,6
71828,6
71829,6
71830,6
71831,6
71832,6
71833,6
71834,6
71835,6
71836,6
71837,6
71838,6
71839,6
71840,6
71841,6
71842,6
71843,6
71844,6
71845,6
71846,6
71847,6
71848,6
71849,6
71850,6
71851,6
71852,6
71853,6
71854,6
71855,6
71856,6
71857,6
71858,6
71859,6
71860,6
71861,6
71862,6
71863,6
71864,6
71865,6
71866,6
71867,6
71868,6
71869,6
71870,6
71871,6
71872,6
71873,6
71874,6
71875,6
71876,6
71877,6
71878,6
71879,6
71880,6
71881,6
71882,6
71883,6
71884,6
71885,6
71886,6
71887,6
71888,6
71889,6
71890,6
71891,6
71892,6
71893,6
71894,6
71895,6
71896,6
71897,6
71898,6
71899,6
71900,6
71901,6
71902,6
71903,6
71904,6
71905,6
71906,6
71907,6
71908,6
71909,6
71910,6
71911,6
71912,6
71913,6
71914,6
71915,6
71916,6
71917,6
71918,6
71919,6
71920,6
71921,6
71922,6
71923,6
71924,6
71925,6
71926,6
71927,6
71928,6
71929,6
71930,6
71931,6
71932,6
71933,6
71934,6
71935,6
71936,6
71937,6
71938,6
71939,6
71940,6
71941,6
71942,6
71943,6
71944,6
71945,6
71946,6
71947,6
71948,6
71949,6
71950,6
71951,6
71952,6
71953,6
71954,6
71955,6
71956,6
71957,6
71958,6
71959,6
71960,6
71961,6
71962,6
71963,6
71964,6
71965,6
71966,6
71967,6
71968,6
71969,6
71970,6
71971,6
71972,6
71973,6
71974,6
71975,6
71976,6
71977,6
71978,6
71979,6
71980,6
71981,6
71982,6
71983,6
71984,6
71985,6
71986,6
71987,6
71988,6
71989,6
71990,6
71991,6
71992,6
71993,6
71994,6
71995,6
71996,6
71997,6
71998,6
71999,6
72000,6
72001,6
72002,6
72003,6
72004,6
72005,6
72006,6
72007,6
72008,6
72009,6
72010,6
72011,6
72012,6
72013,6
72014,6
72015,6
72016,6
72017,6
72018,6
72019,6
72020,6
72021,6
72022,6
72023,6
72024,6
72025,6
72026,6
72027,6
72028,6
72029,6
72030,6
72031,6
72032,6
72033,6
72034,6
72035,6
72036,6
72037,6
72038,6
72039,6
72040,6
72041,6
72042,6
72043,6
72044,6
72045,6
72046,6
72047,6
72048,6
72049,6
72050,6
72051,6
72052,6
72053,6
72054,6
72055,6
72056,6
72057,6
72058,6
72059,6
72060,6
72061,6
72062,6
72063,6
72064,6
72065,6
72066,6
72067,6
72068,6
72069,6
72070,6
72071,6
72072,6
72073,6
72074,6
72075,6
72076,6
72077,6
72078,6
72079,6
72080,6
72081,6
72082,6
72083,6
72084,6
72085,6
72086,6
72087,6
72088,6
72089,6
72090,6
72091,6
72092,6
72093,6
72094,6
72095,6
72096,6
72097,6
72098,6
72099,6
72100,6
72101,6
72102,6
72103,6
72104,6
72105,6
72106,6
72107,6
72108,6
72109,6
72110,6
72111,6
72112,6
72113,6
72114,6
72115,6
72116,6
72117,6
72118,6
72119,6
72120,6
72121,6
72122,6
72123,6
72124,6
72125,6
72126,6
72127,6
72128,6
72129,6
72130,6
72131,6
72132,6
72133,6
72134,6
72135,6
72136,6
72137,6
72138,6
72139,6
72140,6
72141,6
72142,6
72143,6
72144,6
72145,6
72146,6
72147,6
72148,6
72149,6
72150,6
72151,6
72152,6
72153,6
72154,6
72155,6
72156,6
72157,6
72158,6
72159,6
72160,6
72161,6
72162,6
72163,6
72164,6
72165,6
72166,6
72167,6
72168,6
72169,6
72170,6
72171,6
72172,6
72173,6
72174,6
72175,6
72176,6
72177,6
72178,6
72179,6
72180,6
72181,6
72182,6
72183,6
72184,6
72185,6
72186,6
72187,6
72188,6
72189,6
72190,6
72191,6
72192,6
72193,6
72194,6
72195,6
72196,6
72197,6
72198,6
72199,6
72200,6
72201,6
72202,6
72203,6
72204,6
72205,6
72206,6
72207,6
72208,6
72209,6
72210,6
72211,6
72212,6
72213,6
72214,6
72215,6
72216,6
72217,6
72218,6
72219,6
72220,6
72221,6
72222,6
72223,6
72224,6
72225,6
72226,6
72227,6
72228,6
72229,6
72230,6
72231,6
72232,6
72233,6
72234,6
72235,6
72236,6
72237,6
72238,6
72239,6
72240,6
72241,6
72242,6
72243,6
72244,6
72245,6
72246,6
72247,6
72248,6
72249,6
72250,6
72251,6
72252,6
72253,6
72254,6
72255,6
72256,6
72257,6
72258,6
72259,6
72260,6
72261,6
72262,6
72263,6
72264,6
72265,6
72266,6
72267,6
72268,6
72269,6
72270,6
72271,6
72272,6
72273,6
72274,6
72275,6
72276,6
72277,6
72278,6
72279,6
72280,6
72281,6
72282,6
72283,6
72284,6
72285,6
72286,6
72287,6
72288,6
72289,6
72290,6
72291,6
72292,6
72293,6
72294,6
72295,6
72296,6
72297,6
72298,6
72299,6
72300,6
72301,6
72302,6
72303,6
72304,6
72305,6
72306,6
72307,6
72308,6
72309,6
72310,6
72311,6
72312,6
72313,6
72314,6
72315,6
72316,6
72317,6
72318,6
72319,6
72320,6
72321,6
72322,6
72323,6
72324,6
72325,6
72326,6
72327,6
72328,6
72329,6
72330,6
72331,6
72332,6
72333,6
72334,6
72335,6
72336,6
72337,6
72338,6
72339,6
72340,6
72341,6
72342,6
72343,6
72344,6
72345,6
72346,6
72347,6
72348,6
72349,6
72350,6
72351,6
72352,6
72353,6
72354,6
72355,6
72356,6
72357,6
72358,6
72359,6
72360,6
72361,6
72362,6
72363,6
72364,6
72365,6
72366,6
72367,6
72368,6
72369,6
72370,6
72371,6
72372,6
72373,6
72374,6
72375,6
72376,6
72377,6
72378,6
72379,6
72380,6
72381,6
72382,6
72383,6
72384,6
72385,6
72386,6
72387,6
72388,6
72389,6
72390,6
72391,6
72392,6
72393,6
72394,6
72395,6
72396,6
72397,6
72398,6
72399,6
72400,6
72401,6
72402,6
72403,6
72404,6
72405,6
72406,6
72407,6
72408,6
72409,6
72410,6
72411,6
72412,6
72413,6
72414,6
72415,6
72416,6
72417,6
72418,6
72419,6
72420,6
72421,6
72422,6
72423,6
72424,6
72425,6
72426,6
72427,6
72428,6
72429,6
72430,6
72431,6
72432,6
72433,6
72434,6
72435,6
72436,6
72437,6
72438,6
72439,6
72440,6
72441,6
72442,6
72443,6
72444,6
72445,6
72446,6
72447,6
72448,6
72449,6
72450,6
72451,6
72452,6
72453,6
72454,6
72455,6
72456,6
72457,6
72458,6
72459,6
72460,6
72461,6
72462,6
72463,6
72464,6
72465,6
72466,6
72467,6
72468,6
72469,6
72470,6
72471,6
72472,6
72473,6
72474,6
72475,6
72476,6
72477,6
72478,6
72479,6
72480,6
72481,6
72482,6
72483,6
72484,6
72485,6
72486,6
72487,6
72488,6
72489,6
72490,6
72491,6
72492,6
72493,6
72494,6
72495,6
72496,6
72497,6
72498,6
72499,6
72500,6
72501,6
72502,6
72503,6
72504,6
72505,6
72506,6
72507,6
72508,6
72509,6
72510,6
72511,6
72512,6
72513,6
72514,6
72515,6
72516,6
72517,6
72518,6
72519,6
72520,6
72521,6
72522,6
72523,6
72524,6
72525,6
72526,6
72527,6
72528,6
72529,6
72530,6
72531,6
72532,6
72533,6
72534,6
72535,6
72536,6
72537,6
72538,6
72539,6
72540,6
72541,6
72542,6
72543,6
72544,6
72545,6
72546,6
72547,6
72548,6
72549,6
72550,6
72551,6
72552,6
72553,6
72554,6
72555,6
72556,6
72557,6
72558,6
72559,6
72560,6
72561,6
72562,6
72563,6
72564,6
72565,6
72566,6
72567,6
72568,6
72569,6
72570,6
72571,6
72572,6
72573,6
72574,6
72575,6
72576,6
72577,6
72578,6
72579,6
72580,6
72581,6
72582,6
72583,6
72584,6
72585,6
72586,6
72587,6
72588,6
72589,6
72590,6
72591,6
72592,6
72593,6
72594,6
72595,6
72596,6
72597,6
72598,6
72599,6
72600,6
72601,6
72602,6
72603,6
72604,6
72605,6
72606,6
72607,6
72608,6
72609,6
72610,6
72611,6
72612,6
72613,6
72614,6
72615,6
72616,6
72617,6
72618,6
72619,6
72620,6
72621,6
72622,6
72623,6
72624,6
72625,6
72626,6
72627,6
72628,6
72629,6
72630,6
72631,6
72632,6
72633,6
72634,6
72635,6
72636,6
72637,6
72638,6
72639,6
72640,6
72641,6
72642,6
72643,6
72644,6
72645,6
72646,6
72647,6
72648,6
72649,6
72650,6
72651,6
72652,6
72653,6
72654,6
72655,6
72656,6
72657,6
72658,6
72659,6
72660,6
72661,6
72662,6
72663,6
72664,6
72665,6
72666,6
72667,6
72668,6
72669,6
72670,6
72671,6
72672,6
72673,6
72674,6
72675,6
72676,6
72677,6
72678,6
72679,6
72680,6
72681,6
72682,6
72683,6
72684,6
72685,6
72686,6
72687,6
72688,6
72689,6
72690,6
72691,6
72692,6
72693,6
72694,6
72695,6
72696,6
72697,6
72698,6
72699,6
72700,6
72701,6
72702,6
72703,6
72704,6
72705,6
72706,6
72707,6
72708,6
72709,6
72710,6
72711,6
72712,6
72713,6
72714,6
72715,6
72716,6
72717,6
72718,6
72719,6
72720,6
72721,6
72722,6
72723,6
72724,6
72725,6
72726,6
72727,6
72728,6
72729,6
72730,6
72731,6
72732,6
72733,6
72734,6
72735,6
72736,6
72737,6
72738,6
72739,6
72740,6
72741,6
72742,6
72743,6
72744,6
72745,6
72746,6
72747,6
72748,6
72749,6
72750,6
72751,6
72752,6
72753,6
72754,6
72755,6
72756,6
72757,6
72758,6
72759,6
72760,6
72761,6
72762,6
72763,6
72764,6
72765,6
72766,6
72767,6
72768,6
72769,6
72770,6
72771,6
72772,6
72773,6
72774,6
72775,6
72776,6
72777,6
72778,6
72779,6
72780,6
72781,6
72782,6
72783,6
72784,6
72785,6
72786,6
72787,6
72788,6
72789,6
72790,6
72791,6
72792,6
72793,6
72794,6
72795,6
72796,6
72797,6
72798,6
72799,6
72800,6
72801,6
72802,6
72803,6
72804,6
72805,6
72806,6
72807,6
72808,6
72809,6
72810,6
72811,6
72812,6
72813,6
72814,6
72815,6
72816,6
72817,6
72818,6
72819,6
72820,6
72821,6
72822,6
72823,6
72824,6
72825,6
72826,6
72827,6
72828,6
72829,6
72830,6
72831,6
72832,6
72833,6
72834,6
72835,6
72836,6
72837,6
72838,6
72839,6
72840,6
72841,6
72842,6
72843,6
72844,6
72845,6
72846,6
72847,6
72848,6
72849,6
72850,6
72851,6
72852,6
72853,6
72854,6
72855,6
72856,6
72857,6
72858,6
72859,6
72860,6
72861,6
72862,6
72863,6
72864,6
72865,6
72866,6
72867,6
72868,6
72869,6
72870,6
72871,6
72872,6
72873,6
72874,6
72875,6
72876,6
72877,6
72878,6
72879,6
72880,6
72881,6
72882,6
72883,6
72884,6
72885,6
72886,6
72887,6
72888,6
72889,6
72890,6
72891,6
72892,6
72893,6
72894,6
72895,6
72896,6
72897,6
72898,6
72899,6
72900,6
72901,6
72902,6
72903,6
72904,6
72905,6
72906,6
72907,6
72908,6
72909,6
72910,6
72911,6
72912,6
72913,6
72914,6
72915,6
72916,6
72917,6
72918,6
72919,6
72920,6
72921,6
72922,6
72923,6
72924,6
72925,6
72926,6
72927,6
72928,6
72929,6
72930,6
72931,6
72932,6
72933,6
72934,6
72935,6
72936,6
72937,6
72938,6
72939,6
72940,6
72941,6
72942,6
72943,6
72944,6
72945,6
72946,6
72947,6
72948,6
72949,6
72950,6
72951,6
72952,6
72953,6
72954,6
72955,6
72956,6
72957,6
72958,6
72959,6
72960,6
72961,6
72962,6
72963,6
72964,6
72965,6
72966,6
72967,6
72968,6
72969,6
72970,6
72971,6
72972,6
72973,6
72974,6
72975,6
72976,6
72977,6
72978,6
72979,6
72980,6
72981,6
72982,6
72983,6
72984,6
72985,6
72986,6
72987,6
72988,6
72989,6
72990,6
72991,6
72992,6
72993,6
72994,6
72995,6
72996,6
72997,6
72998,6
72999,6
73000,6
73001,6
73002,6
73003,6
73004,6
73005,6
73006,6
73007,6
73008,6
73009,6
73010,6
73011,6
73012,6
73013,6
73014,6
73015,6
73016,6
73017,6
73018,6
73019,6
73020,6
73021,6
73022,6
73023,6
73024,6
73025,6
73026,6
73027,6
73028,6
73029,6
73030,6
73031,6
73032,6
73033,6
73034,6
73035,6
73036,6
73037,6
73038,6
73039,6
73040,6
73041,6
73042,6
73043,6
73044,6
73045,6
73046,6
73047,6
73048,6
73049,6
73050,6
73051,6
73052,6
73053,6
73054,6
73055,6
73056,6
73057,6
73058,6
73059,6
73060,6
73061,6
73062,6
73063,6
73064,6
73065,6
73066,6
73067,6
73068,6
73069,6
73070,6
73071,6
73072,6
73073,6
73074,6
73075,6
73076,6
73077,6
73078,6
73079,6
73080,6
73081,6
73082,6
73083,6
73084,6
73085,6
73086,6
73087,6
73088,6
73089,6
73090,6
73091,6
73092,6
73093,6
73094,6
73095,6
73096,6
73097,6
73098,6
73099,6
73100,6
73101,6
73102,6
73103,6
73104,6
73105,6
73106,6
73107,6
73108,6
73109,6
73110,6
73111,6
73112,6
73113,6
73114,6
73115,6
73116,6
73117,6
73118,6
73119,6
73120,6
73121,6
73122,6
73123,6
73124,6
73125,6
73126,6
73127,6
73128,6
73129,6
73130,6
73131,6
73132,6
73133,6
73134,6
73135,6
73136,6
73137,6
73138,6
73139,6
73140,6
73141,6
73142,6
73143,6
73144,6
73145,6
73146,6
73147,6
73148,6
73149,6
73150,6
73151,6
73152,6
73153,6
73154,6
73155,6
73156,6
73157,6
73158,6
73159,6
73160,6
73161,6
73162,6
73163,6
73164,6
73165,6
73166,6
73167,6
73168,6
73169,6
73170,6
73171,6
73172,6
73173,6
73174,6
73175,6
73176,6
73177,6
73178,6
73179,6
73180,6
73181,6
73182,6
73183,6
73184,6
73185,6
73186,6
73187,6
73188,6
73189,6
73190,6
73191,6
73192,6
73193,6
73194,6
73195,6
73196,6
73197,6
73198,6
73199,6
73200,6
73201,6
73202,6
73203,6
73204,6
73205,6
73206,6
73207,6
73208,6
73209,6
73210,6
73211,6
73212,6
73213,6
73214,6
73215,6
73216,6
73217,6
73218,6
73219,6
73220,6
73221,6
73222,6
73223,6
73224,6
73225,6
73226,6
73227,6
73228,6
73229,6
73230,6
73231,6
73232,6
73233,6
73234,6
73235,6
73236,6
73237,6
73238,6
73239,6
73240,6
73241,6
73242,6
73243,6
73244,6
73245,6
73246,6
73247,6
73248,6
73249,6
73250,6
73251,6
73252,6
73253,6
73254,6
73255,6
73256,6
73257,6
73258,6
73259,6
73260,6
73261,6
73262,6
73263,6
73264,6
73265,6
73266,6
73267,6
73268,6
73269,6
73270,6
73271,6
73272,6
73273,6
73274,6
73275,6
73276,6
73277,6
73278,6
73279,6
73280,6
73281,6
73282,6
73283,6
73284,6
73285,6
73286,6
73287,6
73288,6
73289,6
73290,6
73291,6
73292,6
73293,6
73294,6
73295,6
73296,6
73297,6
73298,6
73299,6
73300,6
73301,6
73302,6
73303,6
73304,6
73305,6
73306,6
73307,6
73308,6
73309,6
73310,6
73311,6
73312,6
73313,6
73314,6
73315,6
73316,6
73317,6
73318,6
73319,6
73320,6
73321,6
73322,6
73323,6
73324,6
73325,6
73326,6
73327,6
73328,6
73329,6
73330,6
73331,6
73332,6
73333,6
73334,6
73335,6
73336,6
73337,6
73338,6
73339,6
73340,6
73341,6
73342,6
73343,6
73344,6
73345,6
73346,6
73347,6
73348,6
73349,6
73350,6
73351,6
73352,6
73353,6
73354,6
73355,6
73356,6
73357,6
73358,6
73359,6
73360,6
73361,6
73362,6
73363,6
73364,6
73365,6
73366,6
73367,6
73368,6
73369,6
73370,6
73371,6
73372,6
73373,6
73374,6
73375,6
73376,6
73377,6
73378,6
73379,6
73380,6
73381,6
73382,6
73383,6
73384,6
73385,6
73386,6
73387,6
73388,6
73389,6
73390,6
73391,6
73392,6
73393,6
73394,6
73395,6
73396,6
73397,6
73398,6
73399,6
73400,6
73401,6
73402,6
73403,6
73404,6
73405,6
73406,6
73407,6
73408,6
73409,6
73410,6
73411,6
73412,6
73413,6
73414,6
73415,6
73416,6
73417,6
73418,6
73419,6
73420,6
73421,6
73422,6
73423,6
73424,6
73425,6
73426,6
73427,6
73428,6
73429,6
73430,6
73431,6
73432,6
73433,6
73434,6
73435,6
73436,6
73437,6
73438,6
73439,6
73440,6
73441,6
73442,6
73443,6
73444,6
73445,6
73446,6
73447,6
73448,6
73449,6
73450,6
73451,6
73452,6
73453,6
73454,6
73455,6
73456,6
73457,6
73458,6
73459,6
73460,6
73461,6
73462,6
73463,6
73464,6
73465,6
73466,6
73467,6
73468,6
73469,6
73470,6
73471,6
73472,6
73473,6
73474,6
73475,6
73476,6
73477,6
73478,6
73479,6
73480,6
73481,6
73482,6
73483,6
73484,6
73485,6
73486,6
73487,6
73488,6
73489,6
73490,6
73491,6
73492,6
73493,6
73494,6
73495,6
73496,6
73497,6
73498,6
73499,6
73500,6
73501,6
73502,6
73503,6
73504,6
73505,6
73506,6
73507,6
73508,6
73509,6
73510,6
73511,6
73512,6
73513,6
73514,6
73515,6
73516,6
73517,6
73518,6
73519,6
73520,6
73521,6
73522,6
73523,6
73524,6
73525,6
73526,6
73527,6
73528,6
73529,6
73530,6
73531,6
73532,6
73533,6
73534,6
73535,6
73536,6
73537,6
73538,6
73539,6
73540,6
73541,6
73542,6
73543,6
73544,6
73545,6
73546,6
73547,6
73548,6
73549,6
73550,6
73551,6
73552,6
73553,6
73554,6
73555,6
73556,6
73557,6
73558,6
73559,6
73560,6
73561,6
73562,6
73563,6
73564,6
73565,6
73566,6
73567,6
73568,6
73569,6
73570,6
73571,6
73572,6
73573,6
73574,6
73575,6
73576,6
73577,6
73578,6
73579,6
73580,6
73581,6
73582,6
73583,6
73584,6
73585,6
73586,6
73587,6
73588,6
73589,6
73590,6
73591,6
73592,6
73593,6
73594,6
73595,6
73596,6
73597,6
73598,6
73599,6
73600,6
73601,6
73602,6
73603,6
73604,6
73605,6
73606,6
73607,6
73608,6
73609,6
73610,6
73611,6
73612,6
73613,6
73614,6
73615,6
73616,6
73617,6
73618,6
73619,6
73620,6
73621,6
73622,6
73623,6
73624,6
73625,6
73626,6
73627,6
73628,6
73629,6
73630,6
73631,6
73632,6
73633,6
73634,6
73635,6
73636,6
73637,6
73638,6
73639,6
73640,6
73641,6
73642,6
73643,6
73644,6
73645,6
73646,6
73647,6
73648,6
73649,6
73650,6
73651,6
73652,6
73653,6
73654,6
73655,6
73656,6
73657,6
73658,6
73659,6
73660,6
73661,6
73662,6
73663,6
73664,6
73665,6
73666,6
73667,6
73668,6
73669,6
73670,6
73671,6
73672,6
73673,6
73674,6
73675,6
73676,6
73677,6
73678,6
73679,6
73680,6
73681,6
73682,6
73683,6
73684,6
73685,6
73686,6
73687,6
73688,6
73689,6
73690,6
73691,6
73692,6
73693,6
73694,6
73695,6
73696,6
73697,6
73698,6
73699,6
73700,6
73701,6
73702,6
73703,6
73704,6
73705,6
73706,6
73707,6
73708,6
73709,6
73710,6
73711,6
73712,6
73713,6
73714,6
73715,6
73716,6
73717,6
73718,6
73719,6
73720,6
73721,6
73722,6
73723,6
73724,6
73725,6
73726,6
73727,6
73728,6
73729,6
73730,6
73731,6
73732,6
73733,6
73734,6
73735,6
73736,6
73737,6
73738,6
73739,6
73740,6
73741,6
73742,6
73743,6
73744,6
73745,6
73746,6
73747,6
73748,6
73749,6
73750,6
73751,6
73752,6
73753,6
73754,6
73755,6
73756,6
73757,6
73758,6
73759,6
73760,6
73761,6
73762,6
73763,6
73764,6
73765,6
73766,6
73767,6
73768,6
73769,6
73770,6
73771,6
73772,6
73773,6
73774,6
73775,6
73776,6
73777,6
73778,6
73779,6
73780,6
73781,6
73782,6
73783,6
73784,6
73785,6
73786,6
73787,6
73788,6
73789,6
73790,6
73791,6
73792,6
73793,6
73794,6
73795,6
73796,6
73797,6
73798,6
73799,6
73800,6
73801,6
73802,6
73803,6
73804,6
73805,6
73806,6
73807,6
73808,6
73809,6
73810,6
73811,6
73812,6
73813,6
73814,6
73815,6
73816,6
73817,6
73818,6
73819,6
73820,6
73821,6
73822,6
73823,6
73824,6
73825,6
73826,6
73827,6
73828,6
73829,6
73830,6
73831,6
73832,6
73833,6
73834,6
73835,6
73836,6
73837,6
73838,6
73839,6
73840,6
73841,6
73842,6
73843,6
73844,6
73845,6
73846,6
73847,6
73848,6
73849,6
73850,6
73851,6
73852,6
73853,6
73854,6
73855,6
73856,6
73857,6
73858,6
73859,6
73860,6
73861,6
73862,6
73863,6
73864,6
73865,6
73866,6
73867,6
73868,6
73869,6
73870,6
73871,6
73872,6
73873,6
73874,6
73875,6
73876,6
73877,6
73878,6
73879,6
73880,6
73881,6
73882,6
73883,6
73884,6
73885,6
73886,6
73887,6
73888,6
73889,6
73890,6
73891,6
73892,6
73893,6
73894,6
73895,6
73896,6
73897,6
73898,6
73899,6
73900,6
73901,6
73902,6
73903,6
73904,6
73905,6
73906,6
73907,6
73908,6
73909,6
73910,6
73911,6
73912,6
73913,6
73914,6
73915,6
73916,6
73917,6
73918,6
73919,6
73920,6
73921,6
73922,6
73923,6
73924,6
73925,6
73926,6
73927,6
73928,6
73929,6
73930,6
73931,6
73932,6
73933,6
73934,6
73935,6
73936,6
73937,6
73938,6
73939,6
73940,6
73941,6
73942,6
73943,6
73944,6
73945,6
73946,6
73947,6
73948,6
73949,6
73950,6
73951,6
73952,6
73953,6
73954,6
73955,6
73956,6
73957,6
73958,6
73959,6
73960,6
73961,6
73962,6
73963,6
73964,6
73965,6
73966,6
73967,6
73968,6
73969,6
73970,6
73971,6
73972,6
73973,6
73974,6
73975,6
73976,6
73977,6
73978,6
73979,6
73980,6
73981,6
73982,6
73983,6
73984,6
73985,6
73986,6
73987,6
73988,6
73989,6
73990,6
73991,6
73992,6
73993,6
73994,6
73995,6
73996,6
73997,6
73998,6
73999,6
74000,6
74001,6
74002,6
74003,6
74004,6
74005,6
74006,6
74007,6
74008,6
74009,6
74010,6
74011,6
74012,6
74013,6
74014,6
74015,6
74016,6
74017,6
74018,6
74019,6
74020,6
74021,6
74022,6
74023,6
74024,6
74025,6
74026,6
74027,6
74028,6
74029,6
74030,6
74031,6
74032,6
74033,6
74034,6
74035,6
74036,6
74037,6
74038,6
74039,6
74040,6
74041,6
74042,6
74043,6
74044,6
74045,6
74046,6
74047,6
74048,6
74049,6
74050,6
74051,6
74052,6
74053,6
74054,6
74055,6
74056,6
74057,6
74058,6
74059,6
74060,6
74061,6
74062,6
74063,6
74064,6
74065,6
74066,6
74067,6
74068,6
74069,6
74070,6
74071,6
74072,6
74073,6
74074,6
74075,6
74076,6
74077,6
74078,6
74079,6
74080,6
74081,6
74082,6
74083,6
74084,6
74085,6
74086,6
74087,6
74088,6
74089,6
74090,6
74091,6
74092,6
74093,6
74094,6
74095,6
74096,6
74097,6
74098,6
74099,6
74100,6
74101,6
74102,6
74103,6
74104,6
74105,6
74106,6
74107,6
74108,6
74109,6
74110,6
74111,6
74112,6
74113,6
74114,6
74115,6
74116,6
74117,6
74118,6
74119,6
74120,6
74121,6
74122,6
74123,6
74124,6
74125,6
74126,6
74127,6
74128,6
74129,6
74130,6
74131,6
74132,6
74133,6
74134,6
74135,6
74136,6
74137,6
74138,6
74139,6
74140,6
74141,6
74142,6
74143,6
74144,6
74145,6
74146,6
74147,6
74148,6
74149,6
74150,6
74151,6
74152,6
74153,6
74154,6
74155,6
74156,6
74157,6
74158,6
74159,6
74160,6
74161,6
74162,6
74163,6
74164,6
74165,6
74166,6
74167,6
74168,6
74169,6
74170,6
74171,6
74172,6
74173,6
74174,6
74175,6
74176,6
74177,6
74178,6
74179,6
74180,6
74181,6
74182,6
74183,6
74184,6
74185,6
74186,6
74187,6
74188,6
74189,6
74190,6
74191,6
74192,6
74193,6
74194,6
74195,6
74196,6
74197,6
74198,6
74199,6
74200,6
74201,6
74202,6
74203,6
74204,6
74205,6
74206,6
74207,6
74208,6
74209,6
74210,6
74211,6
74212,6
74213,6
74214,6
74215,6
74216,6
74217,6
74218,6
74219,6
74220,6
74221,6
74222,6
74223,6
74224,6
74225,6
74226,6
74227,6
74228,6
74229,6
74230,6
74231,6
74232,6
74233,6
74234,6
74235,6
74236,6
74237,6
74238,6
74239,6
74240,6
74241,6
74242,6
74243,6
74244,6
74245,6
74246,6
74247,6
74248,6
74249,6
74250,6
74251,6
74252,6
74253,6
74254,6
74255,6
74256,6
74257,6
74258,6
74259,6
74260,6
74261,6
74262,6
74263,6
74264,6
74265,6
74266,6
74267,6
74268,6
74269,6
74270,6
74271,6
74272,6
74273,6
74274,6
74275,6
74276,6
74277,6
74278,6
74279,6
74280,6
74281,6
74282,6
74283,6
74284,6
74285,6
74286,6
74287,6
74288,6
74289,6
74290,6
74291,6
74292,6
74293,6
74294,6
74295,6
74296,6
74297,6
74298,6
74299,6
74300,6
74301,6
74302,6
74303,6
74304,6
74305,6
74306,6
74307,6
74308,6
74309,6
74310,6
74311,6
74312,6
74313,6
74314,6
74315,6
74316,6
74317,6
74318,6
74319,6
74320,6
74321,6
74322,6
74323,6
74324,6
74325,6
74326,6
74327,6
74328,6
74329,6
74330,6
74331,6
74332,6
74333,6
74334,6
74335,6
74336,6
74337,6
74338,6
74339,6
74340,6
74341,6
74342,6
74343,6
74344,6
74345,6
74346,6
74347,6
74348,6
74349,6
74350,6
74351,6
74352,6
74353,6
74354,6
74355,6
74356,6
74357,6
74358,6
74359,6
74360,6
74361,6
74362,6
74363,6
74364,6
74365,6
74366,6
74367,6
74368,6
74369,6
74370,6
74371,6
74372,6
74373,6
74374,6
74375,6
74376,6
74377,6
74378,6
74379,6
74380,6
74381,6
74382,6
74383,6
74384,6
74385,6
74386,6
74387,6
74388,6
74389,6
74390,6
74391,6
74392,6
74393,6
74394,6
74395,6
74396,6
74397,6
74398,6
74399,6
74400,6
74401,6
74402,6
74403,6
74404,6
74405,6
74406,6
74407,6
74408,6
74409,6
74410,6
74411,6
74412,6
74413,6
74414,6
74415,6
74416,6
74417,6
74418,6
74419,6
74420,6
74421,6
74422,6
74423,6
74424,6
74425,6
74426,6
74427,6
74428,6
74429,6
74430,6
74431,6
74432,6
74433,6
74434,6
74435,6
74436,6
74437,6
74438,6
74439,6
74440,6
74441,6
74442,6
74443,6
74444,6
74445,6
74446,6
74447,6
74448,6
74449,6
74450,6
74451,6
74452,6
74453,6
74454,6
74455,6
74456,6
74457,6
74458,6
74459,6
74460,6
74461,6
74462,6
74463,6
74464,6
74465,6
74466,6
74467,6
74468,6
74469,6
74470,6
74471,6
74472,6
74473,6
74474,6
74475,6
74476,6
74477,6
74478,6
74479,6
74480,6
74481,6
74482,6
74483,6
74484,6
74485,6
74486,6
74487,6
74488,6
74489,6
74490,6
74491,6
74492,6
74493,6
74494,6
74495,6
74496,6
74497,6
74498,6
74499,6
74500,6
74501,6
74502,6
74503,6
74504,6
74505,6
74506,6
74507,6
74508,6
74509,6
74510,6
74511,6
74512,6
74513,6
74514,6
74515,6
74516,6
74517,6
74518,6
74519,6
74520,6
74521,6
74522,6
74523,6
74524,6
74525,6
74526,6
74527,6
74528,6
74529,6
74530,6
74531,6
74532,6
74533,6
74534,6
74535,6
74536,6
74537,6
74538,6
74539,6
74540,6
74541,6
74542,6
74543,6
74544,6
74545,6
74546,6
74547,6
74548,6
74549,6
74550,6
74551,6
74552,6
74553,6
74554,6
74555,6
74556,6
74557,6
74558,6
74559,6
74560,6
74561,6
74562,6
74563,6
74564,6
74565,6
74566,6
74567,6
74568,6
74569,6
74570,6
74571,6
74572,6
74573,6
74574,6
74575,6
74576,6
74577,6
74578,6
74579,6
74580,6
74581,6
74582,6
74583,6
74584,6
74585,6
74586,6
74587,6
74588,6
74589,6
74590,6
74591,6
74592,6
74593,6
74594,6
74595,6
74596,6
74597,6
74598,6
74599,6
74600,6
74601,6
74602,6
74603,6
74604,6
74605,6
74606,6
74607,6
74608,6
74609,6
74610,6
74611,6
74612,6
74613,6
74614,6
74615,6
74616,6
74617,6
74618,6
74619,6
74620,6
74621,6
74622,6
74623,6
74624,6
74625,6
74626,6
74627,6
74628,6
74629,6
74630,6
74631,6
74632,6
74633,6
74634,6
74635,6
74636,6
74637,6
74638,6
74639,6
74640,6
74641,6
74642,6
74643,6
74644,6
74645,6
74646,6
74647,6
74648,6
74649,6
74650,6
74651,6
74652,6
74653,6
74654,6
74655,6
74656,6
74657,6
74658,6
74659,6
74660,6
74661,6
74662,6
74663,6
74664,6
74665,6
74666,6
74667,6
74668,6
74669,6
74670,6
74671,6
74672,6
74673,6
74674,6
74675,6
74676,6
74677,6
74678,6
74679,6
74680,6
74681,6
74682,6
74683,6
74684,6
74685,6
74686,6
74687,6
74688,6
74689,6
74690,6
74691,6
74692,6
74693,6
74694,6
74695,6
74696,6
74697,6
74698,6
74699,6
74700,6
74701,6
74702,6
74703,6
74704,6
74705,6
74706,6
74707,6
74708,6
74709,6
74710,6
74711,6
74712,6
74713,6
74714,6
74715,6
74716,6
74717,6
74718,6
74719,6
74720,6
74721,6
74722,6
74723,6
74724,6
74725,6
74726,6
74727,6
74728,6
74729,6
74730,6
74731,6
74732,6
74733,6
74734,6
74735,6
74736,6
74737,6
74738,6
74739,6
74740,6
74741,6
74742,6
74743,6
74744,6
74745,6
74746,6
74747,6
74748,6
74749,6
74750,6
74751,6
74752,6
74753,6
74754,6
74755,6
74756,6
74757,6
74758,6
74759,6
74760,6
74761,6
74762,6
74763,6
74764,6
74765,6
74766,6
74767,6
74768,6
74769,6
74770,6
74771,6
74772,6
74773,6
74774,6
74775,6
74776,6
74777,6
74778,6
74779,6
74780,6
74781,6
74782,6
74783,6
74784,6
74785,6
74786,6
74787,6
74788,6
74789,6
74790,6
74791,6
74792,6
74793,6
74794,6
74795,6
74796,6
74797,6
74798,6
74799,6
74800,6
74801,6
74802,6
74803,6
74804,6
74805,6
74806,6
74807,6
74808,6
74809,6
74810,6
74811,6
74812,6
74813,6
74814,6
74815,6
74816,6
74817,6
74818,6
74819,6
74820,6
74821,6
74822,6
74823,6
74824,6
74825,6
74826,6
74827,6
74828,6
74829,6
74830,6
74831,6
74832,6
74833,6
74834,6
74835,6
74836,6
74837,6
74838,6
74839,6
74840,6
74841,6
74842,6
74843,6
74844,6
74845,6
74846,6
74847,6
74848,6
74849,6
74850,6
74851,6
74852,6
74853,6
74854,6
74855,6
74856,6
74857,6
74858,6
74859,6
74860,6
74861,6
74862,6
74863,6
74864,6
74865,6
74866,6
74867,6
74868,6
74869,6
74870,6
74871,6
74872,6
74873,6
74874,6
74875,6
74876,6
74877,6
74878,6
74879,6
74880,6
74881,6
74882,6
74883,6
74884,6
74885,6
74886,6
74887,6
74888,6
74889,6
74890,6
74891,6
74892,6
74893,6
74894,6
74895,6
74896,6
74897,6
74898,6
74899,6
74900,6
74901,6
74902,6
74903,6
74904,6
74905,6
74906,6
74907,6
74908,6
74909,6
74910,6
74911,6
74912,6
74913,6
74914,6
74915,6
74916,6
74917,6
74918,6
74919,6
74920,6
74921,6
74922,6
74923,6
74924,6
74925,6
74926,6
74927,6
74928,6
74929,6
74930,6
74931,6
74932,6
74933,6
74934,6
74935,6
74936,6
74937,6
74938,6
74939,6
74940,6
74941,6
74942,6
74943,6
74944,6
74945,6
74946,6
74947,6
74948,6
74949,6
74950,6
74951,6
74952,6
74953,6
74954,6
74955,6
74956,6
74957,6
74958,6
74959,6
74960,6
74961,6
74962,6
74963,6
74964,6
74965,6
74966,6
74967,6
74968,6
74969,6
74970,6
74971,6
74972,6
74973,6
74974,6
74975,6
74976,6
74977,6
74978,6
74979,6
74980,6
74981,6
74982,6
74983,6
74984,6
74985,6
74986,6
74987,6
74988,6
74989,6
74990,6
74991,6
74992,6
74993,6
74994,6
74995,6
74996,6
74997,6
74998,6
74999,6
75000,6
75001,6
75002,6
75003,6
75004,6
75005,6
75006,6
75007,6
75008,6
75009,6
75010,6
75011,6
75012,6
75013,6
75014,6
75015,6
75016,6
75017,6
75018,6
75019,6
75020,6
75021,6
75022,6
75023,6
75024,6
75025,6
75026,6
75027,6
75028,6
75029,6
75030,6
75031,6
75032,6
75033,6
75034,6
75035,6
75036,6
75037,6
75038,6
75039,6
75040,6
75041,6
75042,6
75043,6
75044,6
75045,6
75046,6
75047,6
75048,6
75049,6
75050,6
75051,6
75052,6
75053,6
75054,6
75055,6
75056,6
75057,6
75058,6
75059,6
75060,6
75061,6
75062,6
75063,6
75064,6
75065,6
75066,6
75067,6
75068,6
75069,6
75070,6
75071,6
75072,6
75073,6
75074,6
75075,6
75076,6
75077,6
75078,6
75079,6
75080,6
75081,6
75082,6
75083,6
75084,6
75085,6
75086,6
75087,6
75088,6
75089,6
75090,6
75091,6
75092,6
75093,6
75094,6
75095,6
75096,6
75097,6
75098,6
75099,6
75100,6
75101,6
75102,6
75103,6
75104,6
75105,6
75106,6
75107,6
75108,6
75109,6
75110,6
75111,6
75112,6
75113,6
75114,6
75115,6
75116,6
75117,6
75118,6
75119,6
75120,6
75121,6
75122,6
75123,6
75124,6
75125,6
75126,6
75127,6
75128,6
75129,6
75130,6
75131,6
75132,6
75133,6
75134,6
75135,6
75136,6
75137,6
75138,6
75139,6
75140,6
75141,6
75142,6
75143,6
75144,6
75145,6
75146,6
75147,6
75148,6
75149,6
75150,6
75151,6
75152,6
75153,6
75154,6
75155,6
75156,6
75157,6
75158,6
75159,6
75160,6
75161,6
75162,6
75163,6
75164,6
75165,6
75166,6
75167,6
75168,6
75169,6
75170,6
75171,6
75172,6
75173,6
75174,6
75175,6
75176,6
75177,6
75178,6
75179,6
75180,6
75181,6
75182,6
75183,6
75184,6
75185,6
75186,6
75187,6
75188,6
75189,6
75190,6
75191,6
75192,6
75193,6
75194,6
75195,6
75196,6
75197,6
75198,6
75199,6
75200,6
75201,6
75202,6
75203,6
75204,6
75205,6
75206,6
75207,6
75208,6
75209,6
75210,6
75211,6
75212,6
75213,6
75214,6
75215,6
75216,6
75217,6
75218,6
75219,6
75220,6
75221,6
75222,6
75223,6
75224,6
75225,6
75226,6
75227,6
75228,6
75229,6
75230,6
75231,6
75232,6
75233,6
75234,6
75235,6
75236,6
75237,6
75238,6
75239,6
75240,6
75241,6
75242,6
75243,6
75244,6
75245,6
75246,6
75247,6
75248,6
75249,6
75250,6
75251,6
75252,6
75253,6
75254,6
75255,6
75256,6
75257,6
75258,6
75259,6
75260,6
75261,6
75262,6
75263,6
75264,6
75265,6
75266,6
75267,6
75268,6
75269,6
75270,6
75271,6
75272,6
75273,6
75274,6
75275,6
75276,6
75277,6
75278,6
75279,6
75280,6
75281,6
75282,6
75283,6
75284,6
75285,6
75286,6
75287,6
75288,6
75289,6
75290,6
75291,6
75292,6
75293,6
75294,6
75295,6
75296,6
75297,6
75298,6
75299,6
75300,6
75301,6
75302,6
75303,6
75304,6
75305,6
75306,6
75307,6
75308,6
75309,6
75310,6
75311,6
75312,6
75313,6
75314,6
75315,6
75316,6
75317,6
75318,6
75319,6
75320,6
75321,6
75322,6
75323,6
75324,6
75325,6
75326,6
75327,6
75328,6
75329,6
75330,6
75331,6
75332,6
75333,6
75334,6
75335,6
75336,6
75337,6
75338,6
75339,6
75340,6
75341,6
75342,6
75343,6
75344,6
75345,6
75346,6
75347,6
75348,6
75349,6
75350,6
75351,6
75352,6
75353,6
75354,6
75355,6
75356,6
75357,6
75358,6
75359,6
75360,6
75361,6
75362,6
75363,6
75364,6
75365,6
75366,6
75367,6
75368,6
75369,6
75370,6
75371,6
75372,6
75373,6
75374,6
75375,6
75376,6
75377,6
75378,6
75379,6
75380,6
75381,6
75382,6
75383,6
75384,6
75385,6
75386,6
75387,6
75388,6
75389,6
75390,6
75391,6
75392,6
75393,6
75394,6
75395,6
75396,6
75397,6
75398,6
75399,6
75400,6
75401,6
75402,6
75403,6
75404,6
75405,6
75406,6
75407,6
75408,6
75409,6
75410,6
75411,7
75412,7
75413,7
75414,7
75415,7
75416,7
75417,7
75418,7
75419,7
75420,7
75421,7
75422,7
75423,7
75424,7
75425,7
75426,7
75427,7
75428,7
75429,7
75430,7
75431,7
75432,7
75433,7
75434,7
75435,7
75436,7
75437,7
75438,7
75439,7
75440,7
75441,7
75442,7
75443,7
75444,7
75445,7
75446,7
75447,7
75448,7
75449,7
75450,7
75451,7
75452,7
75453,7
75454,7
75455,7
75456,7
75457,7
75458,7
75459,7
75460,7
75461,7
75462,7
75463,7
75464,7
75465,7
75466,7
75467,7
75468,7
75469,7
75470,7
75471,7
75472,7
75473,7
75474,7
75475,7
75476,7
75477,7
75478,7
75479,7
75480,7
75481,7
75482,7
75483,7
75484,7
75485,7
75486,7
75487,7
75488,7
75489,7
75490,7
75491,7
75492,7
75493,7
75494,7
75495,7
75496,7
75497,7
75498,7
75499,7
75500,7
75501,7
75502,7
75503,7
75504,7
75505,7
75506,7
75507,7
75508,7
75509,7
75510,7
75511,7
75512,7
75513,7
75514,7
75515,7
75516,7
75517,7
75518,7
75519,7
75520,7
75521,7
75522,7
75523,7
75524,7
75525,7
75526,7
75527,7
75528,7
75529,7
75530,7
75531,7
75532,7
75533,7
75534,7
75535,7
75536,7
75537,7
75538,7
75539,7
75540,7
75541,7
75542,7
75543,7
75544,7
75545,7
75546,7
75547,7
75548,7
75549,7
75550,7
75551,7
75552,7
75553,7
75554,7
75555,7
75556,7
75557,7
75558,7
75559,7
75560,7
75561,7
75562,7
75563,7
75564,7
75565,7
75566,7
75567,7
75568,7
75569,7
75570,7
75571,7
75572,7
75573,7
75574,7
75575,7
75576,7
75577,7
75578,7
75579,7
75580,7
75581,7
75582,7
75583,7
75584,7
75585,7
75586,7
75587,7
75588,7
75589,7
75590,7
75591,7
75592,7
75593,7
75594,7
75595,7
75596,7
75597,7
75598,7
75599,7
75600,7
75601,7
75602,7
75603,7
75604,7
75605,7
75606,7
75607,7
75608,7
75609,7
75610,7
75611,7
75612,7
75613,7
75614,7
75615,7
75616,7
75617,7
75618,7
75619,7
75620,7
75621,7
75622,7
75623,7
75624,7
75625,7
75626,7
75627,7
75628,7
75629,7
75630,7
75631,7
75632,7
75633,7
75634,7
75635,7
75636,7
75637,7
75638,7
75639,7
75640,7
75641,7
75642,7
75643,7
75644,7
75645,7
75646,7
75647,7
75648,7
75649,7
75650,7
75651,7
75652,7
75653,7
75654,7
75655,7
75656,7
75657,7
75658,7
75659,7
75660,7
75661,7
75662,7
75663,7
75664,7
75665,7
75666,7
75667,7
75668,7
75669,7
75670,7
75671,7
75672,7
75673,7
75674,7
75675,7
75676,7
75677,7
75678,7
75679,7
75680,7
75681,7
75682,7
75683,7
75684,7
75685,7
75686,7
75687,7
75688,7
75689,7
75690,7
75691,7
75692,7
75693,7
75694,7
75695,7
75696,7
75697,7
75698,7
75699,7
75700,7
75701,7
75702,7
75703,7
75704,7
75705,7
75706,7
75707,7
75708,7
75709,7
75710,7
75711,7
75712,7
75713,7
75714,7
75715,7
75716,7
75717,7
75718,7
75719,7
75720,7
75721,7
75722,7
75723,7
75724,7
75725,7
75726,7
75727,7
75728,7
75729,7
75730,7
75731,7
75732,7
75733,7
75734,7
75735,7
75736,7
75737,7
75738,7
75739,7
75740,7
75741,7
75742,7
75743,7
75744,7
75745,7
75746,7
75747,7
75748,7
75749,7
75750,7
75751,7
75752,7
75753,7
75754,7
75755,7
75756,7
75757,7
75758,7
75759,7
75760,7
75761,7
75762,7
75763,7
75764,7
75765,7
75766,7
75767,7
75768,7
75769,7
75770,7
75771,7
75772,7
75773,7
75774,7
75775,7
75776,7
75777,7
75778,7
75779,7
75780,7
75781,7
75782,7
75783,7
75784,7
75785,7
75786,7
75787,7
75788,7
75789,7
75790,7
75791,7
75792,7
75793,7
75794,7
75795,7
75796,7
75797,7
75798,7
75799,7
75800,7
75801,7
75802,7
75803,7
75804,7
75805,7
75806,7
75807,7
75808,7
75809,7
75810,7
75811,7
75812,7
75813,7
75814,7
75815,7
75816,7
75817,7
75818,7
75819,7
75820,7
75821,7
75822,7
75823,7
75824,7
75825,7
75826,7
75827,7
75828,7
75829,7
75830,7
75831,7
75832,7
75833,7
75834,7
75835,7
75836,7
75837,7
75838,7
75839,7
75840,7
75841,7
75842,7
75843,7
75844,7
75845,7
75846,7
75847,7
75848,7
75849,7
75850,7
75851,7
75852,7
75853,7
75854,7
75855,7
75856,7
75857,7
75858,7
75859,7
75860,7
75861,7
75862,7
75863,7
75864,7
75865,7
75866,7
75867,7
75868,7
75869,7
75870,7
75871,7
75872,7
75873,7
75874,7
75875,7
75876,7
75877,7
75878,7
75879,7
75880,7
75881,7
75882,7
75883,7
75884,7
75885,7
75886,7
75887,7
75888,7
75889,7
75890,7
75891,7
75892,7
75893,7
75894,7
75895,7
75896,7
75897,7
75898,7
75899,7
75900,7
75901,7
75902,7
75903,7
75904,7
75905,7
75906,7
75907,7
75908,7
75909,7
75910,7
75911,7
75912,7
75913,7
75914,7
75915,7
75916,7
75917,7
75918,7
75919,7
75920,7
75921,7
75922,7
75923,7
75924,7
75925,7
75926,7
75927,7
75928,7
75929,7
75930,7
75931,7
75932,7
75933,7
75934,7
75935,7
75936,7
75937,7
75938,7
75939,7
75940,7
75941,7
75942,7
75943,7
75944,7
75945,7
75946,7
75947,7
75948,7
75949,7
75950,7
75951,7
75952,7
75953,7
75954,7
75955,7
75956,7
75957,7
75958,7
75959,7
75960,7
75961,7
75962,7
75963,7
75964,7
75965,7
75966,7
75967,7
75968,7
75969,7
75970,7
75971,7
75972,7
75973,7
75974,7
75975,7
75976,7
75977,7
75978,7
75979,7
75980,7
75981,7
75982,7
75983,7
75984,7
75985,7
75986,7
75987,7
75988,7
75989,7
75990,7
75991,7
75992,7
75993,7
75994,7
75995,7
75996,7
75997,7
75998,7
75999,7
76000,7
76001,7
76002,7
76003,7
76004,7
76005,7
76006,7
76007,7
76008,7
76009,7
76010,7
76011,7
76012,7
76013,7
76014,7
76015,7
76016,7
76017,7
76018,7
76019,7
76020,7
76021,7
76022,7
76023,7
76024,7
76025,7
76026,7
76027,7
76028,7
76029,7
76030,7
76031,7
76032,7
76033,7
76034,7
76035,7
76036,7
76037,7
76038,7
76039,7
76040,7
76041,7
76042,7
76043,7
76044,7
76045,7
76046,7
76047,7
76048,7
76049,7
76050,7
76051,7
76052,7
76053,7
76054,7
76055,7
76056,7
76057,7
76058,7
76059,7
76060,7
76061,7
76062,7
76063,7
76064,7
76065,7
76066,7
76067,7
76068,7
76069,7
76070,7
76071,7
76072,7
76073,7
76074,7
76075,7
76076,7
76077,7
76078,7
76079,7
76080,7
76081,7
76082,7
76083,7
76084,7
76085,7
76086,7
76087,7
76088,7
76089,7
76090,7
76091,7
76092,7
76093,7
76094,7
76095,7
76096,7
76097,7
76098,7
76099,7
76100,7
76101,7
76102,7
76103,7
76104,7
76105,7
76106,7
76107,7
76108,7
76109,7
76110,7
76111,7
76112,7
76113,7
76114,7
76115,7
76116,7
76117,7
76118,7
76119,7
76120,7
76121,7
76122,7
76123,7
76124,7
76125,7
76126,7
76127,7
76128,7
76129,7
76130,7
76131,7
76132,7
76133,7
76134,7
76135,7
76136,7
76137,7
76138,7
76139,7
76140,7
76141,7
76142,7
76143,7
76144,7
76145,7
76146,7
76147,7
76148,7
76149,7
76150,7
76151,7
76152,7
76153,7
76154,7
76155,7
76156,7
76157,7
76158,7
76159,7
76160,7
76161,7
76162,7
76163,7
76164,7
76165,7
76166,7
76167,7
76168,7
76169,7
76170,7
76171,7
76172,7
76173,7
76174,7
76175,7
76176,7
76177,7
76178,7
76179,7
76180,7
76181,7
76182,7
76183,7
76184,7
76185,7
76186,7
76187,7
76188,7
76189,7
76190,7
76191,7
76192,7
76193,7
76194,7
76195,7
76196,7
76197,7
76198,7
76199,7
76200,7
76201,7
76202,7
76203,7
76204,7
76205,7
76206,7
76207,7
76208,7
76209,7
76210,7
76211,7
76212,7
76213,7
76214,7
76215,7
76216,7
76217,7
76218,7
76219,7
76220,7
76221,7
76222,7
76223,7
76224,7
76225,7
76226,7
76227,7
76228,7
76229,7
76230,7
76231,7
76232,7
76233,7
76234,7
76235,7
76236,7
76237,7
76238,7
76239,7
76240,7
76241,7
76242,7
76243,7
76244,7
76245,7
76246,7
76247,7
76248,7
76249,7
76250,7
76251,7
76252,7
76253,7
76254,7
76255,7
76256,7
76257,7
76258,7
76259,7
76260,7
76261,7
76262,7
76263,7
76264,7
76265,7
76266,7
76267,7
76268,7
76269,7
76270,7
76271,7
76272,7
76273,7
76274,7
76275,7
76276,7
76277,7
76278,7
76279,7
76280,7
76281,7
76282,7
76283,7
76284,7
76285,7
76286,7
76287,7
76288,7
76289,7
76290,7
76291,7
76292,7
76293,7
76294,7
76295,7
76296,7
76297,7
76298,7
76299,7
76300,7
76301,7
76302,7
76303,7
76304,7
76305,7
76306,7
76307,7
76308,7
76309,7
76310,7
76311,7
76312,7
76313,7
76314,7
76315,7
76316,7
76317,7
76318,7
76319,7
76320,7
76321,7
76322,7
76323,7
76324,7
76325,7
76326,7
76327,7
76328,7
76329,7
76330,7
76331,7
76332,7
76333,7
76334,7
76335,7
76336,7
76337,7
76338,7
76339,7
76340,7
76341,7
76342,7
76343,7
76344,7
76345,7
76346,7
76347,7
76348,7
76349,7
76350,7
76351,7
76352,7
76353,7
76354,7
76355,7
76356,7
76357,7
76358,7
76359,7
76360,7
76361,7
76362,7
76363,7
76364,7
76365,7
76366,7
76367,7
76368,7
76369,7
76370,7
76371,7
76372,7
76373,7
76374,7
76375,7
76376,7
76377,7
76378,7
76379,7
76380,7
76381,7
76382,7
76383,7
76384,7
76385,7
76386,7
76387,7
76388,7
76389,7
76390,7
76391,7
76392,7
76393,7
76394,7
76395,7
76396,7
76397,7
76398,7
76399,7
76400,7
76401,7
76402,7
76403,7
76404,7
76405,7
76406,7
76407,7
76408,7
76409,7
76410,7
76411,7
76412,7
76413,7
76414,7
76415,7
76416,7
76417,7
76418,7
76419,7
76420,7
76421,7
76422,7
76423,7
76424,7
76425,7
76426,7
76427,7
76428,7
76429,7
76430,7
76431,7
76432,7
76433,7
76434,7
76435,7
76436,7
76437,7
76438,7
76439,7
76440,7
76441,7
76442,7
76443,7
76444,7
76445,7
76446,7
76447,7
76448,7
76449,7
76450,7
76451,7
76452,7
76453,7
76454,7
76455,7
76456,7
76457,7
76458,7
76459,7
76460,7
76461,7
76462,7
76463,7
76464,7
76465,7
76466,7
76467,7
76468,7
76469,7
76470,7
76471,7
76472,7
76473,7
76474,7
76475,7
76476,7
76477,7
76478,7
76479,7
76480,7
76481,7
76482,7
76483,7
76484,7
76485,7
76486,7
76487,7
76488,7
76489,7
76490,7
76491,7
76492,7
76493,7
76494,7
76495,7
76496,7
76497,7
76498,7
76499,7
76500,7
76501,7
76502,7
76503,7
76504,7
76505,7
76506,7
76507,7
76508,7
76509,7
76510,7
76511,7
76512,7
76513,7
76514,7
76515,7
76516,7
76517,7
76518,7
76519,7
76520,7
76521,7
76522,7
76523,7
76524,7
76525,7
76526,7
76527,7
76528,7
76529,7
76530,7
76531,7
76532,7
76533,7
76534,7
76535,7
76536,7
76537,7
76538,7
76539,7
76540,7
76541,7
76542,7
76543,7
76544,7
76545,7
76546,7
76547,7
76548,7
76549,7
76550,7
76551,7
76552,7
76553,7
76554,7
76555,7
76556,7
76557,7
76558,7
76559,7
76560,7
76561,7
76562,7
76563,7
76564,7
76565,7
76566,7
76567,7
76568,7
76569,7
76570,7
76571,7
76572,7
76573,7
76574,7
76575,7
76576,7
76577,7
76578,7
76579,7
76580,7
76581,7
76582,7
76583,7
76584,7
76585,7
76586,7
76587,7
76588,7
76589,7
76590,7
76591,7
76592,7
76593,7
76594,7
76595,7
76596,7
76597,7
76598,7
76599,7
76600,7
76601,7
76602,7
76603,7
76604,7
76605,7
76606,7
76607,7
76608,7
76609,7
76610,7
76611,7
76612,7
76613,7
76614,7
76615,7
76616,7
76617,7
76618,7
76619,7
76620,7
76621,7
76622,7
76623,7
76624,7
76625,7
76626,7
76627,7
76628,7
76629,7
76630,7
76631,7
76632,7
76633,7
76634,7
76635,7
76636,7
76637,7
76638,7
76639,7
76640,7
76641,7
76642,7
76643,7
76644,7
76645,7
76646,7
76647,7
76648,7
76649,7
76650,7
76651,7
76652,7
76653,7
76654,7
76655,7
76656,7
76657,7
76658,7
76659,7
76660,7
76661,7
76662,7
76663,7
76664,7
76665,7
76666,7
76667,7
76668,7
76669,7
76670,7
76671,7
76672,7
76673,7
76674,7
76675,7
76676,7
76677,7
76678,7
76679,7
76680,7
76681,7
76682,7
76683,7
76684,7
76685,7
76686,7
76687,7
76688,7
76689,7
76690,7
76691,7
76692,7
76693,7
76694,7
76695,7
76696,7
76697,7
76698,7
76699,7
76700,7
76701,7
76702,7
76703,7
76704,7
76705,7
76706,7
76707,7
76708,7
76709,7
76710,7
76711,7
76712,7
76713,7
76714,7
76715,7
76716,7
76717,7
76718,7
76719,7
76720,7
76721,7
76722,7
76723,7
76724,7
76725,7
76726,7
76727,7
76728,7
76729,7
76730,7
76731,7
76732,7
76733,7
76734,7
76735,7
76736,7
76737,7
76738,7
76739,7
76740,7
76741,7
76742,7
76743,7
76744,7
76745,7
76746,7
76747,7
76748,7
76749,7
76750,7
76751,7
76752,7
76753,7
76754,7
76755,7
76756,7
76757,7
76758,7
76759,7
76760,7
76761,7
76762,7
76763,7
76764,7
76765,7
76766,7
76767,7
76768,7
76769,7
76770,7
76771,7
76772,7
76773,7
76774,7
76775,7
76776,7
76777,7
76778,7
76779,7
76780,7
76781,7
76782,7
76783,7
76784,7
76785,7
76786,7
76787,7
76788,7
76789,7
76790,7
76791,7
76792,7
76793,7
76794,7
76795,7
76796,7
76797,7
76798,7
76799,7
76800,7
76801,7
76802,7
76803,7
76804,7
76805,7
76806,7
76807,7
76808,7
76809,7
76810,7
76811,7
76812,7
76813,7
76814,7
76815,7
76816,7
76817,7
76818,7
76819,7
76820,7
76821,7
76822,7
76823,7
76824,7
76825,7
76826,7
76827,7
76828,7
76829,7
76830,7
76831,7
76832,7
76833,7
76834,7
76835,7
76836,7
76837,7
76838,7
76839,7
76840,7
76841,7
76842,7
76843,7
76844,7
76845,7
76846,7
76847,7
76848,7
76849,7
76850,7
76851,7
76852,7
76853,7
76854,7
76855,7
76856,7
76857,7
76858,7
76859,7
76860,7
76861,7
76862,7
76863,7
76864,7
76865,7
76866,7
76867,7
76868,7
76869,7
76870,7
76871,7
76872,7
76873,7
76874,7
76875,7
76876,7
76877,7
76878,7
76879,7
76880,7
76881,7
76882,7
76883,7
76884,7
76885,7
76886,7
76887,7
76888,7
76889,7
76890,7
76891,7
76892,7
76893,7
76894,7
76895,7
76896,7
76897,7
76898,7
76899,7
76900,7
76901,7
76902,7
76903,7
76904,7
76905,7
76906,7
76907,7
76908,7
76909,7
76910,7
76911,7
76912,7
76913,7
76914,7
76915,7
76916,7
76917,7
76918,7
76919,7
76920,7
76921,7
76922,7
76923,7
76924,7
76925,7
76926,7
76927,7
76928,7
76929,7
76930,7
76931,7
76932,7
76933,7
76934,7
76935,7
76936,7
76937,7
76938,7
76939,7
76940,7
76941,7
76942,7
76943,7
76944,7
76945,7
76946,7
76947,7
76948,7
76949,7
76950,7
76951,7
76952,7
76953,7
76954,7
76955,7
76956,7
76957,7
76958,7
76959,7
76960,7
76961,7
76962,7
76963,7
76964,7
76965,7
76966,7
76967,7
76968,7
76969,7
76970,7
76971,7
76972,7
76973,7
76974,7
76975,7
76976,7
76977,7
76978,7
76979,7
76980,7
76981,7
76982,7
76983,7
76984,7
76985,7
76986,7
76987,7
76988,7
76989,7
76990,7
76991,7
76992,7
76993,7
76994,7
76995,7
76996,7
76997,7
76998,7
76999,7
77000,7
77001,7
77002,7
77003,7
77004,7
77005,7
77006,7
77007,7
77008,7
77009,7
77010,7
77011,7
77012,7
77013,7
77014,7
77015,7
77016,7
77017,7
77018,7
77019,7
77020,7
77021,7
77022,7
77023,7
77024,7
77025,7
77026,7
77027,7
77028,7
77029,7
77030,7
77031,7
77032,7
77033,7
77034,7
77035,7
77036,7
77037,7
77038,7
77039,7
77040,7
77041,7
77042,7
77043,7
77044,7
77045,7
77046,7
77047,7
77048,7
77049,7
77050,7
77051,7
77052,7
77053,7
77054,7
77055,7
77056,7
77057,7
77058,7
77059,7
77060,7
77061,7
77062,7
77063,7
77064,7
77065,7
77066,7
77067,7
77068,7
77069,7
77070,7
77071,7
77072,7
77073,7
77074,7
77075,7
77076,7
77077,7
77078,7
77079,7
77080,7
77081,7
77082,7
77083,7
77084,7
77085,7
77086,7
77087,7
77088,7
77089,7
77090,7
77091,7
77092,7
77093,7
77094,7
77095,7
77096,7
77097,7
77098,7
77099,7
77100,7
77101,7
77102,7
77103,7
77104,7
77105,7
77106,7
77107,7
77108,7
77109,7
77110,7
77111,7
77112,7
77113,7
77114,7
77115,7
77116,7
77117,7
77118,7
77119,7
77120,7
77121,7
77122,7
77123,7
77124,7
77125,7
77126,7
77127,7
77128,7
77129,7
77130,7
77131,7
77132,7
77133,7
77134,7
77135,7
77136,7
77137,7
77138,7
77139,7
77140,7
77141,7
77142,7
77143,7
77144,7
77145,7
77146,7
77147,7
77148,7
77149,7
77150,7
77151,7
77152,7
77153,7
77154,7
77155,7
77156,7
77157,7
77158,7
77159,7
77160,7
77161,7
77162,7
77163,7
77164,7
77165,7
77166,7
77167,7
77168,7
77169,7
77170,7
77171,7
77172,7
77173,7
77174,7
77175,7
77176,7
77177,7
77178,7
77179,7
77180,7
77181,7
77182,7
77183,7
77184,7
77185,7
77186,7
77187,7
77188,7
77189,7
77190,7
77191,7
77192,7
77193,7
77194,7
77195,7
77196,7
77197,7
77198,7
77199,7
77200,7
77201,7
77202,7
77203,7
77204,7
77205,7
77206,7
77207,7
77208,7
77209,7
77210,7
77211,7
77212,7
77213,7
77214,7
77215,7
77216,7
77217,7
77218,7
77219,7
77220,7
77221,7
77222,7
77223,7
77224,7
77225,7
77226,7
77227,7
77228,7
77229,7
77230,7
77231,7
77232,7
77233,7
77234,7
77235,7
77236,7
77237,7
77238,7
77239,7
77240,7
77241,7
77242,7
77243,7
77244,7
77245,7
77246,7
77247,7
77248,7
77249,7
77250,7
77251,7
77252,7
77253,7
77254,7
77255,7
77256,7
77257,7
77258,7
77259,7
77260,7
77261,7
77262,7
77263,7
77264,7
77265,7
77266,7
77267,7
77268,7
77269,7
77270,7
77271,7
77272,7
77273,7
77274,7
77275,7
77276,7
77277,7
77278,7
77279,7
77280,7
77281,7
77282,7
77283,7
77284,7
77285,7
77286,7
77287,7
77288,7
77289,7
77290,7
77291,7
77292,7
77293,7
77294,7
77295,7
77296,7
77297,7
77298,7
77299,7
77300,7
77301,7
77302,7
77303,7
77304,7
77305,7
77306,7
77307,7
77308,7
77309,7
77310,7
77311,7
77312,7
77313,7
77314,7
77315,7
77316,7
77317,7
77318,7
77319,7
77320,7
77321,7
77322,7
77323,7
77324,7
77325,7
77326,7
77327,7
77328,7
77329,7
77330,7
77331,7
77332,7
77333,7
77334,7
77335,7
77336,7
77337,7
77338,7
77339,7
77340,7
77341,7
77342,7
77343,7
77344,7
77345,7
77346,7
77347,7
77348,7
77349,7
77350,7
77351,7
77352,7
77353,7
77354,7
77355,7
77356,7
77357,7
77358,7
77359,7
77360,7
77361,7
77362,7
77363,7
77364,7
77365,7
77366,7
77367,7
77368,7
77369,7
77370,7
77371,7
77372,7
77373,7
77374,7
77375,7
77376,7
77377,7
77378,7
77379,7
77380,7
77381,7
77382,7
77383,7
77384,7
77385,7
77386,7
77387,7
77388,7
77389,7
77390,7
77391,7
77392,7
77393,7
77394,7
77395,7
77396,7
77397,7
77398,7
77399,7
77400,7
77401,7
77402,7
77403,7
77404,7
77405,7
77406,7
77407,7
77408,7
77409,7
77410,7
77411,7
77412,7
77413,7
77414,7
77415,7
77416,7
77417,7
77418,7
77419,7
77420,7
77421,7
77422,7
77423,7
77424,7
77425,7
77426,7
77427,7
77428,7
77429,7
77430,7
77431,7
77432,7
77433,7
77434,7
77435,7
77436,7
77437,7
77438,7
77439,7
77440,7
77441,7
77442,7
77443,7
77444,7
77445,7
77446,7
77447,7
77448,7
77449,7
77450,7
77451,7
77452,7
77453,7
77454,7
77455,7
77456,7
77457,7
77458,7
77459,7
77460,7
77461,7
77462,7
77463,7
77464,7
77465,7
77466,7
77467,7
77468,7
77469,7
77470,7
77471,7
77472,7
77473,7
77474,7
77475,7
77476,7
77477,7
77478,7
77479,7
77480,7
77481,7
77482,7
77483,7
77484,7
77485,7
77486,7
77487,7
77488,7
77489,7
77490,7
77491,7
77492,7
77493,7
77494,7
77495,7
77496,7
77497,7
77498,7
77499,7
77500,7
77501,7
77502,7
77503,7
77504,7
77505,7
77506,7
77507,7
77508,7
77509,7
77510,7
77511,7
77512,7
77513,7
77514,7
77515,7
77516,7
77517,7
77518,7
77519,7
77520,7
77521,7
77522,7
77523,7
77524,7
77525,7
77526,7
77527,7
77528,7
77529,7
77530,7
77531,7
77532,7
77533,7
77534,7
77535,7
77536,7
77537,7
77538,7
77539,7
77540,7
77541,7
77542,7
77543,7
77544,7
77545,7
77546,7
77547,7
77548,7
77549,7
77550,7
77551,7
77552,7
77553,7
77554,7
77555,7
77556,7
77557,7
77558,7
77559,7
77560,7
77561,7
77562,7
77563,7
77564,7
77565,7
77566,7
77567,7
77568,7
77569,7
77570,7
77571,7
77572,7
77573,7
77574,7
77575,7
77576,7
77577,7
77578,7
77579,7
77580,7
77581,7
77582,7
77583,7
77584,7
77585,7
77586,7
77587,7
77588,7
77589,7
77590,7
77591,7
77592,7
77593,7
77594,7
77595,7
77596,7
77597,7
77598,7
77599,7
77600,7
77601,7
77602,7
77603,7
77604,7
77605,7
77606,7
77607,7
77608,7
77609,7
77610,7
77611,7
77612,7
77613,7
77614,7
77615,7
77616,7
77617,7
77618,7
77619,7
77620,7
77621,7
77622,7
77623,7
77624,7
77625,7
77626,7
77627,7
77628,7
77629,7
77630,7
77631,7
77632,7
77633,7
77634,7
77635,7
77636,7
77637,7
77638,7
77639,7
77640,7
77641,7
77642,7
77643,7
77644,7
77645,7
77646,7
77647,7
77648,7
77649,7
77650,7
77651,7
77652,7
77653,7
77654,7
77655,7
77656,7
77657,7
77658,7
77659,7
77660,7
77661,7
77662,7
77663,7
77664,7
77665,7
77666,7
77667,7
77668,7
77669,7
77670,7
77671,7
77672,7
77673,7
77674,7
77675,7
77676,7
77677,7
77678,7
77679,7
77680,7
77681,7
77682,7
77683,7
77684,7
77685,7
77686,7
77687,7
77688,7
77689,7
77690,7
77691,7
77692,7
77693,7
77694,7
77695,7
77696,7
77697,7
77698,7
77699,7
77700,7
77701,7
77702,7
77703,7
77704,7
77705,7
77706,7
77707,7
77708,7
77709,7
77710,7
77711,7
77712,7
77713,7
77714,7
77715,7
77716,7
77717,7
77718,7
77719,7
77720,7
77721,7
77722,7
77723,7
77724,7
77725,7
77726,7
77727,7
77728,7
77729,7
77730,7
77731,7
77732,7
77733,7
77734,7
77735,7
77736,7
77737,7
77738,7
77739,7
77740,7
77741,7
77742,7
77743,7
77744,7
77745,7
77746,7
77747,7
77748,7
77749,7
77750,7
77751,7
77752,7
77753,7
77754,7
77755,7
77756,7
77757,7
77758,7
77759,7
77760,7
77761,7
77762,7
77763,7
77764,7
77765,7
77766,7
77767,7
77768,7
77769,7
77770,7
77771,7
77772,7
77773,7
77774,7
77775,7
77776,7
77777,7
77778,7
77779,7
77780,7
77781,7
77782,7
77783,7
77784,7
77785,7
77786,7
77787,7
77788,7
77789,7
77790,7
77791,7
77792,7
77793,7
77794,7
77795,7
77796,7
77797,7
77798,7
77799,7
77800,7
77801,7
77802,7
77803,7
77804,7
77805,7
77806,7
77807,7
77808,7
77809,7
77810,7
77811,7
77812,7
77813,7
77814,7
77815,7
77816,7
77817,7
77818,7
77819,7
77820,7
77821,7
77822,7
77823,7
77824,7
77825,7
77826,7
77827,7
77828,7
77829,7
77830,7
77831,7
77832,7
77833,7
77834,7
77835,7
77836,7
77837,7
77838,7
77839,7
77840,7
77841,7
77842,7
77843,7
77844,7
77845,7
77846,7
77847,7
77848,7
77849,7
77850,7
77851,7
77852,7
77853,7
77854,7
77855,7
77856,7
77857,7
77858,7
77859,7
77860,7
77861,7
77862,7
77863,7
77864,7
77865,7
77866,7
77867,7
77868,7
77869,7
77870,7
77871,7
77872,7
77873,7
77874,7
77875,7
77876,7
77877,7
77878,7
77879,7
77880,7
77881,7
77882,7
77883,7
77884,7
77885,7
77886,7
77887,7
77888,7
77889,7
77890,7
77891,7
77892,7
77893,7
77894,7
77895,7
77896,7
77897,7
77898,7
77899,7
77900,7
77901,7
77902,7
77903,7
77904,7
77905,7
77906,7
77907,7
77908,7
77909,7
77910,7
77911,7
77912,7
77913,7
77914,7
77915,7
77916,7
77917,7
77918,7
77919,7
77920,7
77921,7
77922,7
77923,7
77924,7
77925,7
77926,7
77927,7
77928,7
77929,7
77930,7
77931,7
77932,7
77933,7
77934,7
77935,7
77936,7
77937,7
77938,7
77939,7
77940,7
77941,7
77942,7
77943,7
77944,7
77945,7
77946,7
77947,7
77948,7
77949,7
77950,7
77951,7
77952,7
77953,7
77954,7
77955,7
77956,7
77957,7
77958,7
77959,7
77960,7
77961,7
77962,7
77963,7
77964,7
77965,7
77966,7
77967,7
77968,7
77969,7
77970,7
77971,7
77972,7
77973,7
77974,7
77975,7
77976,7
77977,7
77978,7
77979,7
77980,7
77981,7
77982,7
77983,7
77984,7
77985,7
77986,7
77987,7
77988,7
77989,7
77990,7
77991,7
77992,7
77993,7
77994,7
77995,7
77996,7
77997,7
77998,7
77999,7
78000,7
78001,7
78002,7
78003,7
78004,7
78005,7
78006,7
78007,7
78008,7
78009,7
78010,7
78011,7
78012,7
78013,7
78014,7
78015,7
78016,7
78017,7
78018,7
78019,7
78020,7
78021,7
78022,7
78023,7
78024,7
78025,7
78026,7
78027,7
78028,7
78029,7
78030,7
78031,7
78032,7
78033,7
78034,7
78035,7
78036,7
78037,7
78038,7
78039,7
78040,7
78041,7
78042,7
78043,7
78044,7
78045,7
78046,7
78047,7
78048,7
78049,7
78050,7
78051,7
78052,7
78053,7
78054,7
78055,7
78056,7
78057,7
78058,7
78059,7
78060,7
78061,7
78062,7
78063,7
78064,7
78065,7
78066,7
78067,7
78068,7
78069,7
78070,7
78071,7
78072,7
78073,7
78074,7
78075,7
78076,7
78077,7
78078,7
78079,7
78080,7
78081,7
78082,7
78083,7
78084,7
78085,7
78086,7
78087,7
78088,7
78089,7
78090,7
78091,7
78092,7
78093,7
78094,7
78095,7
78096,7
78097,7
78098,7
78099,7
78100,7
78101,7
78102,7
78103,7
78104,7
78105,7
78106,7
78107,7
78108,7
78109,7
78110,7
78111,7
78112,7
78113,7
78114,7
78115,7
78116,7
78117,7
78118,7
78119,7
78120,7
78121,7
78122,7
78123,7
78124,7
78125,7
78126,7
78127,7
78128,7
78129,7
78130,7
78131,7
78132,7
78133,7
78134,7
78135,7
78136,7
78137,7
78138,7
78139,7
78140,7
78141,7
78142,7
78143,7
78144,7
78145,7
78146,7
78147,7
78148,7
78149,7
78150,7
78151,7
78152,7
78153,7
78154,7
78155,7
78156,7
78157,7
78158,7
78159,7
78160,7
78161,7
78162,7
78163,7
78164,7
78165,7
78166,7
78167,7
78168,7
78169,7
78170,7
78171,7
78172,7
78173,7
78174,7
78175,7
78176,7
78177,7
78178,7
78179,7
78180,7
78181,7
78182,7
78183,7
78184,7
78185,7
78186,7
78187,7
78188,7
78189,7
78190,7
78191,7
78192,7
78193,7
78194,7
78195,7
78196,7
78197,7
78198,7
78199,7
78200,7
78201,7
78202,7
78203,7
78204,7
78205,7
78206,7
78207,7
78208,7
78209,7
78210,7
78211,7
78212,7
78213,7
78214,7
78215,7
78216,7
78217,7
78218,7
78219,7
78220,7
78221,7
78222,7
78223,7
78224,7
78225,7
78226,7
78227,7
78228,7
78229,7
78230,7
78231,7
78232,7
78233,7
78234,7
78235,7
78236,7
78237,7
78238,7
78239,7
78240,7
78241,7
78242,7
78243,7
78244,7
78245,7
78246,7
78247,7
78248,7
78249,7
78250,7
78251,7
78252,7
78253,7
78254,7
78255,7
78256,7
78257,7
78258,7
78259,7
78260,7
78261,7
78262,7
78263,7
78264,7
78265,7
78266,7
78267,7
78268,7
78269,7
78270,7
78271,7
78272,7
78273,7
78274,7
78275,7
78276,7
78277,7
78278,7
78279,7
78280,7
78281,7
78282,7
78283,7
78284,7
78285,7
78286,7
78287,7
78288,7
78289,7
78290,7
78291,7
78292,7
78293,7
78294,7
78295,7
78296,7
78297,7
78298,7
78299,7
78300,7
78301,7
78302,7
78303,7
78304,7
78305,7
78306,7
78307,7
78308,7
78309,7
78310,7
78311,7
78312,7
78313,7
78314,7
78315,7
78316,7
78317,7
78318,7
78319,7
78320,7
78321,7
78322,7
78323,7
78324,7
78325,7
78326,7
78327,7
78328,7
78329,7
78330,7
78331,7
78332,7
78333,7
78334,7
78335,7
78336,7
78337,7
78338,7
78339,7
78340,7
78341,7
78342,7
78343,7
78344,7
78345,7
78346,7
78347,7
78348,7
78349,7
78350,7
78351,7
78352,7
78353,7
78354,7
78355,7
78356,7
78357,7
78358,7
78359,7
78360,7
78361,7
78362,7
78363,7
78364,7
78365,7
78366,7
78367,7
78368,7
78369,7
78370,7
78371,7
78372,7
78373,7
78374,7
78375,7
78376,7
78377,7
78378,7
78379,7
78380,7
78381,7
78382,7
78383,7
78384,7
78385,7
78386,7
78387,7
78388,7
78389,7
78390,7
78391,7
78392,7
78393,7
78394,7
78395,7
78396,7
78397,7
78398,7
78399,7
78400,7
78401,7
78402,7
78403,7
78404,7
78405,7
78406,7
78407,7
78408,7
78409,7
78410,7
78411,7
78412,7
78413,7
78414,7
78415,7
78416,7
78417,7
78418,7
78419,7
78420,7
78421,7
78422,7
78423,7
78424,7
78425,7
78426,7
78427,7
78428,7
78429,7
78430,7
78431,7
78432,7
78433,7
78434,7
78435,7
78436,7
78437,7
78438,7
78439,7
78440,7
78441,7
78442,7
78443,7
78444,7
78445,7
78446,7
78447,7
78448,7
78449,7
78450,7
78451,7
78452,7
78453,7
78454,7
78455,7
78456,7
78457,7
78458,7
78459,7
78460,7
78461,7
78462,7
78463,7
78464,7
78465,7
78466,7
78467,7
78468,7
78469,7
78470,7
78471,7
78472,7
78473,7
78474,7
78475,7
78476,7
78477,7
78478,7
78479,7
78480,7
78481,7
78482,7
78483,7
78484,7
78485,7
78486,7
78487,7
78488,7
78489,7
78490,7
78491,7
78492,7
78493,7
78494,7
78495,7
78496,7
78497,7
78498,7
78499,7
78500,7
78501,7
78502,7
78503,7
78504,7
78505,7
78506,7
78507,7
78508,7
78509,7
78510,7
78511,7
78512,7
78513,7
78514,7
78515,7
78516,7
78517,7
78518,7
78519,7
78520,7
78521,7
78522,7
78523,7
78524,7
78525,7
78526,7
78527,7
78528,7
78529,7
78530,7
78531,7
78532,7
78533,7
78534,7
78535,7
78536,7
78537,7
78538,7
78539,7
78540,7
78541,7
78542,7
78543,7
78544,7
78545,7
78546,7
78547,7
78548,7
78549,7
78550,7
78551,7
78552,7
78553,7
78554,7
78555,7
78556,7
78557,7
78558,7
78559,7
78560,7
78561,7
78562,7
78563,7
78564,7
78565,7
78566,7
78567,7
78568,7
78569,7
78570,7
78571,7
78572,7
78573,7
78574,7
78575,7
78576,7
78577,7
78578,7
78579,7
78580,7
78581,7
78582,7
78583,7
78584,7
78585,7
78586,7
78587,7
78588,7
78589,7
78590,7
78591,7
78592,7
78593,7
78594,7
78595,7
78596,7
78597,7
78598,7
78599,7
78600,7
78601,7
78602,7
78603,7
78604,7
78605,7
78606,7
78607,7
78608,7
78609,7
78610,7
78611,7
78612,7
78613,7
78614,7
78615,7
78616,7
78617,7
78618,7
78619,7
78620,7
78621,7
78622,7
78623,7
78624,7
78625,7
78626,7
78627,7
78628,7
78629,7
78630,7
78631,7
78632,7
78633,7
78634,7
78635,7
78636,7
78637,7
78638,7
78639,7
78640,7
78641,7
78642,7
78643,7
78644,7
78645,7
78646,7
78647,7
78648,7
78649,7
78650,7
78651,7
78652,7
78653,7
78654,7
78655,7
78656,7
78657,7
78658,7
78659,7
78660,7
78661,7
78662,7
78663,7
78664,7
78665,7
78666,7
78667,7
78668,7
78669,7
78670,7
78671,7
78672,7
78673,7
78674,7
78675,7
78676,7
78677,7
78678,7
78679,7
78680,7
78681,7
78682,7
78683,7
78684,7
78685,7
78686,7
78687,7
78688,7
78689,7
78690,7
78691,7
78692,7
78693,7
78694,7
78695,7
78696,7
78697,7
78698,7
78699,7
78700,7
78701,7
78702,7
78703,7
78704,7
78705,7
78706,7
78707,7
78708,7
78709,7
78710,7
78711,7
78712,7
78713,7
78714,7
78715,7
78716,7
78717,7
78718,7
78719,7
78720,7
78721,7
78722,7
78723,7
78724,7
78725,7
78726,7
78727,7
78728,7
78729,7
78730,7
78731,7
78732,7
78733,7
78734,7
78735,7
78736,7
78737,7
78738,7
78739,7
78740,7
78741,7
78742,7
78743,7
78744,7
78745,7
78746,7
78747,7
78748,7
78749,7
78750,7
78751,7
78752,7
78753,7
78754,7
78755,7
78756,7
78757,7
78758,7
78759,7
78760,7
78761,7
78762,7
78763,7
78764,7
78765,7
78766,7
78767,7
78768,7
78769,7
78770,7
78771,7
78772,7
78773,7
78774,7
78775,7
78776,7
78777,7
78778,7
78779,7
78780,7
78781,7
78782,7
78783,7
78784,7
78785,7
78786,7
78787,7
78788,7
78789,7
78790,7
78791,7
78792,7
78793,7
78794,7
78795,7
78796,7
78797,7
78798,7
78799,7
78800,7
78801,7
78802,7
78803,7
78804,7
78805,7
78806,7
78807,7
78808,7
78809,7
78810,7
78811,7
78812,7
78813,7
78814,7
78815,7
78816,7
78817,7
78818,7
78819,7
78820,7
78821,7
78822,7
78823,7
78824,7
78825,7
78826,7
78827,7
78828,7
78829,7
78830,7
78831,7
78832,7
78833,7
78834,7
78835,7
78836,7
78837,7
78838,7
78839,7
78840,7
78841,7
78842,7
78843,7
78844,7
78845,7
78846,7
78847,7
78848,7
78849,7
78850,7
78851,7
78852,7
78853,7
78854,7
78855,7
78856,7
78857,7
78858,7
78859,7
78860,7
78861,7
78862,7
78863,7
78864,7
78865,7
78866,7
78867,7
78868,7
78869,7
78870,7
78871,7
78872,7
78873,7
78874,7
78875,7
78876,7
78877,7
78878,7
78879,7
78880,7
78881,7
78882,7
78883,7
78884,7
78885,7
78886,7
78887,7
78888,7
78889,7
78890,7
78891,7
78892,7
78893,7
78894,7
78895,7
78896,7
78897,7
78898,7
78899,7
78900,7
78901,7
78902,7
78903,7
78904,7
78905,7
78906,7
78907,7
78908,7
78909,7
78910,7
78911,7
78912,7
78913,7
78914,7
78915,7
78916,7
78917,7
78918,7
78919,7
78920,7
78921,7
78922,7
78923,7
78924,7
78925,7
78926,7
78927,7
78928,7
78929,7
78930,7
78931,7
78932,7
78933,7
78934,7
78935,7
78936,7
78937,7
78938,7
78939,7
78940,7
78941,7
78942,7
78943,7
78944,7
78945,7
78946,7
78947,7
78948,7
78949,7
78950,7
78951,7
78952,7
78953,7
78954,7
78955,7
78956,7
78957,7
78958,7
78959,7
78960,7
78961,7
78962,7
78963,7
78964,7
78965,7
78966,7
78967,7
78968,7
78969,7
78970,7
78971,7
78972,7
78973,7
78974,7
78975,7
78976,7
78977,7
78978,7
78979,7
78980,7
78981,7
78982,7
78983,7
78984,7
78985,7
78986,7
78987,7
78988,7
78989,7
78990,7
78991,7
78992,7
78993,7
78994,7
78995,7
78996,7
78997,7
78998,7
78999,7
79000,7
79001,7
79002,7
79003,7
79004,7
79005,7
79006,7
79007,7
79008,7
79009,7
79010,7
79011,7
79012,7
79013,7
79014,7
79015,7
79016,7
79017,7
79018,7
79019,7
79020,7
79021,7
79022,7
79023,7
79024,7
79025,7
79026,7
79027,7
79028,7
79029,7
79030,7
79031,7
79032,7
79033,7
79034,7
79035,7
79036,7
79037,7
79038,7
79039,7
79040,7
79041,7
79042,7
79043,7
79044,7
79045,7
79046,7
79047,7
79048,7
79049,7
79050,7
79051,7
79052,7
79053,7
79054,7
79055,7
79056,7
79057,7
79058,7
79059,7
79060,7
79061,7
79062,7
79063,7
79064,7
79065,7
79066,7
79067,7
79068,7
79069,7
79070,7
79071,7
79072,7
79073,7
79074,7
79075,7
79076,7
79077,7
79078,7
79079,7
79080,7
79081,7
79082,7
79083,7
79084,7
79085,7
79086,7
79087,7
79088,7
79089,7
79090,7
79091,7
79092,7
79093,7
79094,7
79095,7
79096,7
79097,7
79098,7
79099,7
79100,7
79101,7
79102,7
79103,7
79104,7
79105,7
79106,7
79107,7
79108,7
79109,7
79110,7
79111,7
79112,7
79113,7
79114,7
79115,7
79116,7
79117,7
79118,7
79119,7
79120,7
79121,7
79122,7
79123,7
79124,7
79125,7
79126,7
79127,7
79128,7
79129,7
79130,7
79131,7
79132,7
79133,7
79134,7
79135,7
79136,7
79137,7
79138,7
79139,7
79140,7
79141,7
79142,7
79143,7
79144,7
79145,7
79146,7
79147,7
79148,7
79149,7
79150,7
79151,7
79152,7
79153,7
79154,7
79155,7
79156,7
79157,7
79158,7
79159,7
79160,7
79161,7
79162,7
79163,7
79164,7
79165,7
79166,7
79167,7
79168,7
79169,7
79170,7
79171,7
79172,7
79173,7
79174,7
79175,7
79176,7
79177,7
79178,7
79179,7
79180,7
79181,7
79182,7
79183,7
79184,7
79185,7
79186,7
79187,7
79188,7
79189,7
79190,7
79191,7
79192,7
79193,7
79194,7
79195,7
79196,7
79197,7
79198,7
79199,7
79200,7
79201,7
79202,7
79203,7
79204,7
79205,7
79206,7
79207,7
79208,7
79209,7
79210,7
79211,7
79212,7
79213,7
79214,7
79215,7
79216,7
79217,7
79218,7
79219,7
79220,7
79221,7
79222,7
79223,7
79224,7
79225,7
79226,7
79227,7
79228,7
79229,7
79230,7
79231,7
79232,7
79233,7
79234,7
79235,7
79236,7
79237,7
79238,7
79239,7
79240,7
79241,7
79242,7
79243,7
79244,7
79245,7
79246,7
79247,7
79248,7
79249,7
79250,7
79251,7
79252,7
79253,7
79254,7
79255,7
79256,7
79257,7
79258,7
79259,7
79260,7
79261,7
79262,7
79263,7
79264,7
79265,7
79266,7
79267,7
79268,7
79269,7
79270,7
79271,7
79272,7
79273,7
79274,7
79275,7
79276,7
79277,7
79278,7
79279,7
79280,7
79281,7
79282,7
79283,7
79284,7
79285,7
79286,7
79287,7
79288,7
79289,7
79290,7
79291,7
79292,7
79293,7
79294,7
79295,7
79296,7
79297,7
79298,7
79299,7
79300,7
79301,7
79302,7
79303,7
79304,7
79305,7
79306,7
79307,7
79308,7
79309,7
79310,7
79311,7
79312,7
79313,7
79314,7
79315,7
79316,7
79317,7
79318,7
79319,7
79320,7
79321,7
79322,7
79323,7
79324,7
79325,7
79326,7
79327,7
79328,7
79329,7
79330,7
79331,7
79332,7
79333,7
79334,7
79335,7
79336,7
79337,7
79338,7
79339,7
79340,7
79341,7
79342,7
79343,7
79344,7
79345,7
79346,7
79347,7
79348,7
79349,7
79350,7
79351,7
79352,7
79353,7
79354,7
79355,7
79356,7
79357,7
79358,7
79359,7
79360,7
79361,7
79362,7
79363,7
79364,7
79365,7
79366,7
79367,7
79368,7
79369,7
79370,7
79371,7
79372,7
79373,7
79374,7
79375,7
79376,7
79377,7
79378,7
79379,7
79380,7
79381,7
79382,7
79383,7
79384,7
79385,7
79386,7
79387,7
79388,7
79389,7
79390,7
79391,7
79392,7
79393,7
79394,7
79395,7
79396,7
79397,7
79398,7
79399,7
79400,7
79401,7
79402,7
79403,7
79404,7
79405,7
79406,7
79407,7
79408,7
79409,7
79410,7
79411,7
79412,7
79413,7
79414,7
79415,7
79416,7
79417,7
79418,7
79419,7
79420,7
79421,7
79422,7
79423,7
79424,7
79425,7
79426,7
79427,7
79428,7
79429,7
79430,7
79431,7
79432,7
79433,7
79434,7
79435,7
79436,7
79437,7
79438,7
79439,7
79440,7
79441,7
79442,7
79443,7
79444,7
79445,7
79446,7
79447,7
79448,7
79449,7
79450,7
79451,7
79452,7
79453,7
79454,7
79455,7
79456,7
79457,7
79458,7
79459,7
79460,7
79461,7
79462,7
79463,7
79464,7
79465,7
79466,7
79467,7
79468,7
79469,7
79470,7
79471,7
79472,7
79473,7
79474,7
79475,7
79476,7
79477,7
79478,7
79479,7
79480,7
79481,7
79482,7
79483,7
79484,7
79485,7
79486,7
79487,7
79488,7
79489,7
79490,7
79491,7
79492,7
79493,7
79494,7
79495,7
79496,7
79497,7
79498,7
79499,7
79500,7
79501,7
79502,7
79503,7
79504,7
79505,7
79506,7
79507,7
79508,7
79509,7
79510,7
79511,7
79512,7
79513,7
79514,7
79515,7
79516,7
79517,7
79518,7
79519,7
79520,7
79521,7
79522,7
79523,7
79524,7
79525,7
79526,7
79527,7
79528,7
79529,7
79530,7
79531,7
79532,7
79533,7
79534,7
79535,7
79536,7
79537,7
79538,7
79539,7
79540,7
79541,7
79542,7
79543,7
79544,7
79545,7
79546,7
79547,7
79548,7
79549,7
79550,7
79551,7
79552,7
79553,7
79554,7
79555,7
79556,7
79557,7
79558,7
79559,7
79560,7
79561,7
79562,7
79563,7
79564,7
79565,7
79566,7
79567,7
79568,7
79569,7
79570,7
79571,7
79572,7
79573,7
79574,7
79575,7
79576,7
79577,7
79578,7
79579,7
79580,7
79581,7
79582,7
79583,7
79584,7
79585,7
79586,7
79587,7
79588,7
79589,7
79590,7
79591,7
79592,7
79593,7
79594,7
79595,7
79596,7
79597,7
79598,7
79599,7
79600,7
79601,7
79602,7
79603,7
79604,7
79605,7
79606,7
79607,7
79608,7
79609,7
79610,7
79611,7
79612,7
79613,7
79614,7
79615,7
79616,7
79617,7
79618,7
79619,7
79620,7
79621,7
79622,7
79623,7
79624,7
79625,7
79626,7
79627,7
79628,7
79629,7
79630,7
79631,7
79632,7
79633,7
79634,7
79635,7
79636,7
79637,7
79638,7
79639,7
79640,7
79641,7
79642,7
79643,7
79644,7
79645,7
79646,7
79647,7
79648,7
79649,7
79650,7
79651,7
79652,7
79653,7
79654,7
79655,7
79656,7
79657,7
79658,7
79659,7
79660,7
79661,7
79662,7
79663,7
79664,7
79665,7
79666,7
79667,7
79668,7
79669,7
79670,7
79671,7
79672,7
79673,7
79674,7
79675,7
79676,7
79677,7
79678,7
79679,7
79680,7
79681,7
79682,7
79683,7
79684,7
79685,7
79686,7
79687,7
79688,7
79689,7
79690,7
79691,7
79692,7
79693,7
79694,7
79695,7
79696,7
79697,7
79698,7
79699,7
79700,7
79701,7
79702,7
79703,7
79704,7
79705,7
79706,7
79707,7
79708,7
79709,7
79710,7
79711,7
79712,7
79713,7
79714,7
79715,7
79716,7
79717,7
79718,7
79719,7
79720,7
79721,7
79722,7
79723,7
79724,7
79725,7
79726,7
79727,7
79728,7
79729,7
79730,7
79731,7
79732,7
79733,7
79734,7
79735,7
79736,7
79737,7
79738,7
79739,7
79740,7
79741,7
79742,7
79743,7
79744,7
79745,7
79746,7
79747,7
79748,7
79749,7
79750,7
79751,7
79752,7
79753,7
79754,7
79755,7
79756,7
79757,7
79758,7
79759,7
79760,7
79761,7
79762,7
79763,7
79764,7
79765,7
79766,7
79767,7
79768,7
79769,7
79770,7
79771,7
79772,7
79773,7
79774,7
79775,7
79776,7
79777,7
79778,7
79779,7
79780,7
79781,7
79782,7
79783,7
79784,7
79785,7
79786,7
79787,7
79788,7
79789,7
79790,7
79791,7
79792,7
79793,7
79794,7
79795,7
79796,7
79797,7
79798,7
79799,7
79800,7
79801,7
79802,7
79803,7
79804,7
79805,7
79806,7
79807,7
79808,7
79809,7
79810,7
79811,7
79812,7
79813,7
79814,7
79815,7
79816,7
79817,7
79818,7
79819,7
79820,7
79821,7
79822,7
79823,7
79824,7
79825,7
79826,7
79827,7
79828,7
79829,7
79830,7
79831,7
79832,7
79833,7
79834,7
79835,7
79836,7
79837,7
79838,7
79839,7
79840,7
79841,7
79842,7
79843,7
79844,7
79845,7
79846,7
79847,7
79848,7
79849,7
79850,7
79851,7
79852,7
79853,7
79854,7
79855,7
79856,7
79857,7
79858,7
79859,7
79860,7
79861,7
79862,7
79863,7
79864,7
79865,7
79866,7
79867,7
79868,7
79869,7
79870,7
79871,7
79872,7
79873,7
79874,7
79875,7
79876,7
79877,7
79878,7
79879,7
79880,7
79881,7
79882,7
79883,7
79884,7
79885,7
79886,7
79887,7
79888,7
79889,7
79890,7
79891,7
79892,7
79893,7
79894,7
79895,7
79896,7
79897,7
79898,7
79899,7
79900,7
79901,7
79902,7
79903,7
79904,7
79905,7
79906,7
79907,7
79908,7
79909,7
79910,7
79911,7
79912,7
79913,7
79914,7
79915,7
79916,7
79917,7
79918,7
79919,7
79920,7
79921,7
79922,7
79923,7
79924,7
79925,7
79926,7
79927,7
79928,7
79929,7
79930,7
79931,7
79932,7
79933,7
79934,7
79935,7
79936,7
79937,7
79938,7
79939,7
79940,7
79941,7
79942,7
79943,7
79944,7
79945,7
79946,7
79947,7
79948,7
79949,7
79950,7
79951,7
79952,7
79953,7
79954,7
79955,7
79956,7
79957,7
79958,7
79959,7
79960,7
79961,7
79962,7
79963,7
79964,7
79965,7
79966,7
79967,7
79968,7
79969,7
79970,7
79971,7
79972,7
79973,7
79974,7
79975,7
79976,7
79977,7
79978,7
79979,7
79980,7
79981,7
79982,7
79983,7
79984,7
79985,7
79986,7
79987,7
79988,7
79989,7
79990,7
79991,7
79992,7
79993,7
79994,7
79995,7
79996,7
79997,7
79998,7
79999,7
80000,7
80001,7
80002,7
80003,7
80004,7
80005,7
80006,7
80007,7
80008,7
80009,7
80010,7
80011,7
80012,7
80013,7
80014,7
80015,7
80016,7
80017,7
80018,7
80019,7
80020,7
80021,7
80022,7
80023,7
80024,7
80025,7
80026,7
80027,7
80028,7
80029,7
80030,7
80031,7
80032,7
80033,7
80034,7
80035,7
80036,7
80037,7
80038,7
80039,7
80040,7
80041,7
80042,7
80043,7
80044,7
80045,7
80046,7
80047,7
80048,7
80049,7
80050,7
80051,7
80052,7
80053,7
80054,7
80055,7
80056,7
80057,7
80058,7
80059,7
80060,7
80061,7
80062,7
80063,7
80064,7
80065,7
80066,7
80067,7
80068,7
80069,7
80070,7
80071,7
80072,7
80073,7
80074,7
80075,7
80076,7
80077,7
80078,7
80079,7
80080,7
80081,7
80082,7
80083,7
80084,7
80085,7
80086,7
80087,7
80088,7
80089,7
80090,7
80091,7
80092,7
80093,7
80094,7
80095,7
80096,7
80097,7
80098,7
80099,7
80100,7
80101,7
80102,7
80103,7
80104,7
80105,7
80106,7
80107,7
80108,7
80109,7
80110,7
80111,7
80112,7
80113,7
80114,7
80115,7
80116,7
80117,7
80118,7
80119,7
80120,7
80121,7
80122,7
80123,7
80124,7
80125,7
80126,7
80127,7
80128,7
80129,7
80130,7
80131,7
80132,7
80133,7
80134,7
80135,7
80136,7
80137,7
80138,7
80139,7
80140,7
80141,7
80142,7
80143,7
80144,7
80145,7
80146,7
80147,7
80148,7
80149,7
80150,7
80151,7
80152,7
80153,7
80154,7
80155,7
80156,7
80157,7
80158,7
80159,7
80160,7
80161,7
80162,7
80163,7
80164,7
80165,7
80166,7
80167,7
80168,7
80169,7
80170,7
80171,7
80172,7
80173,7
80174,7
80175,7
80176,7
80177,7
80178,7
80179,7
80180,7
80181,7
80182,7
80183,7
80184,7
80185,7
80186,7
80187,7
80188,7
80189,7
80190,7
80191,7
80192,7
80193,7
80194,7
80195,7
80196,7
80197,7
80198,7
80199,7
80200,7
80201,7
80202,7
80203,7
80204,7
80205,7
80206,7
80207,7
80208,7
80209,7
80210,7
80211,7
80212,7
80213,7
80214,7
80215,7
80216,7
80217,7
80218,7
80219,7
80220,7
80221,7
80222,7
80223,7
80224,7
80225,7
80226,7
80227,7
80228,7
80229,7
80230,7
80231,7
80232,7
80233,7
80234,7
80235,7
80236,7
80237,7
80238,7
80239,7
80240,7
80241,7
80242,7
80243,7
80244,7
80245,7
80246,7
80247,7
80248,7
80249,7
80250,7
80251,7
80252,7
80253,7
80254,7
80255,7
80256,7
80257,7
80258,7
80259,7
80260,7
80261,7
80262,7
80263,7
80264,7
80265,7
80266,7
80267,7
80268,7
80269,7
80270,7
80271,7
80272,7
80273,7
80274,7
80275,7
80276,7
80277,7
80278,7
80279,7
80280,7
80281,7
80282,7
80283,7
80284,7
80285,7
80286,7
80287,7
80288,7
80289,7
80290,7
80291,7
80292,7
80293,7
80294,7
80295,7
80296,7
80297,7
80298,7
80299,7
80300,7
80301,7
80302,7
80303,7
80304,7
80305,7
80306,7
80307,7
80308,7
80309,7
80310,7
80311,7
80312,7
80313,7
80314,7
80315,7
80316,7
80317,7
80318,7
80319,7
80320,7
80321,7
80322,7
80323,7
80324,7
80325,7
80326,7
80327,7
80328,7
80329,7
80330,7
80331,7
80332,7
80333,7
80334,7
80335,7
80336,7
80337,7
80338,7
80339,7
80340,7
80341,7
80342,7
80343,7
80344,7
80345,7
80346,7
80347,7
80348,7
80349,7
80350,7
80351,7
80352,7
80353,7
80354,7
80355,7
80356,7
80357,7
80358,7
80359,7
80360,7
80361,7
80362,7
80363,7
80364,7
80365,7
80366,7
80367,7
80368,7
80369,7
80370,7
80371,7
80372,7
80373,7
80374,7
80375,7
80376,7
80377,7
80378,7
80379,7
80380,7
80381,7
80382,7
80383,7
80384,7
80385,7
80386,7
80387,7
80388,7
80389,7
80390,7
80391,7
80392,7
80393,7
80394,7
80395,7
80396,7
80397,7
80398,7
80399,7
80400,7
80401,7
80402,7
80403,7
80404,7
80405,7
80406,7
80407,7
80408,7
80409,7
80410,7
80411,7
80412,7
80413,7
80414,7
80415,7
80416,7
80417,7
80418,7
80419,7
80420,7
80421,7
80422,7
80423,7
80424,7
80425,7
80426,7
80427,7
80428,7
80429,7
80430,7
80431,7
80432,7
80433,7
80434,7
80435,7
80436,7
80437,7
80438,7
80439,7
80440,7
80441,7
80442,7
80443,7
80444,7
80445,7
80446,7
80447,7
80448,7
80449,7
80450,7
80451,7
80452,7
80453,7
80454,7
80455,7
80456,7
80457,7
80458,7
80459,7
80460,7
80461,7
80462,7
80463,7
80464,7
80465,7
80466,7
80467,7
80468,7
80469,7
80470,7
80471,7
80472,7
80473,7
80474,7
80475,7
80476,7
80477,7
80478,7
80479,7
80480,7
80481,7
80482,7
80483,7
80484,7
80485,7
80486,7
80487,7
80488,7
80489,7
80490,7
80491,7
80492,7
80493,7
80494,7
80495,7
80496,7
80497,7
80498,7
80499,7
80500,7
80501,7
80502,7
80503,7
80504,7
80505,7
80506,7
80507,7
80508,7
80509,7
80510,7
80511,7
80512,7
80513,7
80514,7
80515,7
80516,7
80517,7
80518,7
80519,7
80520,7
80521,7
80522,7
80523,7
80524,7
80525,7
80526,7
80527,7
80528,7
80529,7
80530,7
80531,7
80532,7
80533,7
80534,7
80535,7
80536,7
80537,7
80538,7
80539,7
80540,7
80541,7
80542,7
80543,7
80544,7
80545,7
80546,7
80547,7
80548,7
80549,7
80550,7
80551,7
80552,7
80553,7
80554,7
80555,7
80556,7
80557,7
80558,7
80559,7
80560,7
80561,7
80562,7
80563,7
80564,7
80565,7
80566,7
80567,7
80568,7
80569,7
80570,7
80571,7
80572,7
80573,7
80574,7
80575,7
80576,7
80577,7
80578,7
80579,7
80580,7
80581,7
80582,7
80583,7
80584,7
80585,7
80586,7
80587,7
80588,7
80589,7
80590,7
80591,7
80592,7
80593,7
80594,7
80595,7
80596,7
80597,7
80598,7
80599,7
80600,7
80601,7
80602,7
80603,7
80604,7
80605,7
80606,7
80607,7
80608,7
80609,7
80610,7
80611,7
80612,7
80613,7
80614,7
80615,7
80616,7
80617,7
80618,7
80619,7
80620,7
80621,7
80622,7
80623,7
80624,7
80625,7
80626,7
80627,7
80628,7
80629,7
80630,7
80631,7
80632,7
80633,7
80634,7
80635,7
80636,7
80637,7
80638,7
80639,7
80640,7
80641,7
80642,7
80643,7
80644,7
80645,7
80646,7
80647,7
80648,7
80649,7
80650,7
80651,7
80652,7
80653,7
80654,7
80655,7
80656,7
80657,7
80658,7
80659,7
80660,7
80661,7
80662,7
80663,7
80664,7
80665,7
80666,7
80667,7
80668,7
80669,7
80670,7
80671,7
80672,7
80673,7
80674,7
80675,7
80676,7
80677,7
80678,7
80679,7
80680,7
80681,7
80682,7
80683,7
80684,7
80685,7
80686,7
80687,7
80688,7
80689,7
80690,7
80691,7
80692,7
80693,7
80694,7
80695,7
80696,7
80697,7
80698,7
80699,7
80700,7
80701,7
80702,7
80703,7
80704,7
80705,7
80706,7
80707,7
80708,7
80709,7
80710,7
80711,7
80712,7
80713,7
80714,7
80715,7
80716,7
80717,7
80718,7
80719,7
80720,7
80721,7
80722,7
80723,7
80724,7
80725,7
80726,7
80727,7
80728,7
80729,7
80730,7
80731,7
80732,7
80733,7
80734,7
80735,7
80736,7
80737,7
80738,7
80739,7
80740,7
80741,7
80742,7
80743,7
80744,7
80745,7
80746,7
80747,7
80748,7
80749,7
80750,7
80751,7
80752,7
80753,7
80754,7
80755,7
80756,7
80757,7
80758,7
80759,7
80760,7
80761,7
80762,7
80763,7
80764,7
80765,7
80766,7
80767,7
80768,7
80769,7
80770,7
80771,7
80772,7
80773,7
80774,7
80775,7
80776,7
80777,7
80778,7
80779,7
80780,7
80781,7
80782,7
80783,7
80784,7
80785,7
80786,7
80787,7
80788,7
80789,7
80790,7
80791,7
80792,7
80793,7
80794,7
80795,7
80796,7
80797,7
80798,7
80799,7
80800,7
80801,7
80802,7
80803,7
80804,7
80805,7
80806,7
80807,7
80808,7
80809,7
80810,7
80811,7
80812,7
80813,7
80814,7
80815,7
80816,7
80817,7
80818,7
80819,7
80820,7
80821,7
80822,7
80823,7
80824,7
80825,7
80826,7
80827,7
80828,7
80829,7
80830,7
80831,7
80832,7
80833,7
80834,7
80835,7
80836,7
80837,7
80838,7
80839,7
80840,7
80841,7
80842,7
80843,7
80844,7
80845,7
80846,7
80847,7
80848,7
80849,7
80850,7
80851,7
80852,7
80853,7
80854,7
80855,7
80856,7
80857,7
80858,7
80859,7
80860,7
80861,7
80862,7
80863,7
80864,7
80865,7
80866,7
80867,7
80868,7
80869,7
80870,7
80871,7
80872,7
80873,7
80874,7
80875,7
80876,7
80877,7
80878,7
80879,7
80880,7
80881,7
80882,7
80883,7
80884,7
80885,7
80886,7
80887,7
80888,7
80889,7
80890,7
80891,7
80892,7
80893,7
80894,7
80895,7
80896,7
80897,7
80898,7
80899,7
80900,7
80901,7
80902,7
80903,7
80904,7
80905,7
80906,7
80907,7
80908,7
80909,7
80910,7
80911,7
80912,7
80913,7
80914,7
80915,7
80916,7
80917,7
80918,7
80919,7
80920,7
80921,7
80922,7
80923,7
80924,7
80925,7
80926,7
80927,7
80928,7
80929,7
80930,7
80931,7
80932,7
80933,7
80934,7
80935,7
80936,7
80937,7
80938,7
80939,7
80940,7
80941,7
80942,7
80943,7
80944,7
80945,7
80946,7
80947,7
80948,7
80949,7
80950,7
80951,7
80952,7
80953,7
80954,7
80955,7
80956,7
80957,7
80958,7
80959,7
80960,7
80961,7
80962,7
80963,7
80964,7
80965,7
80966,7
80967,7
80968,7
80969,7
80970,7
80971,7
80972,7
80973,7
80974,7
80975,7
80976,7
80977,7
80978,7
80979,7
80980,7
80981,7
80982,7
80983,7
80984,7
80985,7
80986,7
80987,7
80988,7
80989,7
80990,7
80991,7
80992,7
80993,7
80994,7
80995,7
80996,7
80997,7
80998,7
80999,7
81000,7
81001,7
81002,7
81003,7
81004,7
81005,7
81006,7
81007,7
81008,7
81009,7
81010,7
81011,7
81012,7
81013,7
81014,7
81015,7
81016,7
81017,7
81018,7
81019,7
81020,7
81021,7
81022,7
81023,7
81024,7
81025,7
81026,7
81027,7
81028,7
81029,7
81030,7
81031,7
81032,7
81033,7
81034,7
81035,7
81036,7
81037,7
81038,7
81039,7
81040,7
81041,7
81042,7
81043,7
81044,7
81045,7
81046,7
81047,7
81048,7
81049,7
81050,7
81051,7
81052,7
81053,7
81054,7
81055,7
81056,7
81057,7
81058,7
81059,7
81060,7
81061,7
81062,7
81063,7
81064,7
81065,7
81066,7
81067,7
81068,7
81069,7
81070,7
81071,7
81072,7
81073,7
81074,7
81075,7
81076,7
81077,7
81078,7
81079,7
81080,7
81081,7
81082,7
81083,7
81084,7
81085,7
81086,7
81087,7
81088,7
81089,7
81090,7
81091,7
81092,7
81093,7
81094,7
81095,7
81096,7
81097,7
81098,7
81099,7
81100,7
81101,7
81102,7
81103,7
81104,7
81105,7
81106,7
81107,7
81108,7
81109,7
81110,7
81111,7
81112,7
81113,7
81114,7
81115,7
81116,7
81117,7
81118,7
81119,7
81120,7
81121,7
81122,7
81123,7
81124,7
81125,7
81126,7
81127,7
81128,7
81129,7
81130,7
81131,7
81132,7
81133,7
81134,7
81135,7
81136,7
81137,7
81138,7
81139,7
81140,7
81141,7
81142,7
81143,7
81144,7
81145,7
81146,7
81147,7
81148,7
81149,7
81150,7
81151,7
81152,7
81153,7
81154,7
81155,7
81156,7
81157,7
81158,7
81159,7
81160,7
81161,7
81162,7
81163,7
81164,7
81165,7
81166,7
81167,7
81168,7
81169,7
81170,7
81171,7
81172,7
81173,7
81174,7
81175,7
81176,7
81177,7
81178,7
81179,7
81180,7
81181,7
81182,7
81183,7
81184,7
81185,7
81186,7
81187,7
81188,7
81189,7
81190,7
81191,7
81192,7
81193,7
81194,7
81195,7
81196,7
81197,7
81198,7
81199,7
81200,7
81201,7
81202,7
81203,7
81204,7
81205,7
81206,7
81207,7
81208,7
81209,7
81210,7
81211,7
81212,7
81213,7
81214,7
81215,7
81216,7
81217,7
81218,7
81219,7
81220,7
81221,7
81222,7
81223,7
81224,7
81225,7
81226,7
81227,7
81228,7
81229,7
81230,7
81231,7
81232,7
81233,7
81234,7
81235,7
81236,7
81237,7
81238,7
81239,7
81240,7
81241,7
81242,7
81243,7
81244,7
81245,7
81246,7
81247,7
81248,7
81249,7
81250,7
81251,7
81252,7
81253,7
81254,7
81255,7
81256,7
81257,7
81258,7
81259,7
81260,7
81261,7
81262,7
81263,7
81264,7
81265,7
81266,7
81267,7
81268,7
81269,7
81270,7
81271,7
81272,7
81273,7
81274,7
81275,7
81276,7
81277,7
81278,7
81279,7
81280,7
81281,7
81282,7
81283,7
81284,7
81285,7
81286,7
81287,7
81288,7
81289,7
81290,7
81291,7
81292,7
81293,7
81294,7
81295,7
81296,7
81297,7
81298,7
81299,7
81300,7
81301,7
81302,7
81303,7
81304,7
81305,7
81306,7
81307,7
81308,7
81309,7
81310,7
81311,7
81312,7
81313,7
81314,7
81315,7
81316,7
81317,7
81318,7
81319,7
81320,7
81321,7
81322,7
81323,7
81324,7
81325,7
81326,7
81327,7
81328,7
81329,7
81330,7
81331,7
81332,7
81333,7
81334,7
81335,7
81336,7
81337,7
81338,7
81339,7
81340,7
81341,7
81342,7
81343,7
81344,7
81345,7
81346,7
81347,7
81348,7
81349,7
81350,7
81351,7
81352,7
81353,7
81354,7
81355,7
81356,7
81357,7
81358,7
81359,7
81360,7
81361,7
81362,7
81363,7
81364,7
81365,7
81366,7
81367,7
81368,7
81369,7
81370,7
81371,7
81372,7
81373,7
81374,7
81375,7
81376,7
81377,7
81378,7
81379,7
81380,7
81381,7
81382,7
81383,7
81384,7
81385,7
81386,7
81387,7
81388,7
81389,7
81390,7
81391,7
81392,7
81393,7
81394,7
81395,7
81396,7
81397,7
81398,7
81399,7
81400,7
81401,7
81402,7
81403,7
81404,7
81405,7
81406,7
81407,7
81408,7
81409,7
81410,7
81411,7
81412,7
81413,7
81414,7
81415,7
81416,7
81417,7
81418,7
81419,7
81420,7
81421,7
81422,7
81423,7
81424,7
81425,7
81426,7
81427,7
81428,7
81429,7
81430,7
81431,7
81432,7
81433,7
81434,7
81435,7
81436,7
81437,7
81438,7
81439,7
81440,7
81441,7
81442,7
81443,7
81444,7
81445,7
81446,7
81447,7
81448,7
81449,7
81450,7
81451,7
81452,7
81453,7
81454,7
81455,7
81456,7
81457,7
81458,7
81459,7
81460,7
81461,7
81462,7
81463,7
81464,7
81465,7
81466,7
81467,7
81468,7
81469,7
81470,7
81471,7
81472,7
81473,7
81474,7
81475,7
81476,7
81477,7
81478,7
81479,7
81480,7
81481,7
81482,7
81483,7
81484,7
81485,7
81486,7
81487,7
81488,7
81489,7
81490,7
81491,7
81492,7
81493,7
81494,7
81495,7
81496,7
81497,7
81498,7
81499,7
81500,7
81501,7
81502,7
81503,7
81504,7
81505,7
81506,7
81507,7
81508,7
81509,7
81510,7
81511,7
81512,7
81513,7
81514,7
81515,7
81516,7
81517,7
81518,7
81519,7
81520,7
81521,7
81522,7
81523,7
81524,7
81525,7
81526,7
81527,7
81528,7
81529,7
81530,7
81531,7
81532,7
81533,7
81534,7
81535,7
81536,7
81537,7
81538,7
81539,7
81540,7
81541,7
81542,7
81543,7
81544,7
81545,7
81546,7
81547,7
81548,7
81549,7
81550,7
81551,7
81552,7
81553,7
81554,7
81555,7
81556,7
81557,7
81558,7
81559,7
81560,7
81561,7
81562,7
81563,7
81564,7
81565,7
81566,7
81567,7
81568,7
81569,7
81570,7
81571,7
81572,7
81573,7
81574,7
81575,7
81576,7
81577,7
81578,7
81579,7
81580,7
81581,7
81582,7
81583,7
81584,7
81585,7
81586,7
81587,7
81588,7
81589,7
81590,7
81591,7
81592,7
81593,7
81594,7
81595,7
81596,7
81597,7
81598,7
81599,7
81600,7
81601,7
81602,7
81603,7
81604,7
81605,7
81606,7
81607,7
81608,7
81609,7
81610,7
81611,7
81612,7
81613,7
81614,7
81615,7
81616,7
81617,7
81618,7
81619,7
81620,7
81621,7
81622,7
81623,7
81624,7
81625,7
81626,7
81627,7
81628,7
81629,7
81630,7
81631,7
81632,7
81633,7
81634,7
81635,7
81636,7
81637,7
81638,7
81639,7
81640,7
81641,7
81642,7
81643,7
81644,7
81645,7
81646,7
81647,7
81648,7
81649,7
81650,7
81651,7
81652,7
81653,7
81654,7
81655,7
81656,7
81657,7
81658,7
81659,7
81660,7
81661,7
81662,7
81663,7
81664,7
81665,7
81666,7
81667,7
81668,7
81669,7
81670,7
81671,7
81672,7
81673,7
81674,7
81675,7
81676,7
81677,7
81678,7
81679,7
81680,7
81681,7
81682,7
81683,7
81684,7
81685,7
81686,7
81687,7
81688,7
81689,7
81690,7
81691,7
81692,7
81693,7
81694,7
81695,7
81696,7
81697,7
81698,7
81699,7
81700,7
81701,7
81702,7
81703,7
81704,7
81705,7
81706,7
81707,7
81708,7
81709,7
81710,7
81711,7
81712,7
81713,7
81714,7
81715,7
81716,7
81717,7
81718,7
81719,7
81720,7
81721,7
81722,7
81723,7
81724,7
81725,7
81726,7
81727,7
81728,7
81729,7
81730,7
81731,7
81732,7
81733,7
81734,7
81735,7
81736,7
81737,7
81738,7
81739,7
81740,7
81741,7
81742,7
81743,7
81744,7
81745,7
81746,7
81747,7
81748,7
81749,7
81750,7
81751,7
81752,7
81753,7
81754,7
81755,7
81756,7
81757,7
81758,7
81759,7
81760,7
81761,7
81762,7
81763,7
81764,7
81765,7
81766,7
81767,7
81768,7
81769,7
81770,7
81771,7
81772,7
81773,7
81774,7
81775,7
81776,7
81777,7
81778,7
81779,7
81780,7
81781,7
81782,7
81783,7
81784,7
81785,7
81786,7
81787,7
81788,7
81789,7
81790,7
81791,7
81792,7
81793,7
81794,7
81795,7
81796,7
81797,7
81798,7
81799,7
81800,7
81801,7
81802,7
81803,7
81804,7
81805,7
81806,7
81807,7
81808,7
81809,7
81810,7
81811,7
81812,7
81813,7
81814,7
81815,7
81816,7
81817,7
81818,7
81819,7
81820,7
81821,7
81822,7
81823,7
81824,7
81825,7
81826,7
81827,7
81828,7
81829,7
81830,7
81831,7
81832,7
81833,7
81834,7
81835,7
81836,7
81837,7
81838,7
81839,7
81840,7
81841,7
81842,7
81843,7
81844,7
81845,7
81846,7
81847,7
81848,7
81849,7
81850,7
81851,7
81852,7
81853,7
81854,7
81855,7
81856,7
81857,7
81858,7
81859,7
81860,7
81861,7
81862,7
81863,7
81864,7
81865,7
81866,7
81867,7
81868,7
81869,7
81870,7
81871,7
81872,7
81873,7
81874,7
81875,7
81876,7
81877,7
81878,7
81879,7
81880,7
81881,7
81882,7
81883,7
81884,7
81885,7
81886,7
81887,7
81888,7
81889,7
81890,7
81891,7
81892,7
81893,7
81894,7
81895,7
81896,7
81897,7
81898,7
81899,7
81900,7
81901,7
81902,7
81903,7
81904,7
81905,7
81906,7
81907,7
81908,7
81909,7
81910,7
81911,7
81912,7
81913,7
81914,7
81915,7
81916,7
81917,7
81918,7
81919,7
81920,7
81921,7
81922,7
81923,7
81924,7
81925,7
81926,7
81927,7
81928,7
81929,7
81930,7
81931,7
81932,7
81933,7
81934,7
81935,7
81936,7
81937,7
81938,7
81939,7
81940,7
81941,7
81942,7
81943,7
81944,7
81945,7
81946,7
81947,7
81948,7
81949,7
81950,7
81951,7
81952,7
81953,7
81954,7
81955,7
81956,7
81957,7
81958,7
81959,7
81960,7
81961,7
81962,7
81963,7
81964,7
81965,7
81966,7
81967,7
81968,7
81969,7
81970,7
81971,7
81972,7
81973,7
81974,7
81975,7
81976,7
81977,7
81978,7
81979,7
81980,7
81981,7
81982,7
81983,7
81984,7
81985,7
81986,7
81987,7
81988,7
81989,7
81990,7
81991,7
81992,7
81993,7
81994,7
81995,7
81996,7
81997,7
81998,7
81999,7
82000,7
82001,7
82002,7
82003,7
82004,7
82005,7
82006,7
82007,7
82008,7
82009,7
82010,7
82011,7
82012,7
82013,7
82014,7
82015,7
82016,7
82017,7
82018,7
82019,7
82020,7
82021,7
82022,7
82023,7
82024,7
82025,7
82026,7
82027,7
82028,7
82029,7
82030,7
82031,7
82032,7
82033,7
82034,7
82035,7
82036,7
82037,7
82038,7
82039,7
82040,7
82041,7
82042,7
82043,7
82044,7
82045,7
82046,7
82047,7
82048,7
82049,7
82050,7
82051,7
82052,7
82053,7
82054,7
82055,7
82056,7
82057,7
82058,7
82059,7
82060,7
82061,7
82062,7
82063,7
82064,7
82065,7
82066,7
82067,7
82068,7
82069,7
82070,7
82071,7
82072,7
82073,7
82074,7
82075,7
82076,7
82077,7
82078,7
82079,7
82080,7
82081,7
82082,7
82083,7
82084,7
82085,7
82086,7
82087,7
82088,7
82089,7
82090,7
82091,7
82092,7
82093,7
82094,7
82095,7
82096,7
82097,7
82098,7
82099,7
82100,7
82101,7
82102,7
82103,7
82104,7
82105,7
82106,7
82107,7
82108,7
82109,7
82110,7
82111,7
82112,7
82113,7
82114,7
82115,7
82116,7
82117,7
82118,7
82119,7
82120,7
82121,7
82122,7
82123,7
82124,7
82125,7
82126,7
82127,7
82128,7
82129,7
82130,7
82131,7
82132,7
82133,7
82134,7
82135,7
82136,7
82137,7
82138,7
82139,7
82140,7
82141,7
82142,7
82143,7
82144,7
82145,7
82146,7
82147,7
82148,7
82149,7
82150,7
82151,7
82152,7
82153,7
82154,7
82155,7
82156,7
82157,7
82158,7
82159,7
82160,7
82161,7
82162,7
82163,7
82164,7
82165,7
82166,7
82167,7
82168,7
82169,7
82170,7
82171,7
82172,7
82173,7
82174,7
82175,7
82176,7
82177,7
82178,7
82179,7
82180,7
82181,7
82182,7
82183,7
82184,7
82185,7
82186,7
82187,7
82188,7
82189,7
82190,7
82191,7
82192,7
82193,7
82194,7
82195,7
82196,7
82197,7
82198,7
82199,7
82200,7
82201,7
82202,7
82203,7
82204,7
82205,7
82206,7
82207,7
82208,7
82209,7
82210,7
82211,7
82212,7
82213,7
82214,7
82215,7
82216,7
82217,7
82218,7
82219,7
82220,7
82221,7
82222,7
82223,7
82224,7
82225,7
82226,7
82227,7
82228,7
82229,7
82230,7
82231,7
82232,7
82233,7
82234,7
82235,7
82236,7
82237,7
82238,7
82239,7
82240,7
82241,7
82242,7
82243,7
82244,7
82245,7
82246,7
82247,7
82248,7
82249,7
82250,7
82251,7
82252,7
82253,7
82254,7
82255,7
82256,7
82257,7
82258,7
82259,7
82260,7
82261,7
82262,7
82263,7
82264,7
82265,7
82266,7
82267,7
82268,7
82269,7
82270,7
82271,7
82272,7
82273,7
82274,7
82275,7
82276,7
82277,7
82278,7
82279,7
82280,7
82281,7
82282,7
82283,7
82284,7
82285,7
82286,7
82287,7
82288,7
82289,7
82290,7
82291,7
82292,7
82293,7
82294,7
82295,7
82296,7
82297,7
82298,7
82299,7
82300,7
82301,7
82302,7
82303,7
82304,7
82305,7
82306,7
82307,7
82308,7
82309,7
82310,7
82311,7
82312,7
82313,7
82314,7
82315,7
82316,7
82317,7
82318,7
82319,7
82320,7
82321,7
82322,7
82323,7
82324,7
82325,7
82326,7
82327,7
82328,7
82329,7
82330,7
82331,7
82332,7
82333,7
82334,7
82335,7
82336,7
82337,7
82338,7
82339,7
82340,7
82341,7
82342,7
82343,7
82344,7
82345,7
82346,7
82347,7
82348,7
82349,7
82350,7
82351,7
82352,7
82353,7
82354,7
82355,7
82356,7
82357,7
82358,7
82359,7
82360,7
82361,7
82362,7
82363,7
82364,7
82365,7
82366,7
82367,7
82368,7
82369,7
82370,7
82371,7
82372,7
82373,7
82374,7
82375,7
82376,7
82377,7
82378,7
82379,7
82380,7
82381,7
82382,7
82383,7
82384,7
82385,7
82386,7
82387,7
82388,7
82389,7
82390,7
82391,7
82392,7
82393,7
82394,7
82395,7
82396,7
82397,7
82398,7
82399,7
82400,7
82401,7
82402,7
82403,7
82404,7
82405,7
82406,7
82407,7
82408,7
82409,7
82410,7
82411,7
82412,7
82413,7
82414,7
82415,7
82416,7
82417,7
82418,7
82419,7
82420,7
82421,7
82422,7
82423,7
82424,7
82425,7
82426,7
82427,7
82428,7
82429,7
82430,7
82431,7
82432,7
82433,7
82434,7
82435,7
82436,7
82437,7
82438,7
82439,7
82440,7
82441,7
82442,7
82443,7
82444,7
82445,7
82446,7
82447,7
82448,7
82449,7
82450,7
82451,7
82452,7
82453,7
82454,7
82455,7
82456,7
82457,7
82458,7
82459,7
82460,7
82461,7
82462,7
82463,7
82464,7
82465,7
82466,7
82467,7
82468,7
82469,7
82470,7
82471,7
82472,7
82473,7
82474,7
82475,7
82476,7
82477,7
82478,7
82479,7
82480,7
82481,7
82482,7
82483,7
82484,7
82485,7
82486,7
82487,7
82488,7
82489,7
82490,7
82491,7
82492,7
82493,7
82494,7
82495,7
82496,7
82497,7
82498,7
82499,7
82500,7
82501,7
82502,7
82503,7
82504,7
82505,7
82506,7
82507,7
82508,7
82509,7
82510,7
82511,7
82512,7
82513,7
82514,7
82515,7
82516,7
82517,7
82518,7
82519,7
82520,7
82521,7
82522,7
82523,7
82524,7
82525,7
82526,7
82527,7
82528,7
82529,7
82530,7
82531,7
82532,7
82533,7
82534,7
82535,7
82536,7
82537,7
82538,7
82539,7
82540,7
82541,7
82542,7
82543,7
82544,7
82545,7
82546,7
82547,7
82548,7
82549,7
82550,7
82551,7
82552,7
82553,7
82554,7
82555,7
82556,7
82557,7
82558,7
82559,7
82560,7
82561,7
82562,7
82563,7
82564,7
82565,7
82566,7
82567,7
82568,7
82569,7
82570,7
82571,7
82572,7
82573,7
82574,7
82575,7
82576,7
82577,7
82578,7
82579,7
82580,7
82581,7
82582,7
82583,7
82584,7
82585,7
82586,7
82587,7
82588,7
82589,7
82590,7
82591,7
82592,7
82593,7
82594,7
82595,7
82596,7
82597,7
82598,7
82599,7
82600,7
82601,7
82602,7
82603,7
82604,7
82605,7
82606,7
82607,7
82608,7
82609,7
82610,7
82611,7
82612,7
82613,7
82614,7
82615,7
82616,7
82617,7
82618,7
82619,7
82620,7
82621,7
82622,7
82623,7
82624,7
82625,7
82626,7
82627,7
82628,7
82629,7
82630,7
82631,7
82632,7
82633,7
82634,7
82635,7
82636,7
82637,7
82638,7
82639,7
82640,7
82641,7
82642,7
82643,7
82644,7
82645,7
82646,7
82647,7
82648,7
82649,7
82650,7
82651,7
82652,7
82653,7
82654,7
82655,7
82656,7
82657,7
82658,7
82659,7
82660,7
82661,7
82662,7
82663,7
82664,7
82665,7
82666,7
82667,7
82668,7
82669,7
82670,7
82671,7
82672,7
82673,7
82674,7
82675,7
82676,7
82677,7
82678,7
82679,7
82680,7
82681,7
82682,7
82683,7
82684,7
82685,7
82686,7
82687,7
82688,7
82689,7
82690,7
82691,7
82692,7
82693,7
82694,7
82695,7
82696,7
82697,7
82698,7
82699,7
82700,7
82701,7
82702,7
82703,7
82704,7
82705,7
82706,7
82707,7
82708,7
82709,7
82710,7
82711,7
82712,7
82713,7
82714,7
82715,7
82716,7
82717,7
82718,7
82719,7
82720,7
82721,7
82722,7
82723,7
82724,7
82725,7
82726,7
82727,7
82728,7
82729,7
82730,7
82731,7
82732,7
82733,7
82734,7
82735,7
82736,7
82737,7
82738,7
82739,7
82740,7
82741,7
82742,7
82743,7
82744,7
82745,7
82746,7
82747,7
82748,7
82749,7
82750,7
82751,7
82752,7
82753,7
82754,7
82755,7
82756,7
82757,7
82758,7
82759,7
82760,7
82761,7
82762,7
82763,7
82764,7
82765,7
82766,7
82767,7
82768,7
82769,7
82770,7
82771,7
82772,7
82773,7
82774,7
82775,7
82776,7
82777,7
82778,7
82779,7
82780,7
82781,7
82782,7
82783,7
82784,7
82785,7
82786,7
82787,7
82788,7
82789,7
82790,7
82791,7
82792,7
82793,7
82794,7
82795,7
82796,7
82797,7
82798,7
82799,7
82800,7
82801,7
82802,7
82803,7
82804,7
82805,7
82806,7
82807,7
82808,7
82809,7
82810,7
82811,7
82812,7
82813,7
82814,7
82815,7
82816,7
82817,7
82818,7
82819,7
82820,7
82821,7
82822,7
82823,7
82824,7
82825,7
82826,7
82827,7
82828,7
82829,7
82830,7
82831,7
82832,7
82833,7
82834,7
82835,7
82836,7
82837,7
82838,7
82839,7
82840,7
82841,7
82842,7
82843,7
82844,7
82845,7
82846,7
82847,7
82848,7
82849,7
82850,7
82851,7
82852,7
82853,7
82854,7
82855,7
82856,7
82857,7
82858,7
82859,7
82860,7
82861,7
82862,7
82863,7
82864,7
82865,7
82866,7
82867,7
82868,7
82869,7
82870,7
82871,7
82872,7
82873,7
82874,7
82875,7
82876,7
82877,7
82878,7
82879,7
82880,7
82881,7
82882,7
82883,7
82884,7
82885,7
82886,7
82887,7
82888,7
82889,7
82890,7
82891,7
82892,7
82893,7
82894,7
82895,7
82896,7
82897,7
82898,7
82899,7
82900,7
82901,7
82902,7
82903,7
82904,7
82905,7
82906,7
82907,7
82908,7
82909,7
82910,7
82911,7
82912,7
82913,7
82914,7
82915,7
82916,7
82917,7
82918,7
82919,7
82920,7
82921,7
82922,7
82923,7
82924,7
82925,7
82926,7
82927,7
82928,7
82929,7
82930,7
82931,7
82932,7
82933,7
82934,7
82935,7
82936,7
82937,7
82938,7
82939,7
82940,7
82941,7
82942,7
82943,7
82944,7
82945,7
82946,7
82947,7
82948,7
82949,7
82950,7
82951,7
82952,7
82953,7
82954,7
82955,7
82956,7
82957,7
82958,7
82959,7
82960,7
82961,7
82962,7
82963,7
82964,7
82965,7
82966,7
82967,7
82968,7
82969,7
82970,7
82971,7
82972,7
82973,7
82974,7
82975,7
82976,7
82977,7
82978,7
82979,7
82980,7
82981,7
82982,7
82983,7
82984,7
82985,7
82986,7
82987,7
82988,7
82989,7
82990,7
82991,7
82992,7
82993,7
82994,7
82995,7
82996,7
82997,7
82998,7
82999,7
83000,7
83001,7
83002,7
83003,7
83004,7
83005,7
83006,7
83007,7
83008,7
83009,7
83010,7
83011,7
83012,7
83013,7
83014,7
83015,7
83016,7
83017,7
83018,7
83019,7
83020,7
83021,7
83022,7
83023,7
83024,7
83025,7
83026,7
83027,7
83028,7
83029,7
83030,7
83031,7
83032,7
83033,7
83034,7
83035,7
83036,7
83037,7
83038,7
83039,7
83040,7
83041,7
83042,7
83043,7
83044,7
83045,7
83046,7
83047,7
83048,7
83049,7
83050,7
83051,7
83052,7
83053,7
83054,7
83055,7
83056,7
83057,7
83058,7
83059,7
83060,7
83061,7
83062,7
83063,7
83064,7
83065,7
83066,7
83067,7
83068,7
83069,7
83070,7
83071,7
83072,7
83073,7
83074,7
83075,7
83076,7
83077,7
83078,7
83079,7
83080,7
83081,7
83082,7
83083,7
83084,7
83085,7
83086,7
83087,7
83088,7
83089,7
83090,7
83091,7
83092,7
83093,7
83094,7
83095,7
83096,7
83097,7
83098,7
83099,7
83100,7
83101,7
83102,7
83103,7
83104,7
83105,7
83106,7
83107,7
83108,7
83109,7
83110,7
83111,7
83112,7
83113,7
83114,7
83115,7
83116,7
83117,7
83118,7
83119,7
83120,7
83121,7
83122,7
83123,7
83124,7
83125,7
83126,7
83127,7
83128,7
83129,7
83130,7
83131,7
83132,7
83133,7
83134,7
83135,7
83136,7
83137,7
83138,7
83139,7
83140,7
83141,7
83142,7
83143,7
83144,7
83145,7
83146,7
83147,7
83148,7
83149,7
83150,7
83151,7
83152,7
83153,7
83154,7
83155,7
83156,7
83157,7
83158,7
83159,7
83160,7
83161,7
83162,7
83163,7
83164,7
83165,7
83166,7
83167,7
83168,7
83169,7
83170,7
83171,7
83172,7
83173,7
83174,7
83175,7
83176,7
83177,7
83178,7
83179,7
83180,7
83181,7
83182,7
83183,7
83184,7
83185,7
83186,7
83187,7
83188,7
83189,7
83190,7
83191,7
83192,7
83193,7
83194,7
83195,7
83196,7
83197,7
83198,7
83199,7
83200,7
83201,7
83202,7
83203,7
83204,7
83205,7
83206,7
83207,7
83208,7
83209,7
83210,7
83211,7
83212,7
83213,7
83214,7
83215,7
83216,7
83217,7
83218,7
83219,7
83220,7
83221,7
83222,7
83223,7
83224,7
83225,7
83226,7
83227,7
83228,7
83229,7
83230,7
83231,7
83232,7
83233,7
83234,7
83235,7
83236,7
83237,7
83238,7
83239,7
83240,7
83241,7
83242,7
83243,7
83244,7
83245,7
83246,7
83247,7
83248,7
83249,7
83250,7
83251,7
83252,7
83253,7
83254,7
83255,7
83256,7
83257,7
83258,7
83259,7
83260,7
83261,7
83262,7
83263,7
83264,7
83265,7
83266,7
83267,7
83268,7
83269,7
83270,7
83271,7
83272,7
83273,7
83274,7
83275,7
83276,7
83277,7
83278,7
83279,7
83280,7
83281,7
83282,7
83283,7
83284,7
83285,7
83286,7
83287,7
83288,7
83289,7
83290,7
83291,7
83292,7
83293,7
83294,7
83295,7
83296,7
83297,7
83298,7
83299,7
83300,7
83301,7
83302,7
83303,7
83304,7
83305,7
83306,7
83307,7
83308,7
83309,7
83310,7
83311,7
83312,7
83313,7
83314,7
83315,7
83316,7
83317,7
83318,7
83319,7
83320,7
83321,7
83322,7
83323,7
83324,7
83325,7
83326,7
83327,7
83328,7
83329,7
83330,7
83331,7
83332,7
83333,7
83334,7
83335,7
83336,7
83337,7
83338,7
83339,7
83340,7
83341,7
83342,7
83343,7
83344,7
83345,7
83346,7
83347,7
83348,7
83349,7
83350,7
83351,7
83352,7
83353,7
83354,7
83355,7
83356,7
83357,7
83358,7
83359,7
83360,7
83361,7
83362,7
83363,7
83364,7
83365,7
83366,7
83367,7
83368,7
83369,7
83370,7
83371,7
83372,7
83373,7
83374,7
83375,7
83376,7
83377,7
83378,7
83379,7
83380,7
83381,7
83382,7
83383,7
83384,7
83385,7
83386,7
83387,7
83388,7
83389,7
83390,7
83391,7
83392,7
83393,7
83394,7
83395,7
83396,7
83397,7
83398,7
83399,7
83400,7
83401,7
83402,7
83403,7
83404,7
83405,7
83406,7
83407,7
83408,7
83409,7
83410,7
83411,7
83412,7
83413,7
83414,7
83415,7
83416,7
83417,7
83418,7
83419,7
83420,7
83421,7
83422,7
83423,7
83424,7
83425,7
83426,7
83427,7
83428,7
83429,7
83430,7
83431,7
83432,7
83433,7
83434,7
83435,7
83436,7
83437,7
83438,7
83439,7
83440,7
83441,7
83442,7
83443,7
83444,7
83445,7
83446,7
83447,7
83448,7
83449,7
83450,7
83451,7
83452,7
83453,7
83454,7
83455,7
83456,7
83457,7
83458,7
83459,7
83460,7
83461,7
83462,7
83463,7
83464,7
83465,7
83466,7
83467,7
83468,7
83469,7
83470,7
83471,7
83472,7
83473,7
83474,7
83475,7
83476,7
83477,7
83478,7
83479,7
83480,7
83481,7
83482,7
83483,7
83484,7
83485,7
83486,7
83487,7
83488,7
83489,7
83490,7
83491,7
83492,7
83493,7
83494,7
83495,7
83496,7
83497,7
83498,7
83499,7
83500,7
83501,7
83502,7
83503,7
83504,7
83505,7
83506,7
83507,7
83508,7
83509,7
83510,7
83511,7
83512,7
83513,7
83514,7
83515,7
83516,7
83517,7
83518,7
83519,7
83520,7
83521,7
83522,7
83523,7
83524,7
83525,7
83526,7
83527,7
83528,7
83529,7
83530,7
83531,7
83532,7
83533,7
83534,7
83535,7
83536,7
83537,7
83538,7
83539,7
83540,7
83541,7
83542,7
83543,7
83544,7
83545,7
83546,7
83547,7
83548,7
83549,7
83550,7
83551,7
83552,7
83553,7
83554,7
83555,7
83556,7
83557,7
83558,7
83559,7
83560,7
83561,7
83562,7
83563,7
83564,7
83565,7
83566,7
83567,7
83568,7
83569,7
83570,7
83571,7
83572,7
83573,7
83574,7
83575,7
83576,7
83577,7
83578,7
83579,7
83580,7
83581,7
83582,7
83583,7
83584,7
83585,7
83586,7
83587,7
83588,7
83589,7
83590,7
83591,7
83592,7
83593,7
83594,7
83595,7
83596,7
83597,7
83598,7
83599,7
83600,7
83601,7
83602,7
83603,7
83604,7
83605,7
83606,7
83607,7
83608,7
83609,7
83610,7
83611,7
83612,7
83613,7
83614,7
83615,7
83616,7
83617,7
83618,7
83619,7
83620,7
83621,7
83622,7
83623,7
83624,7
83625,7
83626,7
83627,7
83628,7
83629,7
83630,7
83631,7
83632,7
83633,7
83634,7
83635,7
83636,7
83637,7
83638,7
83639,7
83640,7
83641,7
83642,7
83643,7
83644,7
83645,7
83646,7
83647,7
83648,7
83649,7
83650,7
83651,7
83652,7
83653,7
83654,7
83655,7
83656,7
83657,7
83658,7
83659,7
83660,7
83661,7
83662,7
83663,7
83664,7
83665,7
83666,7
83667,7
83668,7
83669,7
83670,7
83671,7
83672,7
83673,7
83674,7
83675,7
83676,7
83677,7
83678,7
83679,7
83680,7
83681,7
83682,7
83683,7
83684,7
83685,7
83686,7
83687,7
83688,7
83689,7
83690,7
83691,7
83692,7
83693,7
83694,7
83695,7
83696,7
83697,7
83698,7
83699,7
83700,7
83701,7
83702,7
83703,7
83704,7
83705,7
83706,7
83707,7
83708,7
83709,7
83710,7
83711,7
83712,7
83713,7
83714,7
83715,7
83716,7
83717,7
83718,7
83719,7
83720,7
83721,7
83722,7
83723,7
83724,7
83725,7
83726,7
83727,7
83728,7
83729,7
83730,7
83731,7
83732,7
83733,7
83734,7
83735,7
83736,7
83737,7
83738,7
83739,7
83740,7
83741,7
83742,7
83743,7
83744,7
83745,7
83746,7
83747,7
83748,7
83749,7
83750,7
83751,7
83752,7
83753,7
83754,7
83755,7
83756,7
83757,7
83758,7
83759,7
83760,7
83761,7
83762,7
83763,7
83764,7
83765,7
83766,7
83767,7
83768,7
83769,7
83770,7
83771,7
83772,7
83773,7
83774,7
83775,7
83776,7
83777,7
83778,7
83779,7
83780,7
83781,7
83782,7
83783,7
83784,7
83785,7
83786,7
83787,7
83788,7
83789,7
83790,7
83791,7
83792,7
83793,7
83794,7
83795,7
83796,7
83797,7
83798,7
83799,7
83800,7
83801,7
83802,7
83803,7
83804,7
83805,7
83806,7
83807,7
83808,7
83809,7
83810,7
83811,7
83812,7
83813,7
83814,7
83815,7
83816,7
83817,7
83818,7
83819,7
83820,7
83821,7
83822,7
83823,7
83824,7
83825,7
83826,7
83827,7
83828,7
83829,7
83830,7
83831,7
83832,7
83833,7
83834,7
83835,7
83836,7
83837,7
83838,7
83839,7
83840,7
83841,7
83842,7
83843,7
83844,7
83845,7
83846,7
83847,7
83848,7
83849,7
83850,7
83851,7
83852,7
83853,7
83854,7
83855,7
83856,7
83857,7
83858,7
83859,7
83860,7
83861,7
83862,7
83863,7
83864,7
83865,7
83866,7
83867,7
83868,7
83869,7
83870,7
83871,7
83872,7
83873,7
83874,7
83875,7
83876,7
83877,7
83878,7
83879,7
83880,7
83881,7
83882,7
83883,7
83884,7
83885,7
83886,7
83887,7
83888,7
83889,7
83890,7
83891,7
83892,7
83893,7
83894,7
83895,7
83896,7
83897,7
83898,7
83899,7
83900,7
83901,7
83902,7
83903,7
83904,7
83905,7
83906,7
83907,7
83908,7
83909,7
83910,7
83911,7
83912,7
83913,7
83914,7
83915,7
83916,7
83917,7
83918,7
83919,7
83920,7
83921,7
83922,7
83923,7
83924,7
83925,7
83926,7
83927,7
83928,7
83929,7
83930,7
83931,7
83932,7
83933,7
83934,7
83935,7
83936,7
83937,7
83938,7
83939,7
83940,7
83941,7
83942,7
83943,7
83944,7
83945,7
83946,7
83947,7
83948,7
83949,7
83950,7
83951,7
83952,7
83953,7
83954,7
83955,7
83956,7
83957,7
83958,7
83959,7
83960,7
83961,7
83962,7
83963,7
83964,7
83965,7
83966,7
83967,7
83968,7
83969,7
83970,7
83971,7
83972,7
83973,7
83974,7
83975,7
83976,7
83977,7
83978,7
83979,7
83980,7
83981,7
83982,7
83983,7
83984,7
83985,7
83986,7
83987,7
83988,7
83989,7
83990,7
83991,7
83992,7
83993,7
83994,7
83995,7
83996,7
83997,7
83998,7
83999,7
84000,7
84001,7
84002,7
84003,7
84004,7
84005,7
84006,7
84007,7
84008,7
84009,7
84010,7
84011,7
84012,7
84013,7
84014,7
84015,7
84016,7
84017,7
84018,7
84019,7
84020,7
84021,7
84022,7
84023,7
84024,7
84025,7
84026,7
84027,7
84028,7
84029,7
84030,7
84031,7
84032,7
84033,7
84034,7
84035,7
84036,7
84037,7
84038,7
84039,7
84040,7
84041,7
84042,7
84043,7
84044,7
84045,7
84046,7
84047,7
84048,7
84049,7
84050,7
84051,7
84052,7
84053,7
84054,7
84055,7
84056,7
84057,7
84058,7
84059,7
84060,7
84061,7
84062,7
84063,7
84064,7
84065,7
84066,7
84067,7
84068,7
84069,7
84070,7
84071,7
84072,7
84073,7
84074,7
84075,7
84076,7
84077,7
84078,7
84079,7
84080,7
84081,7
84082,7
84083,7
84084,7
84085,7
84086,7
84087,7
84088,7
84089,7
84090,7
84091,7
84092,7
84093,7
84094,7
84095,7
84096,7
84097,7
84098,7
84099,7
84100,7
84101,7
84102,7
84103,7
84104,7
84105,7
84106,7
84107,7
84108,7
84109,7
84110,7
84111,7
84112,7
84113,7
84114,7
84115,7
84116,7
84117,7
84118,7
84119,7
84120,7
84121,7
84122,7
84123,7
84124,7
84125,7
84126,7
84127,7
84128,7
84129,7
84130,7
84131,7
84132,7
84133,7
84134,7
84135,7
84136,7
84137,7
84138,7
84139,7
84140,7
84141,7
84142,7
84143,7
84144,7
84145,7
84146,7
84147,7
84148,7
84149,7
84150,7
84151,7
84152,7
84153,7
84154,7
84155,7
84156,7
84157,7
84158,7
84159,7
84160,7
84161,7
84162,7
84163,7
84164,7
84165,7
84166,7
84167,7
84168,7
84169,7
84170,7
84171,7
84172,7
84173,7
84174,7
84175,7
84176,7
84177,7
84178,7
84179,7
84180,7
84181,7
84182,7
84183,7
84184,7
84185,7
84186,7
84187,7
84188,7
84189,7
84190,7
84191,7
84192,7
84193,7
84194,7
84195,7
84196,7
84197,7
84198,7
84199,7
84200,7
84201,7
84202,7
84203,7
84204,7
84205,7
84206,7
84207,7
84208,7
84209,7
84210,7
84211,7
84212,7
84213,7
84214,7
84215,7
84216,7
84217,7
84218,7
84219,7
84220,7
84221,7
84222,7
84223,7
84224,7
84225,7
84226,7
84227,7
84228,7
84229,7
84230,7
84231,7
84232,7
84233,7
84234,7
84235,7
84236,7
84237,7
84238,7
84239,7
84240,7
84241,7
84242,7
84243,7
84244,7
84245,7
84246,7
84247,7
84248,7
84249,7
84250,7
84251,7
84252,7
84253,7
84254,7
84255,7
84256,7
84257,7
84258,7
84259,7
84260,7
84261,7
84262,7
84263,7
84264,7
84265,7
84266,7
84267,7
84268,7
84269,7
84270,7
84271,7
84272,7
84273,7
84274,7
84275,7
84276,7
84277,7
84278,7
84279,7
84280,7
84281,7
84282,7
84283,7
84284,7
84285,7
84286,7
84287,7
84288,7
84289,7
84290,7
84291,7
84292,7
84293,7
84294,7
84295,7
84296,7
84297,7
84298,7
84299,7
84300,7
84301,7
84302,7
84303,7
84304,7
84305,7
84306,7
84307,7
84308,7
84309,7
84310,7
84311,7
84312,7
84313,7
84314,7
84315,7
84316,7
84317,7
84318,7
84319,7
84320,7
84321,7
84322,7
84323,7
84324,7
84325,7
84326,7
84327,7
84328,7
84329,7
84330,7
84331,7
84332,7
84333,7
84334,7
84335,7
84336,7
84337,7
84338,7
84339,7
84340,7
84341,7
84342,7
84343,7
84344,7
84345,7
84346,7
84347,7
84348,7
84349,7
84350,7
84351,7
84352,7
84353,7
84354,7
84355,7
84356,7
84357,7
84358,7
84359,7
84360,7
84361,7
84362,7
84363,7
84364,7
84365,7
84366,7
84367,7
84368,7
84369,7
84370,7
84371,7
84372,7
84373,7
84374,7
84375,7
84376,7
84377,7
84378,7
84379,7
84380,7
84381,7
84382,7
84383,7
84384,7
84385,7
84386,7
84387,7
84388,7
84389,7
84390,7
84391,7
84392,7
84393,7
84394,7
84395,7
84396,7
84397,7
84398,7
84399,7
84400,7
84401,7
84402,7
84403,7
84404,7
84405,7
84406,7
84407,7
84408,7
84409,7
84410,7
84411,7
84412,7
84413,7
84414,7
84415,7
84416,7
84417,7
84418,7
84419,7
84420,7
84421,7
84422,7
84423,7
84424,7
84425,7
84426,7
84427,7
84428,7
84429,7
84430,7
84431,7
84432,7
84433,7
84434,7
84435,7
84436,7
84437,7
84438,7
84439,7
84440,7
84441,7
84442,7
84443,7
84444,7
84445,7
84446,7
84447,7
84448,7
84449,7
84450,7
84451,7
84452,7
84453,7
84454,7
84455,7
84456,7
84457,7
84458,7
84459,7
84460,7
84461,7
84462,7
84463,7
84464,7
84465,7
84466,7
84467,7
84468,7
84469,7
84470,7
84471,7
84472,7
84473,7
84474,7
84475,7
84476,7
84477,7
84478,7
84479,7
84480,7
84481,7
84482,7
84483,7
84484,7
84485,7
84486,7
84487,7
84488,7
84489,7
84490,7
84491,7
84492,7
84493,7
84494,7
84495,7
84496,7
84497,7
84498,7
84499,7
84500,7
84501,7
84502,7
84503,7
84504,7
84505,7
84506,7
84507,7
84508,7
84509,7
84510,7
84511,7
84512,7
84513,7
84514,7
84515,7
84516,7
84517,7
84518,7
84519,7
84520,7
84521,7
84522,7
84523,7
84524,7
84525,7
84526,7
84527,7
84528,7
84529,7
84530,7
84531,7
84532,7
84533,7
84534,7
84535,7
84536,7
84537,7
84538,7
84539,7
84540,7
84541,7
84542,7
84543,7
84544,7
84545,7
84546,7
84547,7
84548,7
84549,7
84550,7
84551,7
84552,7
84553,7
84554,7
84555,7
84556,7
84557,7
84558,7
84559,7
84560,7
84561,7
84562,7
84563,7
84564,7
84565,7
84566,7
84567,7
84568,7
84569,7
84570,7
84571,7
84572,7
84573,7
84574,7
84575,7
84576,7
84577,7
84578,7
84579,7
84580,7
84581,7
84582,7
84583,7
84584,7
84585,7
84586,7
84587,7
84588,7
84589,7
84590,7
84591,7
84592,7
84593,7
84594,7
84595,7
84596,7
84597,7
84598,7
84599,7
84600,7
84601,7
84602,7
84603,7
84604,7
84605,7
84606,7
84607,7
84608,7
84609,7
84610,7
84611,7
84612,7
84613,7
84614,7
84615,7
84616,7
84617,7
84618,7
84619,7
84620,7
84621,7
84622,7
84623,7
84624,7
84625,7
84626,7
84627,7
84628,7
84629,7
84630,7
84631,7
84632,7
84633,7
84634,7
84635,7
84636,7
84637,7
84638,7
84639,7
84640,7
84641,7
84642,7
84643,7
84644,7
84645,7
84646,7
84647,7
84648,7
84649,7
84650,7
84651,7
84652,7
84653,7
84654,7
84655,7
84656,7
84657,7
84658,7
84659,7
84660,7
84661,7
84662,7
84663,7
84664,7
84665,7
84666,7
84667,7
84668,7
84669,7
84670,7
84671,7
84672,7
84673,7
84674,7
84675,7
84676,7
84677,7
84678,7
84679,7
84680,7
84681,7
84682,7
84683,7
84684,7
84685,7
84686,7
84687,7
84688,7
84689,7
84690,7
84691,7
84692,7
84693,7
84694,7
84695,7
84696,7
84697,7
84698,7
84699,7
84700,7
84701,7
84702,7
84703,7
84704,7
84705,7
84706,7
84707,7
84708,7
84709,7
84710,7
84711,7
84712,7
84713,7
84714,7
84715,7
84716,7
84717,7
84718,7
84719,7
84720,7
84721,7
84722,7
84723,7
84724,7
84725,7
84726,7
84727,7
84728,7
84729,7
84730,7
84731,7
84732,7
84733,7
84734,7
84735,7
84736,7
84737,7
84738,7
84739,7
84740,7
84741,7
84742,7
84743,7
84744,7
84745,7
84746,7
84747,7
84748,7
84749,7
84750,7
84751,7
84752,7
84753,7
84754,7
84755,7
84756,7
84757,7
84758,7
84759,7
84760,7
84761,7
84762,7
84763,7
84764,7
84765,7
84766,7
84767,7
84768,7
84769,7
84770,7
84771,7
84772,7
84773,7
84774,7
84775,7
84776,7
84777,7
84778,7
84779,7
84780,7
84781,7
84782,7
84783,7
84784,7
84785,7
84786,7
84787,7
84788,7
84789,7
84790,7
84791,7
84792,7
84793,7
84794,7
84795,7
84796,7
84797,7
84798,7
84799,7
84800,7
84801,7
84802,7
84803,7
84804,7
84805,7
84806,7
84807,7
84808,7
84809,7
84810,7
84811,7
84812,7
84813,7
84814,7
84815,7
84816,7
84817,7
84818,7
84819,7
84820,7
84821,7
84822,7
84823,7
84824,7
84825,7
84826,7
84827,7
84828,7
84829,7
84830,7
84831,7
84832,7
84833,7
84834,7
84835,7
84836,7
84837,7
84838,7
84839,7
84840,7
84841,7
84842,7
84843,7
84844,7
84845,7
84846,7
84847,7
84848,7
84849,7
84850,7
84851,7
84852,7
84853,7
84854,7
84855,7
84856,7
84857,7
84858,7
84859,7
84860,7
84861,7
84862,7
84863,7
84864,7
84865,7
84866,7
84867,7
84868,7
84869,7
84870,7
84871,7
84872,7
84873,7
84874,7
84875,7
84876,7
84877,7
84878,7
84879,7
84880,7
84881,7
84882,7
84883,7
84884,7
84885,7
84886,7
84887,7
84888,7
84889,7
84890,7
84891,7
84892,7
84893,7
84894,7
84895,7
84896,7
84897,7
84898,7
84899,7
84900,7
84901,7
84902,7
84903,7
84904,7
84905,7
84906,7
84907,7
84908,7
84909,7
84910,7
84911,7
84912,7
84913,7
84914,7
84915,7
84916,7
84917,7
84918,7
84919,7
84920,7
84921,7
84922,7
84923,7
84924,7
84925,7
84926,7
84927,7
84928,7
84929,7
84930,7
84931,7
84932,7
84933,7
84934,7
84935,7
84936,7
84937,7
84938,7
84939,7
84940,7
84941,7
84942,7
84943,7
84944,7
84945,7
84946,7
84947,7
84948,7
84949,7
84950,7
84951,7
84952,7
84953,7
84954,7
84955,7
84956,7
84957,7
84958,7
84959,7
84960,7
84961,7
84962,7
84963,7
84964,7
84965,7
84966,7
84967,7
84968,7
84969,7
84970,7
84971,7
84972,7
84973,7
84974,7
84975,7
84976,7
84977,7
84978,7
84979,7
84980,7
84981,7
84982,7
84983,7
84984,7
84985,7
84986,7
84987,7
84988,7
84989,7
84990,7
84991,7
84992,7
84993,7
84994,7
84995,7
84996,7
84997,7
84998,7
84999,7
85000,7
85001,7
85002,7
85003,7
85004,7
85005,7
85006,7
85007,7
85008,7
85009,7
85010,7
85011,7
85012,7
85013,7
85014,7
85015,7
85016,7
85017,7
85018,7
85019,7
85020,7
85021,7
85022,7
85023,7
85024,7
85025,7
85026,7
85027,7
85028,7
85029,7
85030,7
85031,7
85032,7
85033,7
85034,7
85035,7
85036,7
85037,7
85038,7
85039,7
85040,7
85041,7
85042,7
85043,7
85044,7
85045,7
85046,7
85047,7
85048,7
85049,7
85050,7
85051,7
85052,7
85053,7
85054,7
85055,7
85056,7
85057,7
85058,7
85059,7
85060,7
85061,7
85062,7
85063,7
85064,7
85065,7
85066,7
85067,7
85068,7
85069,7
85070,7
85071,7
85072,7
85073,7
85074,7
85075,7
85076,7
85077,7
85078,7
85079,7
85080,7
85081,7
85082,7
85083,7
85084,7
85085,7
85086,7
85087,7
85088,7
85089,7
85090,7
85091,7
85092,7
85093,7
85094,7
85095,7
85096,7
85097,7
85098,7
85099,7
85100,7
85101,7
85102,7
85103,7
85104,7
85105,7
85106,7
85107,7
85108,7
85109,7
85110,7
85111,7
85112,7
85113,7
85114,7
85115,7
85116,7
85117,7
85118,7
85119,7
85120,7
85121,7
85122,7
85123,7
85124,7
85125,7
85126,7
85127,7
85128,7
85129,7
85130,7
85131,7
85132,7
85133,7
85134,7
85135,7
85136,7
85137,7
85138,7
85139,7
85140,7
85141,7
85142,7
85143,7
85144,7
85145,7
85146,7
85147,7
85148,7
85149,7
85150,7
85151,7
85152,7
85153,7
85154,7
85155,7
85156,7
85157,7
85158,7
85159,7
85160,7
85161,7
85162,7
85163,7
85164,7
85165,7
85166,7
85167,7
85168,7
85169,7
85170,7
85171,7
85172,7
85173,7
85174,7
85175,7
85176,7
85177,7
85178,7
85179,7
85180,7
85181,7
85182,7
85183,7
85184,7
85185,7
85186,7
85187,7
85188,7
85189,7
85190,7
85191,7
85192,7
85193,7
85194,7
85195,7
85196,7
85197,7
85198,7
85199,7
85200,7
85201,7
85202,7
85203,7
85204,7
85205,7
85206,7
85207,7
85208,7
85209,7
85210,7
85211,7
85212,7
85213,7
85214,7
85215,7
85216,7
85217,7
85218,7
85219,7
85220,7
85221,7
85222,7
85223,7
85224,7
85225,7
85226,7
85227,7
85228,7
85229,7
85230,7
85231,7
85232,7
85233,7
85234,7
85235,7
85236,7
85237,7
85238,7
85239,7
85240,7
85241,7
85242,7
85243,7
85244,7
85245,7
85246,7
85247,7
85248,7
85249,7
85250,7
85251,7
85252,7
85253,7
85254,7
85255,7
85256,7
85257,7
85258,7
85259,7
85260,7
85261,7
85262,7
85263,7
85264,7
85265,7
85266,7
85267,7
85268,7
85269,7
85270,7
85271,7
85272,7
85273,7
85274,7
85275,7
85276,7
85277,7
85278,7
85279,7
85280,7
85281,7
85282,7
85283,7
85284,7
85285,7
85286,7
85287,7
85288,7
85289,7
85290,7
85291,7
85292,7
85293,7
85294,7
85295,7
85296,7
85297,7
85298,7
85299,7
85300,7
85301,7
85302,7
85303,7
85304,7
85305,7
85306,7
85307,7
85308,7
85309,7
85310,7
85311,7
85312,7
85313,7
85314,7
85315,7
85316,7
85317,7
85318,7
85319,7
85320,7
85321,7
85322,7
85323,7
85324,7
85325,7
85326,7
85327,7
85328,7
85329,7
85330,7
85331,7
85332,7
85333,7
85334,7
85335,7
85336,7
85337,7
85338,7
85339,7
85340,7
85341,7
85342,7
85343,7
85344,7
85345,7
85346,7
85347,7
85348,7
85349,7
85350,7
85351,7
85352,7
85353,7
85354,7
85355,7
85356,7
85357,7
85358,7
85359,7
85360,7
85361,7
85362,7
85363,7
85364,7
85365,7
85366,7
85367,7
85368,7
85369,7
85370,7
85371,7
85372,7
85373,7
85374,7
85375,7
85376,7
85377,7
85378,7
85379,7
85380,7
85381,7
85382,7
85383,7
85384,7
85385,7
85386,7
85387,7
85388,7
85389,7
85390,7
85391,7
85392,7
85393,7
85394,7
85395,7
85396,7
85397,7
85398,7
85399,7
85400,7
85401,7
85402,7
85403,7
85404,7
85405,7
85406,7
85407,7
85408,7
85409,7
85410,7
85411,7
85412,7
85413,7
85414,7
85415,7
85416,7
85417,7
85418,7
85419,7
85420,7
85421,7
85422,7
85423,7
85424,7
85425,7
85426,7
85427,7
85428,7
85429,7
85430,7
85431,7
85432,7
85433,7
85434,7
85435,7
85436,7
85437,7
85438,7
85439,7
85440,7
85441,7
85442,7
85443,7
85444,7
85445,7
85446,7
85447,7
85448,7
85449,7
85450,7
85451,7
85452,7
85453,7
85454,7
85455,7
85456,7
85457,7
85458,7
85459,7
85460,7
85461,7
85462,7
85463,7
85464,7
85465,7
85466,7
85467,7
85468,7
85469,7
85470,7
85471,7
85472,7
85473,7
85474,7
85475,7
85476,7
85477,7
85478,7
85479,7
85480,7
85481,7
85482,7
85483,7
85484,7
85485,7
85486,7
85487,7
85488,7
85489,7
85490,7
85491,7
85492,7
85493,7
85494,7
85495,7
85496,7
85497,7
85498,7
85499,7
85500,7
85501,7
85502,7
85503,7
85504,7
85505,7
85506,7
85507,7
85508,7
85509,7
85510,7
85511,7
85512,7
85513,7
85514,7
85515,7
85516,7
85517,7
85518,7
85519,7
85520,7
85521,7
85522,7
85523,7
85524,7
85525,7
85526,7
85527,7
85528,7
85529,7
85530,7
85531,7
85532,7
85533,7
85534,7
85535,7
85536,7
85537,7
85538,7
85539,7
85540,7
85541,7
85542,7
85543,7
85544,7
85545,7
85546,7
85547,7
85548,7
85549,7
85550,7
85551,7
85552,7
85553,7
85554,7
85555,7
85556,7
85557,7
85558,7
85559,7
85560,7
85561,7
85562,7
85563,7
85564,7
85565,7
85566,7
85567,7
85568,7
85569,7
85570,7
85571,7
85572,7
85573,7
85574,7
85575,7
85576,7
85577,7
85578,7
85579,7
85580,7
85581,7
85582,7
85583,7
85584,7
85585,7
85586,7
85587,7
85588,7
85589,7
85590,7
85591,7
85592,7
85593,7
85594,7
85595,7
85596,7
85597,7
85598,7
85599,7
85600,7
85601,7
85602,7
85603,7
85604,7
85605,7
85606,7
85607,7
85608,7
85609,7
85610,7
85611,7
85612,7
85613,7
85614,7
85615,7
85616,7
85617,7
85618,7
85619,7
85620,7
85621,7
85622,7
85623,7
85624,7
85625,7
85626,7
85627,7
85628,7
85629,7
85630,7
85631,7
85632,7
85633,7
85634,7
85635,7
85636,7
85637,7
85638,7
85639,7
85640,7
85641,7
85642,7
85643,7
85644,7
85645,7
85646,7
85647,7
85648,7
85649,7
85650,7
85651,7
85652,7
85653,7
85654,7
85655,7
85656,7
85657,7
85658,7
85659,7
85660,7
85661,7
85662,7
85663,7
85664,7
85665,7
85666,7
85667,7
85668,7
85669,7
85670,7
85671,7
85672,7
85673,7
85674,7
85675,7
85676,7
85677,7
85678,7
85679,7
85680,7
85681,7
85682,7
85683,7
85684,7
85685,7
85686,7
85687,7
85688,7
85689,7
85690,7
85691,7
85692,7
85693,7
85694,7
85695,7
85696,7
85697,7
85698,7
85699,7
85700,7
85701,7
85702,7
85703,7
85704,7
85705,7
85706,7
85707,7
85708,7
85709,7
85710,7
85711,7
85712,7
85713,7
85714,7
85715,7
85716,7
85717,7
85718,7
85719,7
85720,7
85721,7
85722,7
85723,7
85724,7
85725,7
85726,7
85727,7
85728,7
85729,7
85730,7
85731,7
85732,7
85733,7
85734,7
85735,7
85736,7
85737,7
85738,7
85739,7
85740,7
85741,7
85742,7
85743,7
85744,7
85745,7
85746,7
85747,7
85748,7
85749,7
85750,7
85751,7
85752,7
85753,7
85754,7
85755,7
85756,7
85757,7
85758,7
85759,7
85760,7
85761,7
85762,7
85763,7
85764,7
85765,7
85766,7
85767,7
85768,7
85769,7
85770,7
85771,7
85772,7
85773,7
85774,7
85775,7
85776,7
85777,7
85778,7
85779,7
85780,7
85781,7
85782,7
85783,7
85784,7
85785,7
85786,7
85787,7
85788,7
85789,7
85790,7
85791,7
85792,7
85793,7
85794,7
85795,7
85796,7
85797,7
85798,7
85799,7
85800,7
85801,7
85802,7
85803,7
85804,7
85805,7
85806,7
85807,7
85808,7
85809,7
85810,7
85811,7
85812,7
85813,7
85814,7
85815,7
85816,7
85817,7
85818,7
85819,7
85820,7
85821,7
85822,7
85823,7
85824,7
85825,7
85826,7
85827,7
85828,7
85829,7
85830,7
85831,7
85832,7
85833,7
85834,7
85835,7
85836,7
85837,7
85838,7
85839,7
85840,7
85841,7
85842,7
85843,7
85844,7
85845,7
85846,7
85847,7
85848,7
85849,7
85850,7
85851,7
85852,7
85853,7
85854,7
85855,7
85856,7
85857,7
85858,7
85859,7
85860,7
85861,7
85862,7
85863,7
85864,7
85865,7
85866,7
85867,7
85868,7
85869,7
85870,7
85871,7
85872,7
85873,7
85874,7
85875,7
85876,7
85877,7
85878,7
85879,7
85880,7
85881,7
85882,7
85883,7
85884,7
85885,7
85886,7
85887,7
85888,7
85889,7
85890,7
85891,7
85892,7
85893,7
85894,7
85895,7
85896,7
85897,7
85898,7
85899,7
85900,7
85901,7
85902,7
85903,7
85904,7
85905,7
85906,7
85907,7
85908,7
85909,7
85910,7
85911,7
85912,7
85913,7
85914,7
85915,7
85916,7
85917,7
85918,7
85919,7
85920,7
85921,7
85922,7
85923,7
85924,7
85925,7
85926,7
85927,7
85928,7
85929,7
85930,7
85931,7
85932,7
85933,7
85934,7
85935,7
85936,7
85937,7
85938,7
85939,7
85940,7
85941,7
85942,7
85943,7
85944,7
85945,7
85946,7
85947,7
85948,7
85949,7
85950,7
85951,7
85952,7
85953,7
85954,7
85955,7
85956,7
85957,7
85958,7
85959,7
85960,7
85961,7
85962,7
85963,7
85964,7
85965,7
85966,7
85967,7
85968,7
85969,7
85970,7
85971,7
85972,7
85973,7
85974,7
85975,7
85976,7
85977,7
85978,7
85979,7
85980,7
85981,7
85982,7
85983,7
85984,7
85985,7
85986,7
85987,7
85988,7
85989,7
85990,7
85991,7
85992,7
85993,7
85994,7
85995,7
85996,7
85997,7
85998,7
85999,7
86000,7
86001,7
86002,7
86003,7
86004,7
86005,7
86006,7
86007,7
86008,7
86009,7
86010,7
86011,7
86012,7
86013,7
86014,7
86015,7
86016,7
86017,7
86018,7
86019,7
86020,7
86021,7
86022,7
86023,7
86024,7
86025,7
86026,7
86027,7
86028,7
86029,7
86030,7
86031,7
86032,7
86033,7
86034,7
86035,7
86036,7
86037,7
86038,7
86039,7
86040,7
86041,7
86042,7
86043,7
86044,7
86045,7
86046,7
86047,7
86048,7
86049,7
86050,7
86051,7
86052,7
86053,7
86054,7
86055,7
86056,7
86057,7
86058,7
86059,7
86060,7
86061,7
86062,7
86063,7
86064,7
86065,7
86066,7
86067,7
86068,7
86069,7
86070,7
86071,7
86072,7
86073,7
86074,7
86075,7
86076,7
86077,7
86078,7
86079,7
86080,7
86081,7
86082,7
86083,7
86084,7
86085,7
86086,7
86087,7
86088,7
86089,7
86090,7
86091,7
86092,7
86093,7
86094,7
86095,7
86096,7
86097,7
86098,7
86099,7
86100,7
86101,7
86102,7
86103,7
86104,7
86105,7
86106,7
86107,7
86108,7
86109,7
86110,7
86111,7
86112,7
86113,7
86114,7
86115,7
86116,7
86117,7
86118,7
86119,7
86120,7
86121,7
86122,7
86123,7
86124,7
86125,7
86126,7
86127,7
86128,7
86129,7
86130,7
86131,7
86132,7
86133,7
86134,7
86135,7
86136,7
86137,7
86138,7
86139,7
86140,7
86141,7
86142,7
86143,7
86144,7
86145,7
86146,7
86147,7
86148,7
86149,7
86150,7
86151,7
86152,7
86153,7
86154,7
86155,7
86156,7
86157,7
86158,7
86159,7
86160,7
86161,7
86162,7
86163,7
86164,7
86165,7
86166,7
86167,7
86168,7
86169,7
86170,7
86171,7
86172,7
86173,7
86174,7
86175,7
86176,7
86177,7
86178,7
86179,7
86180,7
86181,7
86182,7
86183,7
86184,8
86185,8
86186,8
86187,8
86188,8
86189,8
86190,8
86191,8
86192,8
86193,8
86194,8
86195,8
86196,8
86197,8
86198,8
86199,8
86200,8
86201,8
86202,8
86203,8
86204,8
86205,8
86206,8
86207,8
86208,8
86209,8
86210,8
86211,8
86212,8
86213,8
86214,8
86215,8
86216,8
86217,8
86218,8
86219,8
86220,8
86221,8
86222,8
86223,8
86224,8
86225,8
86226,8
86227,8
86228,8
86229,8
86230,8
86231,8
86232,8
86233,8
86234,8
86235,8
86236,8
86237,8
86238,8
86239,8
86240,8
86241,8
86242,8
86243,8
86244,8
86245,8
86246,8
86247,8
86248,8
86249,8
86250,8
86251,8
86252,8
86253,8
86254,8
86255,8
86256,8
86257,8
86258,8
86259,8
86260,8
86261,8
86262,8
86263,8
86264,8
86265,8
86266,8
86267,8
86268,8
86269,8
86270,8
86271,8
86272,8
86273,8
86274,8
86275,8
86276,8
86277,8
86278,8
86279,8
86280,8
86281,8
86282,8
86283,8
86284,8
86285,8
86286,8
86287,8
86288,8
86289,8
86290,8
86291,8
86292,8
86293,8
86294,8
86295,8
86296,8
86297,8
86298,8
86299,8
86300,8
86301,8
86302,8
86303,8
86304,8
86305,8
86306,8
86307,8
86308,8
86309,8
86310,8
86311,8
86312,8
86313,8
86314,8
86315,8
86316,8
86317,8
86318,8
86319,8
86320,8
86321,8
86322,8
86323,8
86324,8
86325,8
86326,8
86327,8
86328,8
86329,8
86330,8
86331,8
86332,8
86333,8
86334,8
86335,8
86336,8
86337,8
86338,8
86339,8
86340,8
86341,8
86342,8
86343,8
86344,8
86345,8
86346,8
86347,8
86348,8
86349,8
86350,8
86351,8
86352,8
86353,8
86354,8
86355,8
86356,8
86357,8
86358,8
86359,8
86360,8
86361,8
86362,8
86363,8
86364,8
86365,8
86366,8
86367,8
86368,8
86369,8
86370,8
86371,8
86372,8
86373,8
86374,8
86375,8
86376,8
86377,8
86378,8
86379,8
86380,8
86381,8
86382,8
86383,8
86384,8
86385,8
86386,8
86387,8
86388,8
86389,8
86390,8
86391,8
86392,8
86393,8
86394,8
86395,8
86396,8
86397,8
86398,8
86399,8
86400,8
86401,8
86402,8
86403,8
86404,8
86405,8
86406,8
86407,8
86408,8
86409,8
86410,8
86411,8
86412,8
86413,8
86414,8
86415,8
86416,8
86417,8
86418,8
86419,8
86420,8
86421,8
86422,8
86423,8
86424,8
86425,8
86426,8
86427,8
86428,8
86429,8
86430,8
86431,8
86432,8
86433,8
86434,8
86435,8
86436,8
86437,8
86438,8
86439,8
86440,8
86441,8
86442,8
86443,8
86444,8
86445,8
86446,8
86447,8
86448,8
86449,8
86450,8
86451,8
86452,8
86453,8
86454,8
86455,8
86456,8
86457,8
86458,8
86459,8
86460,8
86461,8
86462,8
86463,8
86464,8
86465,8
86466,8
86467,8
86468,8
86469,8
86470,8
86471,8
86472,8
86473,8
86474,8
86475,8
86476,8
86477,8
86478,8
86479,8
86480,8
86481,8
86482,8
86483,8
86484,8
86485,8
86486,8
86487,8
86488,8
86489,8
86490,8
86491,8
86492,8
86493,8
86494,8
86495,8
86496,8
86497,8
86498,8
86499,8
86500,8
86501,8
86502,8
86503,8
86504,8
86505,8
86506,8
86507,8
86508,8
86509,8
86510,8
86511,8
86512,8
86513,8
86514,8
86515,8
86516,8
86517,8
86518,8
86519,8
86520,8
86521,8
86522,8
86523,8
86524,8
86525,8
86526,8
86527,8
86528,8
86529,8
86530,8
86531,8
86532,8
86533,8
86534,8
86535,8
86536,8
86537,8
86538,8
86539,8
86540,8
86541,8
86542,8
86543,8
86544,8
86545,8
86546,8
86547,8
86548,8
86549,8
86550,8
86551,8
86552,8
86553,8
86554,8
86555,8
86556,8
86557,8
86558,8
86559,8
86560,8
86561,8
86562,8
86563,8
86564,8
86565,8
86566,8
86567,8
86568,8
86569,8
86570,8
86571,8
86572,8
86573,8
86574,8
86575,8
86576,8
86577,8
86578,8
86579,8
86580,8
86581,8
86582,8
86583,8
86584,8
86585,8
86586,8
86587,8
86588,8
86589,8
86590,8
86591,8
86592,8
86593,8
86594,8
86595,8
86596,8
86597,8
86598,8
86599,8
86600,8
86601,8
86602,8
86603,8
86604,8
86605,8
86606,8
86607,8
86608,8
86609,8
86610,8
86611,8
86612,8
86613,8
86614,8
86615,8
86616,8
86617,8
86618,8
86619,8
86620,8
86621,8
86622,8
86623,8
86624,8
86625,8
86626,8
86627,8
86628,8
86629,8
86630,8
86631,8
86632,8
86633,8
86634,8
86635,8
86636,8
86637,8
86638,8
86639,8
86640,8
86641,8
86642,8
86643,8
86644,8
86645,8
86646,8
86647,8
86648,8
86649,8
86650,8
86651,8
86652,8
86653,8
86654,8
86655,8
86656,8
86657,8
86658,8
86659,8
86660,8
86661,8
86662,8
86663,8
86664,8
86665,8
86666,8
86667,8
86668,8
86669,8
86670,8
86671,8
86672,8
86673,8
86674,8
86675,8
86676,8
86677,8
86678,8
86679,8
86680,8
86681,8
86682,8
86683,8
86684,8
86685,8
86686,8
86687,8
86688,8
86689,8
86690,8
86691,8
86692,8
86693,8
86694,8
86695,8
86696,8
86697,8
86698,8
86699,8
86700,8
86701,8
86702,8
86703,8
86704,8
86705,8
86706,8
86707,8
86708,8
86709,8
86710,8
86711,8
86712,8
86713,8
86714,8
86715,8
86716,8
86717,8
86718,8
86719,8
86720,8
86721,8
86722,8
86723,8
86724,8
86725,8
86726,8
86727,8
86728,8
86729,8
86730,8
86731,8
86732,8
86733,8
86734,8
86735,8
86736,8
86737,8
86738,8
86739,8
86740,8
86741,8
86742,8
86743,8
86744,8
86745,8
86746,8
86747,8
86748,8
86749,8
86750,8
86751,8
86752,8
86753,8
86754,8
86755,8
86756,8
86757,8
86758,8
86759,8
86760,8
86761,8
86762,8
86763,8
86764,8
86765,8
86766,8
86767,8
86768,8
86769,8
86770,8
86771,8
86772,8
86773,8
86774,8
86775,8
86776,8
86777,8
86778,8
86779,8
86780,8
86781,8
86782,8
86783,8
86784,8
86785,8
86786,8
86787,8
86788,8
86789,8
86790,8
86791,8
86792,8
86793,8
86794,8
86795,8
86796,8
86797,8
86798,8
86799,8
86800,8
86801,8
86802,8
86803,8
86804,8
86805,8
86806,8
86807,8
86808,8
86809,8
86810,8
86811,8
86812,8
86813,8
86814,8
86815,8
86816,8
86817,8
86818,8
86819,8
86820,8
86821,8
86822,8
86823,8
86824,8
86825,8
86826,8
86827,8
86828,8
86829,8
86830,8
86831,8
86832,8
86833,8
86834,8
86835,8
86836,8
86837,8
86838,8
86839,8
86840,8
86841,8
86842,8
86843,8
86844,8
86845,8
86846,8
86847,8
86848,8
86849,8
86850,8
86851,8
86852,8
86853,8
86854,8
86855,8
86856,8
86857,8
86858,8
86859,8
86860,8
86861,8
86862,8
86863,8
86864,8
86865,8
86866,8
86867,8
86868,8
86869,8
86870,8
86871,8
86872,8
86873,8
86874,8
86875,8
86876,8
86877,8
86878,8
86879,8
86880,8
86881,8
86882,8
86883,8
86884,8
86885,8
86886,8
86887,8
86888,8
86889,8
86890,8
86891,8
86892,8
86893,8
86894,8
86895,8
86896,8
86897,8
86898,8
86899,8
86900,8
86901,8
86902,8
86903,8
86904,8
86905,8
86906,8
86907,8
86908,8
86909,8
86910,8
86911,8
86912,8
86913,8
86914,8
86915,8
86916,8
86917,8
86918,8
86919,8
86920,8
86921,8
86922,8
86923,8
86924,8
86925,8
86926,8
86927,8
86928,8
86929,8
86930,8
86931,8
86932,8
86933,8
86934,8
86935,8
86936,8
86937,8
86938,8
86939,8
86940,8
86941,8
86942,8
86943,8
86944,8
86945,8
86946,8
86947,8
86948,8
86949,8
86950,8
86951,8
86952,8
86953,8
86954,8
86955,8
86956,8
86957,8
86958,8
86959,8
86960,8
86961,8
86962,8
86963,8
86964,8
86965,8
86966,8
86967,8
86968,8
86969,8
86970,8
86971,8
86972,8
86973,8
86974,8
86975,8
86976,8
86977,8
86978,8
86979,8
86980,8
86981,8
86982,8
86983,8
86984,8
86985,8
86986,8
86987,8
86988,8
86989,8
86990,8
86991,8
86992,8
86993,8
86994,8
86995,8
86996,8
86997,8
86998,8
86999,8
87000,8
87001,8
87002,8
87003,8
87004,8
87005,8
87006,8
87007,8
87008,8
87009,8
87010,8
87011,8
87012,8
87013,8
87014,8
87015,8
87016,8
87017,8
87018,8
87019,8
87020,8
87021,8
87022,8
87023,8
87024,8
87025,8
87026,8
87027,8
87028,8
87029,8
87030,8
87031,8
87032,8
87033,8
87034,8
87035,8
87036,8
87037,8
87038,8
87039,8
87040,8
87041,8
87042,8
87043,8
87044,8
87045,8
87046,8
87047,8
87048,8
87049,8
87050,8
87051,8
87052,8
87053,8
87054,8
87055,8
87056,8
87057,8
87058,8
87059,8
87060,8
87061,8
87062,8
87063,8
87064,8
87065,8
87066,8
87067,8
87068,8
87069,8
87070,8
87071,8
87072,8
87073,8
87074,8
87075,8
87076,8
87077,8
87078,8
87079,8
87080,8
87081,8
87082,8
87083,8
87084,8
87085,8
87086,8
87087,8
87088,8
87089,8
87090,8
87091,8
87092,8
87093,8
87094,8
87095,8
87096,8
87097,8
87098,8
87099,8
87100,8
87101,8
87102,8
87103,8
87104,8
87105,8
87106,8
87107,8
87108,8
87109,8
87110,8
87111,8
87112,8
87113,8
87114,8
87115,8
87116,8
87117,8
87118,8
87119,8
87120,8
87121,8
87122,8
87123,8
87124,8
87125,8
87126,8
87127,8
87128,8
87129,8
87130,8
87131,8
87132,8
87133,8
87134,8
87135,8
87136,8
87137,8
87138,8
87139,8
87140,8
87141,8
87142,8
87143,8
87144,8
87145,8
87146,8
87147,8
87148,8
87149,8
87150,8
87151,8
87152,8
87153,8
87154,8
87155,8
87156,8
87157,8
87158,8
87159,8
87160,8
87161,8
87162,8
87163,8
87164,8
87165,8
87166,8
87167,8
87168,8
87169,8
87170,8
87171,8
87172,8
87173,8
87174,8
87175,8
87176,8
87177,8
87178,8
87179,8
87180,8
87181,8
87182,8
87183,8
87184,8
87185,8
87186,8
87187,8
87188,8
87189,8
87190,8
87191,8
87192,8
87193,8
87194,8
87195,8
87196,8
87197,8
87198,8
87199,8
87200,8
87201,8
87202,8
87203,8
87204,8
87205,8
87206,8
87207,8
87208,8
87209,8
87210,8
87211,8
87212,8
87213,8
87214,8
87215,8
87216,8
87217,8
87218,8
87219,8
87220,8
87221,8
87222,8
87223,8
87224,8
87225,8
87226,8
87227,8
87228,8
87229,8
87230,8
87231,8
87232,8
87233,8
87234,8
87235,8
87236,8
87237,8
87238,8
87239,8
87240,8
87241,8
87242,8
87243,8
87244,8
87245,8
87246,8
87247,8
87248,8
87249,8
87250,8
87251,8
87252,8
87253,8
87254,8
87255,8
87256,8
87257,8
87258,8
87259,8
87260,8
87261,8
87262,8
87263,8
87264,8
87265,8
87266,8
87267,8
87268,8
87269,8
87270,8
87271,8
87272,8
87273,8
87274,8
87275,8
87276,8
87277,8
87278,8
87279,8
87280,8
87281,8
87282,8
87283,8
87284,8
87285,8
87286,8
87287,8
87288,8
87289,8
87290,8
87291,8
87292,8
87293,8
87294,8
87295,8
87296,8
87297,8
87298,8
87299,8
87300,8
87301,8
87302,8
87303,8
87304,8
87305,8
87306,8
87307,8
87308,8
87309,8
87310,8
87311,8
87312,8
87313,8
87314,8
87315,8
87316,8
87317,8
87318,8
87319,8
87320,8
87321,8
87322,8
87323,8
87324,8
87325,8
87326,8
87327,8
87328,8
87329,8
87330,8
87331,8
87332,8
87333,8
87334,8
87335,8
87336,8
87337,8
87338,8
87339,8
87340,8
87341,8
87342,8
87343,8
87344,8
87345,8
87346,8
87347,8
87348,8
87349,8
87350,8
87351,8
87352,8
87353,8
87354,8
87355,8
87356,8
87357,8
87358,8
87359,8
87360,8
87361,8
87362,8
87363,8
87364,8
87365,8
87366,8
87367,8
87368,8
87369,8
87370,8
87371,8
87372,8
87373,8
87374,8
87375,8
87376,8
87377,8
87378,8
87379,8
87380,8
87381,8
87382,8
87383,8
87384,8
87385,8
87386,8
87387,8
87388,8
87389,8
87390,8
87391,8
87392,8
87393,8
87394,8
87395,8
87396,8
87397,8
87398,8
87399,8
87400,8
87401,8
87402,8
87403,8
87404,8
87405,8
87406,8
87407,8
87408,8
87409,8
87410,8
87411,8
87412,8
87413,8
87414,8
87415,8
87416,8
87417,8
87418,8
87419,8
87420,8
87421,8
87422,8
87423,8
87424,8
87425,8
87426,8
87427,8
87428,8
87429,8
87430,8
87431,8
87432,8
87433,8
87434,8
87435,8
87436,8
87437,8
87438,8
87439,8
87440,8
87441,8
87442,8
87443,8
87444,8
87445,8
87446,8
87447,8
87448,8
87449,8
87450,8
87451,8
87452,8
87453,8
87454,8
87455,8
87456,8
87457,8
87458,8
87459,8
87460,8
87461,8
87462,8
87463,8
87464,8
87465,8
87466,8
87467,8
87468,8
87469,8
87470,8
87471,8
87472,8
87473,8
87474,8
87475,8
87476,8
87477,8
87478,8
87479,8
87480,8
87481,8
87482,8
87483,8
87484,8
87485,8
87486,8
87487,8
87488,8
87489,8
87490,8
87491,8
87492,8
87493,8
87494,8
87495,8
87496,8
87497,8
87498,8
87499,8
87500,8
87501,8
87502,8
87503,8
87504,8
87505,8
87506,8
87507,8
87508,8
87509,8
87510,8
87511,8
87512,8
87513,8
87514,8
87515,8
87516,8
87517,8
87518,8
87519,8
87520,8
87521,8
87522,8
87523,8
87524,8
87525,8
87526,8
87527,8
87528,8
87529,8
87530,8
87531,8
87532,8
87533,8
87534,8
87535,8
87536,8
87537,8
87538,8
87539,8
87540,8
87541,8
87542,8
87543,8
87544,8
87545,8
87546,8
87547,8
87548,8
87549,8
87550,8
87551,8
87552,8
87553,8
87554,8
87555,8
87556,8
87557,8
87558,8
87559,8
87560,8
87561,8
87562,8
87563,8
87564,8
87565,8
87566,8
87567,8
87568,8
87569,8
87570,8
87571,8
87572,8
87573,8
87574,8
87575,8
87576,8
87577,8
87578,8
87579,8
87580,8
87581,8
87582,8
87583,8
87584,8
87585,8
87586,8
87587,8
87588,8
87589,8
87590,8
87591,8
87592,8
87593,8
87594,8
87595,8
87596,8
87597,8
87598,8
87599,8
87600,8
87601,8
87602,8
87603,8
87604,8
87605,8
87606,8
87607,8
87608,8
87609,8
87610,8
87611,8
87612,8
87613,8
87614,8
87615,8
87616,8
87617,8
87618,8
87619,8
87620,8
87621,8
87622,8
87623,8
87624,8
87625,8
87626,8
87627,8
87628,8
87629,8
87630,8
87631,8
87632,8
87633,8
87634,8
87635,8
87636,8
87637,8
87638,8
87639,8
87640,8
87641,8
87642,8
87643,8
87644,8
87645,8
87646,8
87647,8
87648,8
87649,8
87650,8
87651,8
87652,8
87653,8
87654,8
87655,8
87656,8
87657,8
87658,8
87659,8
87660,8
87661,8
87662,8
87663,8
87664,8
87665,8
87666,8
87667,8
87668,8
87669,8
87670,8
87671,8
87672,8
87673,8
87674,8
87675,8
87676,8
87677,8
87678,8
87679,8
87680,8
87681,8
87682,8
87683,8
87684,8
87685,8
87686,8
87687,8
87688,8
87689,8
87690,8
87691,8
87692,8
87693,8
87694,8
87695,8
87696,8
87697,8
87698,8
87699,8
87700,8
87701,8
87702,8
87703,8
87704,8
87705,8
87706,8
87707,8
87708,8
87709,8
87710,8
87711,8
87712,8
87713,8
87714,8
87715,8
87716,8
87717,8
87718,8
87719,8
87720,8
87721,8
87722,8
87723,8
87724,8
87725,8
87726,8
87727,8
87728,8
87729,8
87730,8
87731,8
87732,8
87733,8
87734,8
87735,8
87736,8
87737,8
87738,8
87739,8
87740,8
87741,8
87742,8
87743,8
87744,8
87745,8
87746,8
87747,8
87748,8
87749,8
87750,8
87751,8
87752,8
87753,8
87754,8
87755,8
87756,8
87757,8
87758,8
87759,8
87760,8
87761,8
87762,8
87763,8
87764,8
87765,8
87766,8
87767,8
87768,8
87769,8
87770,8
87771,8
87772,8
87773,8
87774,8
87775,8
87776,8
87777,8
87778,8
87779,8
87780,8
87781,8
87782,8
87783,8
87784,8
87785,8
87786,8
87787,8
87788,8
87789,8
87790,8
87791,8
87792,8
87793,8
87794,8
87795,8
87796,8
87797,8
87798,8
87799,8
87800,8
87801,8
87802,8
87803,8
87804,8
87805,8
87806,8
87807,8
87808,8
87809,8
87810,8
87811,8
87812,8
87813,8
87814,8
87815,8
87816,8
87817,8
87818,8
87819,8
87820,8
87821,8
87822,8
87823,8
87824,8
87825,8
87826,8
87827,8
87828,8
87829,8
87830,8
87831,8
87832,8
87833,8
87834,8
87835,8
87836,8
87837,8
87838,8
87839,8
87840,8
87841,8
87842,8
87843,8
87844,8
87845,8
87846,8
87847,8
87848,8
87849,8
87850,8
87851,8
87852,8
87853,8
87854,8
87855,8
87856,8
87857,8
87858,8
87859,8
87860,8
87861,8
87862,8
87863,8
87864,8
87865,8
87866,8
87867,8
87868,8
87869,8
87870,8
87871,8
87872,8
87873,8
87874,8
87875,8
87876,8
87877,8
87878,8
87879,8
87880,8
87881,8
87882,8
87883,8
87884,8
87885,8
87886,8
87887,8
87888,8
87889,8
87890,8
87891,8
87892,8
87893,8
87894,8
87895,8
87896,8
87897,8
87898,8
87899,8
87900,8
87901,8
87902,8
87903,8
87904,8
87905,8
87906,8
87907,8
87908,8
87909,8
87910,8
87911,8
87912,8
87913,8
87914,8
87915,8
87916,8
87917,8
87918,8
87919,8
87920,8
87921,8
87922,8
87923,8
87924,8
87925,8
87926,8
87927,8
87928,8
87929,8
87930,8
87931,8
87932,8
87933,8
87934,8
87935,8
87936,8
87937,8
87938,8
87939,8
87940,8
87941,8
87942,8
87943,8
87944,8
87945,8
87946,8
87947,8
87948,8
87949,8
87950,8
87951,8
87952,8
87953,8
87954,8
87955,8
87956,8
87957,8
87958,8
87959,8
87960,8
87961,8
87962,8
87963,8
87964,8
87965,8
87966,8
87967,8
87968,8
87969,8
87970,8
87971,8
87972,8
87973,8
87974,8
87975,8
87976,8
87977,8
87978,8
87979,8
87980,8
87981,8
87982,8
87983,8
87984,8
87985,8
87986,8
87987,8
87988,8
87989,8
87990,8
87991,8
87992,8
87993,8
87994,8
87995,8
87996,8
87997,8
87998,8
87999,8
88000,8
88001,8
88002,8
88003,8
88004,8
88005,8
88006,8
88007,8
88008,8
88009,8
88010,8
88011,8
88012,8
88013,8
88014,8
88015,8
88016,8
88017,8
88018,8
88019,8
88020,8
88021,8
88022,8
88023,8
88024,8
88025,8
88026,8
88027,8
88028,8
88029,8
88030,8
88031,8
88032,8
88033,8
88034,8
88035,8
88036,8
88037,8
88038,8
88039,8
88040,8
88041,8
88042,8
88043,8
88044,8
88045,8
88046,8
88047,8
88048,8
88049,8
88050,8
88051,8
88052,8
88053,8
88054,8
88055,8
88056,8
88057,8
88058,8
88059,8
88060,8
88061,8
88062,8
88063,8
88064,8
88065,8
88066,8
88067,8
88068,8
88069,8
88070,8
88071,8
88072,8
88073,8
88074,8
88075,8
88076,8
88077,8
88078,8
88079,8
88080,8
88081,8
88082,8
88083,8
88084,8
88085,8
88086,8
88087,8
88088,8
88089,8
88090,8
88091,8
88092,8
88093,8
88094,8
88095,8
88096,8
88097,8
88098,8
88099,8
88100,8
88101,8
88102,8
88103,8
88104,8
88105,8
88106,8
88107,8
88108,8
88109,8
88110,8
88111,8
88112,8
88113,8
88114,8
88115,8
88116,8
88117,8
88118,8
88119,8
88120,8
88121,8
88122,8
88123,8
88124,8
88125,8
88126,8
88127,8
88128,8
88129,8
88130,8
88131,8
88132,8
88133,8
88134,8
88135,8
88136,8
88137,8
88138,8
88139,8
88140,8
88141,8
88142,8
88143,8
88144,8
88145,8
88146,8
88147,8
88148,8
88149,8
88150,8
88151,8
88152,8
88153,8
88154,8
88155,8
88156,8
88157,8
88158,8
88159,8
88160,8
88161,8
88162,8
88163,8
88164,8
88165,8
88166,8
88167,8
88168,8
88169,8
88170,8
88171,8
88172,8
88173,8
88174,8
88175,8
88176,8
88177,8
88178,8
88179,8
88180,8
88181,8
88182,8
88183,8
88184,8
88185,8
88186,8
88187,8
88188,8
88189,8
88190,8
88191,8
88192,8
88193,8
88194,8
88195,8
88196,8
88197,8
88198,8
88199,8
88200,8
88201,8
88202,8
88203,8
88204,8
88205,8
88206,8
88207,8
88208,8
88209,8
88210,8
88211,8
88212,8
88213,8
88214,8
88215,8
88216,8
88217,8
88218,8
88219,8
88220,8
88221,8
88222,8
88223,8
88224,8
88225,8
88226,8
88227,8
88228,8
88229,8
88230,8
88231,8
88232,8
88233,8
88234,8
88235,8
88236,8
88237,8
88238,8
88239,8
88240,8
88241,8
88242,8
88243,8
88244,8
88245,8
88246,8
88247,8
88248,8
88249,8
88250,8
88251,8
88252,8
88253,8
88254,8
88255,8
88256,8
88257,8
88258,8
88259,8
88260,8
88261,8
88262,8
88263,8
88264,8
88265,8
88266,8
88267,8
88268,8
88269,8
88270,8
88271,8
88272,8
88273,8
88274,8
88275,8
88276,8
88277,8
88278,8
88279,8
88280,8
88281,8
88282,8
88283,8
88284,8
88285,8
88286,8
88287,8
88288,8
88289,8
88290,8
88291,8
88292,8
88293,8
88294,8
88295,8
88296,8
88297,8
88298,8
88299,8
88300,8
88301,8
88302,8
88303,8
88304,8
88305,8
88306,8
88307,8
88308,8
88309,8
88310,8
88311,8
88312,8
88313,8
88314,8
88315,8
88316,8
88317,8
88318,8
88319,8
88320,8
88321,8
88322,8
88323,8
88324,8
88325,8
88326,8
88327,8
88328,8
88329,8
88330,8
88331,8
88332,8
88333,8
88334,8
88335,8
88336,8
88337,8
88338,8
88339,8
88340,8
88341,8
88342,8
88343,8
88344,8
88345,8
88346,8
88347,8
88348,8
88349,8
88350,8
88351,8
88352,8
88353,8
88354,8
88355,8
88356,8
88357,8
88358,8
88359,8
88360,8
88361,8
88362,8
88363,8
88364,8
88365,8
88366,8
88367,8
88368,8
88369,8
88370,8
88371,8
88372,8
88373,8
88374,8
88375,8
88376,8
88377,8
88378,8
88379,8
88380,8
88381,8
88382,8
88383,8
88384,8
88385,8
88386,8
88387,8
88388,8
88389,8
88390,8
88391,8
88392,8
88393,8
88394,8
88395,8
88396,8
88397,8
88398,8
88399,8
88400,8
88401,8
88402,8
88403,8
88404,8
88405,8
88406,8
88407,8
88408,8
88409,8
88410,8
88411,8
88412,8
88413,8
88414,8
88415,8
88416,8
88417,8
88418,8
88419,8
88420,8
88421,8
88422,8
88423,8
88424,8
88425,8
88426,8
88427,8
88428,8
88429,8
88430,8
88431,8
88432,8
88433,8
88434,8
88435,8
88436,8
88437,8
88438,8
88439,8
88440,8
88441,8
88442,8
88443,8
88444,8
88445,8
88446,8
88447,8
88448,8
88449,8
88450,8
88451,8
88452,8
88453,8
88454,8
88455,8
88456,8
88457,8
88458,8
88459,8
88460,8
88461,8
88462,8
88463,8
88464,8
88465,8
88466,8
88467,8
88468,8
88469,8
88470,8
88471,8
88472,8
88473,8
88474,8
88475,8
88476,8
88477,8
88478,8
88479,8
88480,8
88481,8
88482,8
88483,8
88484,8
88485,8
88486,8
88487,8
88488,8
88489,8
88490,8
88491,8
88492,8
88493,8
88494,8
88495,8
88496,8
88497,8
88498,8
88499,8
88500,8
88501,8
88502,8
88503,8
88504,8
88505,8
88506,8
88507,8
88508,8
88509,8
88510,8
88511,8
88512,8
88513,8
88514,8
88515,8
88516,8
88517,8
88518,8
88519,8
88520,8
88521,8
88522,8
88523,8
88524,8
88525,8
88526,8
88527,8
88528,8
88529,8
88530,8
88531,8
88532,8
88533,8
88534,8
88535,8
88536,8
88537,8
88538,8
88539,8
88540,8
88541,8
88542,8
88543,8
88544,8
88545,8
88546,8
88547,8
88548,8
88549,8
88550,8
88551,8
88552,8
88553,8
88554,8
88555,8
88556,8
88557,8
88558,8
88559,8
88560,8
88561,8
88562,8
88563,8
88564,8
88565,8
88566,8
88567,8
88568,8
88569,8
88570,8
88571,8
88572,8
88573,8
88574,8
88575,8
88576,8
88577,8
88578,8
88579,8
88580,8
88581,8
88582,8
88583,8
88584,8
88585,8
88586,8
88587,8
88588,8
88589,8
88590,8
88591,8
88592,8
88593,8
88594,8
88595,8
88596,8
88597,8
88598,8
88599,8
88600,8
88601,8
88602,8
88603,8
88604,8
88605,8
88606,8
88607,8
88608,8
88609,8
88610,8
88611,8
88612,8
88613,8
88614,8
88615,8
88616,8
88617,8
88618,8
88619,8
88620,8
88621,8
88622,8
88623,8
88624,8
88625,8
88626,8
88627,8
88628,8
88629,8
88630,8
88631,8
88632,8
88633,8
88634,8
88635,8
88636,8
88637,8
88638,8
88639,8
88640,8
88641,8
88642,8
88643,8
88644,8
88645,8
88646,8
88647,8
88648,8
88649,8
88650,8
88651,8
88652,8
88653,8
88654,8
88655,8
88656,8
88657,8
88658,8
88659,8
88660,8
88661,8
88662,8
88663,8
88664,8
88665,8
88666,8
88667,8
88668,8
88669,8
88670,8
88671,8
88672,8
88673,8
88674,8
88675,8
88676,8
88677,8
88678,8
88679,8
88680,8
88681,8
88682,8
88683,8
88684,8
88685,8
88686,8
88687,8
88688,8
88689,8
88690,8
88691,8
88692,8
88693,8
88694,8
88695,8
88696,8
88697,8
88698,8
88699,8
88700,8
88701,8
88702,8
88703,8
88704,8
88705,8
88706,8
88707,8
88708,8
88709,8
88710,8
88711,8
88712,8
88713,8
88714,8
88715,8
88716,8
88717,8
88718,8
88719,8
88720,8
88721,8
88722,8
88723,8
88724,8
88725,8
88726,8
88727,8
88728,8
88729,8
88730,8
88731,8
88732,8
88733,8
88734,8
88735,8
88736,8
88737,8
88738,8
88739,8
88740,8
88741,8
88742,8
88743,8
88744,8
88745,8
88746,8
88747,8
88748,8
88749,8
88750,8
88751,8
88752,8
88753,8
88754,8
88755,8
88756,8
88757,8
88758,8
88759,8
88760,8
88761,8
88762,8
88763,8
88764,8
88765,8
88766,8
88767,8
88768,8
88769,8
88770,8
88771,8
88772,8
88773,8
88774,8
88775,8
88776,8
88777,8
88778,8
88779,8
88780,8
88781,8
88782,8
88783,8
88784,8
88785,8
88786,8
88787,8
88788,8
88789,8
88790,8
88791,8
88792,8
88793,8
88794,8
88795,8
88796,8
88797,8
88798,8
88799,8
88800,8
88801,8
88802,8
88803,8
88804,8
88805,8
88806,8
88807,8
88808,8
88809,8
88810,8
88811,8
88812,8
88813,8
88814,8
88815,8
88816,8
88817,8
88818,8
88819,8
88820,8
88821,8
88822,8
88823,8
88824,8
88825,8
88826,8
88827,8
88828,8
88829,8
88830,8
88831,8
88832,8
88833,8
88834,8
88835,8
88836,8
88837,8
88838,8
88839,8
88840,8
88841,8
88842,8
88843,8
88844,8
88845,8
88846,8
88847,8
88848,8
88849,8
88850,8
88851,8
88852,8
88853,8
88854,8
88855,8
88856,8
88857,8
88858,8
88859,8
88860,8
88861,8
88862,8
88863,8
88864,8
88865,8
88866,8
88867,8
88868,8
88869,8
88870,8
88871,8
88872,8
88873,8
88874,8
88875,8
88876,8
88877,8
88878,8
88879,8
88880,8
88881,8
88882,8
88883,8
88884,8
88885,8
88886,8
88887,8
88888,8
88889,8
88890,8
88891,8
88892,8
88893,8
88894,8
88895,8
88896,8
88897,8
88898,8
88899,8
88900,8
88901,8
88902,8
88903,8
88904,8
88905,8
88906,8
88907,8
88908,8
88909,8
88910,8
88911,8
88912,8
88913,8
88914,8
88915,8
88916,8
88917,8
88918,8
88919,8
88920,8
88921,8
88922,8
88923,8
88924,8
88925,8
88926,8
88927,8
88928,8
88929,8
88930,8
88931,8
88932,8
88933,8
88934,8
88935,8
88936,8
88937,8
88938,8
88939,8
88940,8
88941,8
88942,8
88943,8
88944,8
88945,8
88946,8
88947,8
88948,8
88949,8
88950,8
88951,8
88952,8
88953,8
88954,8
88955,8
88956,8
88957,8
88958,8
88959,8
88960,8
88961,8
88962,8
88963,8
88964,8
88965,8
88966,8
88967,8
88968,8
88969,8
88970,8
88971,8
88972,8
88973,8
88974,8
88975,8
88976,8
88977,8
88978,8
88979,8
88980,8
88981,8
88982,8
88983,8
88984,8
88985,8
88986,8
88987,8
88988,8
88989,8
88990,8
88991,8
88992,8
88993,8
88994,8
88995,8
88996,8
88997,8
88998,8
88999,8
89000,8
89001,8
89002,8
89003,8
89004,8
89005,8
89006,8
89007,8
89008,8
89009,8
89010,8
89011,8
89012,8
89013,8
89014,8
89015,8
89016,8
89017,8
89018,8
89019,8
89020,8
89021,8
89022,8
89023,8
89024,8
89025,8
89026,8
89027,8
89028,8
89029,8
89030,8
89031,8
89032,8
89033,8
89034,8
89035,8
89036,8
89037,8
89038,8
89039,8
89040,8
89041,8
89042,8
89043,8
89044,8
89045,8
89046,8
89047,8
89048,8
89049,8
89050,8
89051,8
89052,8
89053,8
89054,8
89055,8
89056,8
89057,8
89058,8
89059,8
89060,8
89061,8
89062,8
89063,8
89064,8
89065,8
89066,8
89067,8
89068,8
89069,8
89070,8
89071,8
89072,8
89073,8
89074,8
89075,8
89076,8
89077,8
89078,8
89079,8
89080,8
89081,8
89082,8
89083,8
89084,8
89085,8
89086,8
89087,8
89088,8
89089,8
89090,8
89091,8
89092,8
89093,8
89094,8
89095,8
89096,8
89097,8
89098,8
89099,8
89100,8
89101,8
89102,8
89103,8
89104,8
89105,8
89106,8
89107,8
89108,8
89109,8
89110,8
89111,8
89112,8
89113,8
89114,8
89115,8
89116,8
89117,8
89118,8
89119,8
89120,8
89121,8
89122,8
89123,8
89124,8
89125,8
89126,8
89127,8
89128,8
89129,8
89130,8
89131,8
89132,8
89133,8
89134,8
89135,8
89136,8
89137,8
89138,8
89139,8
89140,8
89141,8
89142,8
89143,8
89144,8
89145,8
89146,8
89147,8
89148,8
89149,8
89150,8
89151,8
89152,8
89153,8
89154,8
89155,8
89156,8
89157,8
89158,8
89159,8
89160,8
89161,8
89162,8
89163,8
89164,8
89165,8
89166,8
89167,8
89168,8
89169,8
89170,8
89171,8
89172,8
89173,8
89174,8
89175,8
89176,8
89177,8
89178,8
89179,8
89180,8
89181,8
89182,8
89183,8
89184,8
89185,8
89186,8
89187,8
89188,8
89189,8
89190,8
89191,8
89192,8
89193,8
89194,8
89195,8
89196,8
89197,8
89198,8
89199,8
89200,8
89201,8
89202,8
89203,8
89204,8
89205,8
89206,8
89207,8
89208,8
89209,8
89210,8
89211,8
89212,8
89213,8
89214,8
89215,8
89216,8
89217,8
89218,8
89219,8
89220,8
89221,8
89222,8
89223,8
89224,8
89225,8
89226,8
89227,8
89228,8
89229,8
89230,8
89231,8
89232,8
89233,8
89234,8
89235,8
89236,8
89237,8
89238,8
89239,8
89240,8
89241,8
89242,8
89243,8
89244,8
89245,8
89246,8
89247,8
89248,8
89249,8
89250,8
89251,8
89252,8
89253,8
89254,8
89255,8
89256,8
89257,8
89258,8
89259,8
89260,8
89261,8
89262,8
89263,8
89264,8
89265,8
89266,8
89267,8
89268,8
89269,8
89270,8
89271,8
89272,8
89273,8
89274,8
89275,8
89276,8
89277,8
89278,8
89279,8
89280,8
89281,8
89282,8
89283,8
89284,8
89285,8
89286,8
89287,8
89288,8
89289,8
89290,8
89291,8
89292,8
89293,8
89294,8
89295,8
89296,8
89297,8
89298,8
89299,8
89300,8
89301,8
89302,8
89303,8
89304,8
89305,8
89306,8
89307,8
89308,8
89309,8
89310,8
89311,8
89312,8
89313,8
89314,8
89315,8
89316,8
89317,8
89318,8
89319,8
89320,8
89321,8
89322,8
89323,8
89324,8
89325,8
89326,8
89327,8
89328,8
89329,8
89330,8
89331,8
89332,8
89333,8
89334,8
89335,8
89336,8
89337,8
89338,8
89339,8
89340,8
89341,8
89342,8
89343,8
89344,8
89345,8
89346,8
89347,8
89348,8
89349,8
89350,8
89351,8
89352,8
89353,8
89354,8
89355,8
89356,8
89357,8
89358,8
89359,8
89360,8
89361,8
89362,8
89363,8
89364,8
89365,8
89366,8
89367,8
89368,8
89369,8
89370,8
89371,8
89372,8
89373,8
89374,8
89375,8
89376,8
89377,8
89378,8
89379,8
89380,8
89381,8
89382,8
89383,8
89384,8
89385,8
89386,8
89387,8
89388,8
89389,8
89390,8
89391,8
89392,8
89393,8
89394,8
89395,8
89396,8
89397,8
89398,8
89399,8
89400,8
89401,8
89402,8
89403,8
89404,8
89405,8
89406,8
89407,8
89408,8
89409,8
89410,8
89411,8
89412,8
89413,8
89414,8
89415,8
89416,8
89417,8
89418,8
89419,8
89420,8
89421,8
89422,8
89423,8
89424,8
89425,8
89426,8
89427,8
89428,8
89429,8
89430,8
89431,8
89432,8
89433,8
89434,8
89435,8
89436,8
89437,8
89438,8
89439,8
89440,8
89441,8
89442,8
89443,8
89444,8
89445,8
89446,8
89447,8
89448,8
89449,8
89450,8
89451,8
89452,8
89453,8
89454,8
89455,8
89456,8
89457,8
89458,8
89459,8
89460,8
89461,8
89462,8
89463,8
89464,8
89465,8
89466,8
89467,8
89468,8
89469,8
89470,8
89471,8
89472,8
89473,8
89474,8
89475,8
89476,8
89477,8
89478,8
89479,8
89480,8
89481,8
89482,8
89483,8
89484,8
89485,8
89486,8
89487,8
89488,8
89489,8
89490,8
89491,8
89492,8
89493,8
89494,8
89495,8
89496,8
89497,8
89498,8
89499,8
89500,8
89501,8
89502,8
89503,8
89504,8
89505,8
89506,8
89507,8
89508,8
89509,8
89510,8
89511,8
89512,8
89513,8
89514,8
89515,8
89516,8
89517,8
89518,8
89519,8
89520,8
89521,8
89522,8
89523,8
89524,8
89525,8
89526,8
89527,8
89528,8
89529,8
89530,8
89531,8
89532,8
89533,8
89534,8
89535,8
89536,8
89537,8
89538,8
89539,8
89540,8
89541,8
89542,8
89543,8
89544,8
89545,8
89546,8
89547,8
89548,8
89549,8
89550,8
89551,8
89552,8
89553,8
89554,8
89555,8
89556,8
89557,8
89558,8
89559,8
89560,8
89561,8
89562,8
89563,8
89564,8
89565,8
89566,8
89567,8
89568,8
89569,8
89570,8
89571,8
89572,8
89573,8
89574,8
89575,8
89576,8
89577,8
89578,8
89579,8
89580,8
89581,8
89582,8
89583,8
89584,8
89585,8
89586,8
89587,8
89588,8
89589,8
89590,8
89591,8
89592,8
89593,8
89594,8
89595,8
89596,8
89597,8
89598,8
89599,8
89600,8
89601,8
89602,8
89603,8
89604,8
89605,8
89606,8
89607,8
89608,8
89609,8
89610,8
89611,8
89612,8
89613,8
89614,8
89615,8
89616,8
89617,8
89618,8
89619,8
89620,8
89621,8
89622,8
89623,8
89624,8
89625,8
89626,8
89627,8
89628,8
89629,8
89630,8
89631,8
89632,8
89633,8
89634,8
89635,8
89636,8
89637,8
89638,8
89639,8
89640,8
89641,8
89642,8
89643,8
89644,8
89645,8
89646,8
89647,8
89648,8
89649,8
89650,8
89651,8
89652,8
89653,8
89654,8
89655,8
89656,8
89657,8
89658,8
89659,8
89660,8
89661,8
89662,8
89663,8
89664,8
89665,8
89666,8
89667,8
89668,8
89669,8
89670,8
89671,8
89672,8
89673,8
89674,8
89675,8
89676,8
89677,8
89678,8
89679,8
89680,8
89681,8
89682,8
89683,8
89684,8
89685,8
89686,8
89687,8
89688,8
89689,8
89690,8
89691,8
89692,8
89693,8
89694,8
89695,8
89696,8
89697,8
89698,8
89699,8
89700,8
89701,8
89702,8
89703,8
89704,8
89705,8
89706,8
89707,8
89708,8
89709,8
89710,8
89711,8
89712,8
89713,8
89714,8
89715,8
89716,8
89717,8
89718,8
89719,8
89720,8
89721,8
89722,8
89723,8
89724,8
89725,8
89726,8
89727,8
89728,8
89729,8
89730,8
89731,8
89732,8
89733,8
89734,8
89735,8
89736,8
89737,8
89738,8
89739,8
89740,8
89741,8
89742,8
89743,8
89744,8
89745,8
89746,8
89747,8
89748,8
89749,8
89750,8
89751,8
89752,8
89753,8
89754,8
89755,8
89756,8
89757,8
89758,8
89759,8
89760,8
89761,8
89762,8
89763,8
89764,8
89765,8
89766,8
89767,8
89768,8
89769,8
89770,8
89771,8
89772,8
89773,8
89774,8
89775,8
89776,8
89777,8
89778,8
89779,8
89780,8
89781,8
89782,8
89783,8
89784,8
89785,8
89786,8
89787,8
89788,8
89789,8
89790,8
89791,8
89792,8
89793,8
89794,8
89795,8
89796,8
89797,8
89798,8
89799,8
89800,8
89801,8
89802,8
89803,8
89804,8
89805,8
89806,8
89807,8
89808,8
89809,8
89810,8
89811,8
89812,8
89813,8
89814,8
89815,8
89816,8
89817,8
89818,8
89819,8
89820,8
89821,8
89822,8
89823,8
89824,8
89825,8
89826,8
89827,8
89828,8
89829,8
89830,8
89831,8
89832,8
89833,8
89834,8
89835,8
89836,8
89837,8
89838,8
89839,8
89840,8
89841,8
89842,8
89843,8
89844,8
89845,8
89846,8
89847,8
89848,8
89849,8
89850,8
89851,8
89852,8
89853,8
89854,8
89855,8
89856,8
89857,8
89858,8
89859,8
89860,8
89861,8
89862,8
89863,8
89864,8
89865,8
89866,8
89867,8
89868,8
89869,8
89870,8
89871,8
89872,8
89873,8
89874,8
89875,8
89876,8
89877,8
89878,8
89879,8
89880,8
89881,8
89882,8
89883,8
89884,8
89885,8
89886,8
89887,8
89888,8
89889,8
89890,8
89891,8
89892,8
89893,8
89894,8
89895,8
89896,8
89897,8
89898,8
89899,8
89900,8
89901,8
89902,8
89903,8
89904,8
89905,8
89906,8
89907,8
89908,8
89909,8
89910,8
89911,8
89912,8
89913,8
89914,8
89915,8
89916,8
89917,8
89918,8
89919,8
89920,8
89921,8
89922,8
89923,8
89924,8
89925,8
89926,8
89927,8
89928,8
89929,8
89930,8
89931,8
89932,8
89933,8
89934,8
89935,8
89936,8
89937,8
89938,8
89939,8
89940,8
89941,8
89942,8
89943,8
89944,8
89945,8
89946,8
89947,8
89948,8
89949,8
89950,8
89951,8
89952,8
89953,8
89954,8
89955,8
89956,8
89957,8
89958,8
89959,8
89960,8
89961,8
89962,8
89963,8
89964,8
89965,8
89966,8
89967,8
89968,8
89969,8
89970,8
89971,8
89972,8
89973,8
89974,8
89975,8
89976,8
89977,8
89978,8
89979,8
89980,8
89981,8
89982,8
89983,8
89984,8
89985,8
89986,8
89987,8
89988,8
89989,8
89990,8
89991,8
89992,8
89993,8
89994,8
89995,8
89996,8
89997,8
89998,8
89999,8
90000,8
90001,8
90002,8
90003,8
90004,8
90005,8
90006,8
90007,8
90008,8
90009,8
90010,8
90011,8
90012,8
90013,8
90014,8
90015,8
90016,8
90017,8
90018,8
90019,8
90020,8
90021,8
90022,8
90023,8
90024,8
90025,8
90026,8
90027,8
90028,8
90029,8
90030,8
90031,8
90032,8
90033,8
90034,8
90035,8
90036,8
90037,8
90038,8
90039,8
90040,8
90041,8
90042,8
90043,8
90044,8
90045,8
90046,8
90047,8
90048,8
90049,8
90050,8
90051,8
90052,8
90053,8
90054,8
90055,8
90056,8
90057,8
90058,8
90059,8
90060,8
90061,8
90062,8
90063,8
90064,8
90065,8
90066,8
90067,8
90068,8
90069,8
90070,8
90071,8
90072,8
90073,8
90074,8
90075,8
90076,8
90077,8
90078,8
90079,8
90080,8
90081,8
90082,8
90083,8
90084,8
90085,8
90086,8
90087,8
90088,8
90089,8
90090,8
90091,8
90092,8
90093,8
90094,8
90095,8
90096,8
90097,8
90098,8
90099,8
90100,8
90101,8
90102,8
90103,8
90104,8
90105,8
90106,8
90107,8
90108,8
90109,8
90110,8
90111,8
90112,8
90113,8
90114,8
90115,8
90116,8
90117,8
90118,8
90119,8
90120,8
90121,8
90122,8
90123,8
90124,8
90125,8
90126,8
90127,8
90128,8
90129,8
90130,8
90131,8
90132,8
90133,8
90134,8
90135,8
90136,8
90137,8
90138,8
90139,8
90140,8
90141,8
90142,8
90143,8
90144,8
90145,8
90146,8
90147,8
90148,8
90149,8
90150,8
90151,8
90152,8
90153,8
90154,8
90155,8
90156,8
90157,8
90158,8
90159,8
90160,8
90161,8
90162,8
90163,8
90164,8
90165,8
90166,8
90167,8
90168,8
90169,8
90170,8
90171,8
90172,8
90173,8
90174,8
90175,8
90176,8
90177,8
90178,8
90179,8
90180,8
90181,8
90182,8
90183,8
90184,8
90185,8
90186,8
90187,8
90188,8
90189,8
90190,8
90191,8
90192,8
90193,8
90194,8
90195,8
90196,8
90197,8
90198,8
90199,8
90200,8
90201,8
90202,8
90203,8
90204,8
90205,8
90206,8
90207,8
90208,8
90209,8
90210,8
90211,8
90212,8
90213,8
90214,8
90215,8
90216,8
90217,8
90218,8
90219,8
90220,8
90221,8
90222,8
90223,8
90224,8
90225,8
90226,8
90227,8
90228,8
90229,8
90230,8
90231,8
90232,8
90233,8
90234,8
90235,8
90236,8
90237,8
90238,8
90239,8
90240,8
90241,8
90242,8
90243,8
90244,8
90245,8
90246,8
90247,8
90248,8
90249,8
90250,8
90251,8
90252,8
90253,8
90254,8
90255,8
90256,8
90257,8
90258,8
90259,8
90260,8
90261,8
90262,8
90263,8
90264,8
90265,8
90266,8
90267,8
90268,8
90269,8
90270,8
90271,8
90272,8
90273,8
90274,8
90275,8
90276,8
90277,8
90278,8
90279,8
90280,8
90281,8
90282,8
90283,8
90284,8
90285,8
90286,8
90287,8
90288,8
90289,8
90290,8
90291,8
90292,8
90293,8
90294,8
90295,8
90296,8
90297,8
90298,8
90299,8
90300,8
90301,8
90302,8
90303,8
90304,8
90305,8
90306,8
90307,8
90308,8
90309,8
90310,8
90311,8
90312,8
90313,8
90314,8
90315,8
90316,8
90317,8
90318,8
90319,8
90320,8
90321,8
90322,8
90323,8
90324,8
90325,8
90326,8
90327,8
90328,8
90329,8
90330,8
90331,8
90332,8
90333,8
90334,8
90335,8
90336,8
90337,8
90338,8
90339,8
90340,8
90341,8
90342,8
90343,8
90344,8
90345,8
90346,8
90347,8
90348,8
90349,8
90350,8
90351,8
90352,8
90353,8
90354,8
90355,8
90356,8
90357,8
90358,8
90359,8
90360,8
90361,8
90362,8
90363,8
90364,8
90365,8
90366,8
90367,8
90368,8
90369,8
90370,8
90371,8
90372,8
90373,8
90374,8
90375,8
90376,8
90377,8
90378,8
90379,8
90380,8
90381,8
90382,8
90383,8
90384,8
90385,8
90386,8
90387,8
90388,8
90389,8
90390,8
90391,8
90392,8
90393,8
90394,8
90395,8
90396,8
90397,8
90398,8
90399,8
90400,8
90401,8
90402,8
90403,8
90404,8
90405,8
90406,8
90407,8
90408,8
90409,8
90410,8
90411,8
90412,8
90413,8
90414,8
90415,8
90416,8
90417,8
90418,8
90419,8
90420,8
90421,8
90422,8
90423,8
90424,8
90425,8
90426,8
90427,8
90428,8
90429,8
90430,8
90431,8
90432,8
90433,8
90434,8
90435,8
90436,8
90437,8
90438,8
90439,8
90440,8
90441,8
90442,8
90443,8
90444,8
90445,8
90446,8
90447,8
90448,8
90449,8
90450,8
90451,8
90452,8
90453,8
90454,8
90455,8
90456,8
90457,8
90458,8
90459,8
90460,8
90461,8
90462,8
90463,8
90464,8
90465,8
90466,8
90467,8
90468,8
90469,8
90470,8
90471,8
90472,8
90473,8
90474,8
90475,8
90476,8
90477,8
90478,8
90479,8
90480,8
90481,8
90482,8
90483,8
90484,8
90485,8
90486,8
90487,8
90488,8
90489,8
90490,8
90491,8
90492,8
90493,8
90494,8
90495,8
90496,8
90497,8
90498,8
90499,8
90500,8
90501,8
90502,8
90503,8
90504,8
90505,8
90506,8
90507,8
90508,8
90509,8
90510,8
90511,8
90512,8
90513,8
90514,8
90515,8
90516,8
90517,8
90518,8
90519,8
90520,8
90521,8
90522,8
90523,8
90524,8
90525,8
90526,8
90527,8
90528,8
90529,8
90530,8
90531,8
90532,8
90533,8
90534,8
90535,8
90536,8
90537,8
90538,8
90539,8
90540,8
90541,8
90542,8
90543,8
90544,8
90545,8
90546,8
90547,8
90548,8
90549,8
90550,8
90551,8
90552,8
90553,8
90554,8
90555,8
90556,8
90557,8
90558,8
90559,8
90560,8
90561,8
90562,8
90563,8
90564,8
90565,8
90566,8
90567,8
90568,8
90569,8
90570,8
90571,8
90572,8
90573,8
90574,8
90575,8
90576,8
90577,8
90578,8
90579,8
90580,8
90581,8
90582,8
90583,8
90584,8
90585,8
90586,8
90587,8
90588,8
90589,8
90590,8
90591,8
90592,8
90593,8
90594,8
90595,8
90596,8
90597,8
90598,8
90599,8
90600,8
90601,8
90602,8
90603,8
90604,8
90605,8
90606,8
90607,8
90608,8
90609,8
90610,8
90611,8
90612,8
90613,8
90614,8
90615,8
90616,8
90617,8
90618,8
90619,8
90620,8
90621,8
90622,8
90623,8
90624,8
90625,8
90626,8
90627,8
90628,8
90629,8
90630,8
90631,8
90632,8
90633,8
90634,8
90635,8
90636,8
90637,8
90638,8
90639,8
90640,8
90641,8
90642,8
90643,8
90644,8
90645,8
90646,8
90647,8
90648,8
90649,8
90650,8
90651,8
90652,8
90653,8
90654,8
90655,8
90656,8
90657,8
90658,8
90659,8
90660,8
90661,8
90662,8
90663,8
90664,8
90665,8
90666,8
90667,8
90668,8
90669,8
90670,8
90671,8
90672,8
90673,8
90674,8
90675,8
90676,8
90677,8
90678,8
90679,8
90680,8
90681,8
90682,8
90683,8
90684,8
90685,8
90686,8
90687,8
90688,8
90689,8
90690,8
90691,8
90692,8
90693,8
90694,8
90695,8
90696,8
90697,8
90698,8
90699,8
90700,8
90701,8
90702,8
90703,8
90704,8
90705,8
90706,8
90707,8
90708,8
90709,8
90710,8
90711,8
90712,8
90713,8
90714,8
90715,8
90716,8
90717,8
90718,8
90719,8
90720,8
90721,8
90722,8
90723,8
90724,8
90725,8
90726,8
90727,8
90728,8
90729,8
90730,8
90731,8
90732,8
90733,8
90734,8
90735,8
90736,8
90737,8
90738,8
90739,8
90740,8
90741,8
90742,8
90743,8
90744,8
90745,8
90746,8
90747,8
90748,8
90749,8
90750,8
90751,8
90752,8
90753,8
90754,8
90755,8
90756,8
90757,8
90758,8
90759,8
90760,8
90761,8
90762,8
90763,8
90764,8
90765,8
90766,8
90767,8
90768,8
90769,8
90770,8
90771,8
90772,8
90773,8
90774,8
90775,8
90776,8
90777,8
90778,8
90779,8
90780,8
90781,8
90782,8
90783,8
90784,8
90785,8
90786,8
90787,8
90788,8
90789,8
90790,8
90791,8
90792,8
90793,8
90794,8
90795,8
90796,8
90797,8
90798,8
90799,8
90800,8
90801,8
90802,8
90803,8
90804,8
90805,8
90806,8
90807,8
90808,8
90809,8
90810,8
90811,8
90812,8
90813,8
90814,8
90815,8
90816,8
90817,8
90818,8
90819,8
90820,8
90821,8
90822,8
90823,8
90824,8
90825,8
90826,8
90827,8
90828,8
90829,8
90830,8
90831,8
90832,8
90833,8
90834,8
90835,8
90836,8
90837,8
90838,8
90839,8
90840,8
90841,8
90842,8
90843,8
90844,8
90845,8
90846,8
90847,8
90848,8
90849,8
90850,8
90851,8
90852,8
90853,8
90854,8
90855,8
90856,8
90857,8
90858,8
90859,8
90860,8
90861,8
90862,8
90863,8
90864,8
90865,8
90866,8
90867,8
90868,8
90869,8
90870,8
90871,8
90872,8
90873,8
90874,8
90875,8
90876,8
90877,8
90878,8
90879,8
90880,8
90881,8
90882,8
90883,8
90884,8
90885,8
90886,8
90887,8
90888,8
90889,8
90890,8
90891,8
90892,8
90893,8
90894,8
90895,8
90896,8
90897,8
90898,8
90899,8
90900,8
90901,8
90902,8
90903,8
90904,8
90905,8
90906,8
90907,8
90908,8
90909,8
90910,8
90911,8
90912,8
90913,8
90914,8
90915,8
90916,8
90917,8
90918,8
90919,8
90920,8
90921,8
90922,8
90923,8
90924,8
90925,8
90926,8
90927,8
90928,8
90929,8
90930,8
90931,8
90932,8
90933,8
90934,8
90935,8
90936,8
90937,8
90938,8
90939,8
90940,8
90941,8
90942,8
90943,8
90944,8
90945,8
90946,8
90947,8
90948,8
90949,8
90950,8
90951,8
90952,8
90953,8
90954,8
90955,8
90956,8
90957,8
90958,8
90959,8
90960,8
90961,8
90962,8
90963,8
90964,8
90965,8
90966,8
90967,8
90968,8
90969,8
90970,8
90971,8
90972,8
90973,8
90974,8
90975,8
90976,8
90977,8
90978,8
90979,8
90980,8
90981,8
90982,8
90983,8
90984,8
90985,8
90986,8
90987,8
90988,8
90989,8
90990,8
90991,8
90992,8
90993,8
90994,8
90995,8
90996,8
90997,8
90998,8
90999,8
91000,8
91001,8
91002,8
91003,8
91004,8
91005,8
91006,8
91007,8
91008,8
91009,8
91010,8
91011,8
91012,8
91013,8
91014,8
91015,8
91016,8
91017,8
91018,8
91019,8
91020,8
91021,8
91022,8
91023,8
91024,8
91025,8
91026,8
91027,8
91028,8
91029,8
91030,8
91031,8
91032,8
91033,8
91034,8
91035,8
91036,8
91037,8
91038,8
91039,8
91040,8
91041,8
91042,8
91043,8
91044,8
91045,8
91046,8
91047,8
91048,8
91049,8
91050,8
91051,8
91052,8
91053,8
91054,8
91055,8
91056,8
91057,8
91058,8
91059,8
91060,8
91061,8
91062,8
91063,8
91064,8
91065,8
91066,8
91067,8
91068,8
91069,8
91070,8
91071,8
91072,8
91073,8
91074,8
91075,8
91076,8
91077,8
91078,8
91079,8
91080,8
91081,8
91082,8
91083,8
91084,8
91085,8
91086,8
91087,8
91088,8
91089,8
91090,8
91091,8
91092,8
91093,8
91094,8
91095,8
91096,8
91097,8
91098,8
91099,8
91100,8
91101,8
91102,8
91103,8
91104,8
91105,8
91106,8
91107,8
91108,8
91109,8
91110,8
91111,8
91112,8
91113,8
91114,8
91115,8
91116,8
91117,8
91118,8
91119,8
91120,8
91121,8
91122,8
91123,8
91124,8
91125,8
91126,8
91127,8
91128,8
91129,8
91130,8
91131,8
91132,8
91133,8
91134,8
91135,8
91136,8
91137,8
91138,8
91139,8
91140,8
91141,8
91142,8
91143,8
91144,8
91145,8
91146,8
91147,8
91148,8
91149,8
91150,8
91151,8
91152,8
91153,8
91154,8
91155,8
91156,8
91157,8
91158,8
91159,8
91160,8
91161,8
91162,8
91163,8
91164,8
91165,8
91166,8
91167,8
91168,8
91169,8
91170,8
91171,8
91172,8
91173,8
91174,8
91175,8
91176,8
91177,8
91178,8
91179,8
91180,8
91181,8
91182,8
91183,8
91184,8
91185,8
91186,8
91187,8
91188,8
91189,8
91190,8
91191,8
91192,8
91193,8
91194,8
91195,8
91196,8
91197,8
91198,8
91199,8
91200,8
91201,8
91202,8
91203,8
91204,8
91205,8
91206,8
91207,8
91208,8
91209,8
91210,8
91211,8
91212,8
91213,8
91214,8
91215,8
91216,8
91217,8
91218,8
91219,8
91220,8
91221,8
91222,8
91223,8
91224,8
91225,8
91226,8
91227,8
91228,8
91229,8
91230,8
91231,8
91232,8
91233,8
91234,8
91235,8
91236,8
91237,8
91238,8
91239,8
91240,8
91241,8
91242,8
91243,8
91244,8
91245,8
91246,8
91247,8
91248,8
91249,8
91250,8
91251,8
91252,8
91253,8
91254,8
91255,8
91256,8
91257,8
91258,8
91259,8
91260,8
91261,8
91262,8
91263,8
91264,8
91265,8
91266,8
91267,8
91268,8
91269,8
91270,8
91271,8
91272,8
91273,8
91274,8
91275,8
91276,8
91277,8
91278,8
91279,8
91280,8
91281,8
91282,8
91283,8
91284,8
91285,8
91286,8
91287,8
91288,8
91289,8
91290,8
91291,8
91292,8
91293,8
91294,8
91295,8
91296,8
91297,8
91298,8
91299,8
91300,8
91301,8
91302,8
91303,8
91304,8
91305,8
91306,8
91307,8
91308,8
91309,8
91310,8
91311,8
91312,8
91313,8
91314,8
91315,8
91316,8
91317,8
91318,8
91319,8
91320,8
91321,8
91322,8
91323,8
91324,8
91325,8
91326,8
91327,8
91328,8
91329,8
91330,8
91331,8
91332,8
91333,8
91334,8
91335,8
91336,8
91337,8
91338,8
91339,8
91340,8
91341,8
91342,8
91343,8
91344,8
91345,8
91346,8
91347,8
91348,8
91349,8
91350,8
91351,8
91352,8
91353,8
91354,8
91355,8
91356,8
91357,8
91358,8
91359,8
91360,8
91361,8
91362,8
91363,8
91364,8
91365,8
91366,8
91367,8
91368,8
91369,8
91370,8
91371,8
91372,8
91373,8
91374,8
91375,8
91376,8
91377,8
91378,8
91379,8
91380,8
91381,8
91382,8
91383,8
91384,8
91385,8
91386,8
91387,8
91388,8
91389,8
91390,8
91391,8
91392,8
91393,8
91394,8
91395,8
91396,8
91397,8
91398,8
91399,8
91400,8
91401,8
91402,8
91403,8
91404,8
91405,8
91406,8
91407,8
91408,8
91409,8
91410,8
91411,8
91412,8
91413,8
91414,8
91415,8
91416,8
91417,8
91418,8
91419,8
91420,8
91421,8
91422,8
91423,8
91424,8
91425,8
91426,8
91427,8
91428,8
91429,8
91430,8
91431,8
91432,8
91433,8
91434,8
91435,8
91436,8
91437,8
91438,8
91439,8
91440,8
91441,8
91442,8
91443,8
91444,8
91445,8
91446,8
91447,8
91448,8
91449,8
91450,8
91451,8
91452,8
91453,8
91454,8
91455,8
91456,8
91457,8
91458,8
91459,8
91460,8
91461,8
91462,8
91463,8
91464,8
91465,8
91466,8
91467,8
91468,8
91469,8
91470,8
91471,8
91472,8
91473,8
91474,8
91475,8
91476,8
91477,8
91478,8
91479,8
91480,8
91481,8
91482,8
91483,8
91484,8
91485,8
91486,8
91487,8
91488,8
91489,8
91490,8
91491,8
91492,8
91493,8
91494,8
91495,8
91496,8
91497,8
91498,8
91499,8
91500,8
91501,8
91502,8
91503,8
91504,8
91505,8
91506,8
91507,8
91508,8
91509,8
91510,8
91511,8
91512,8
91513,8
91514,8
91515,8
91516,8
91517,8
91518,8
91519,8
91520,8
91521,8
91522,8
91523,8
91524,8
91525,8
91526,8
91527,8
91528,8
91529,8
91530,8
91531,8
91532,8
91533,8
91534,8
91535,8
91536,8
91537,8
91538,8
91539,8
91540,8
91541,8
91542,8
91543,8
91544,8
91545,8
91546,8
91547,8
91548,8
91549,8
91550,8
91551,8
91552,8
91553,8
91554,8
91555,8
91556,8
91557,8
91558,8
91559,8
91560,8
91561,8
91562,8
91563,8
91564,8
91565,8
91566,8
91567,8
91568,8
91569,8
91570,8
91571,8
91572,8
91573,8
91574,8
91575,8
91576,8
91577,8
91578,8
91579,8
91580,8
91581,8
91582,8
91583,8
91584,8
91585,8
91586,8
91587,8
91588,8
91589,8
91590,8
91591,8
91592,8
91593,8
91594,8
91595,8
91596,8
91597,8
91598,8
91599,8
91600,8
91601,8
91602,8
91603,8
91604,8
91605,8
91606,8
91607,8
91608,8
91609,8
91610,8
91611,8
91612,8
91613,8
91614,8
91615,8
91616,8
91617,8
91618,8
91619,8
91620,8
91621,8
91622,8
91623,8
91624,8
91625,8
91626,8
91627,8
91628,8
91629,8
91630,8
91631,8
91632,8
91633,8
91634,8
91635,8
91636,8
91637,8
91638,8
91639,8
91640,8
91641,8
91642,8
91643,8
91644,8
91645,8
91646,8
91647,8
91648,8
91649,8
91650,8
91651,8
91652,8
91653,8
91654,8
91655,8
91656,8
91657,8
91658,8
91659,8
91660,8
91661,8
91662,8
91663,8
91664,8
91665,8
91666,8
91667,8
91668,8
91669,8
91670,8
91671,8
91672,8
91673,8
91674,8
91675,8
91676,8
91677,8
91678,8
91679,8
91680,8
91681,8
91682,8
91683,8
91684,8
91685,8
91686,8
91687,8
91688,8
91689,8
91690,8
91691,8
91692,8
91693,8
91694,8
91695,8
91696,8
91697,8
91698,8
91699,8
91700,8
91701,8
91702,8
91703,8
91704,8
91705,8
91706,8
91707,8
91708,8
91709,8
91710,8
91711,8
91712,8
91713,8
91714,8
91715,8
91716,8
91717,8
91718,8
91719,8
91720,8
91721,8
91722,8
91723,8
91724,8
91725,8
91726,8
91727,8
91728,8
91729,8
91730,8
91731,8
91732,8
91733,8
91734,8
91735,8
91736,8
91737,8
91738,8
91739,8
91740,8
91741,8
91742,8
91743,8
91744,8
91745,8
91746,8
91747,8
91748,8
91749,8
91750,8
91751,8
91752,8
91753,8
91754,8
91755,8
91756,8
91757,8
91758,8
91759,8
91760,8
91761,8
91762,8
91763,8
91764,8
91765,8
91766,8
91767,8
91768,8
91769,8
91770,8
91771,8
91772,8
91773,8
91774,8
91775,8
91776,8
91777,8
91778,8
91779,8
91780,8
91781,8
91782,8
91783,8
91784,8
91785,8
91786,8
91787,8
91788,8
91789,8
91790,8
91791,8
91792,8
91793,8
91794,8
91795,8
91796,8
91797,8
91798,8
91799,8
91800,8
91801,8
91802,8
91803,8
91804,8
91805,8
91806,8
91807,8
91808,8
91809,8
91810,8
91811,8
91812,8
91813,8
91814,8
91815,8
91816,8
91817,8
91818,8
91819,8
91820,8
91821,8
91822,8
91823,8
91824,8
91825,8
91826,8
91827,8
91828,8
91829,8
91830,8
91831,8
91832,8
91833,8
91834,8
91835,8
91836,8
91837,8
91838,8
91839,8
91840,8
91841,8
91842,8
91843,8
91844,8
91845,8
91846,8
91847,8
91848,8
91849,8
91850,8
91851,8
91852,8
91853,8
91854,8
91855,8
91856,8
91857,8
91858,8
91859,8
91860,8
91861,8
91862,8
91863,8
91864,8
91865,8
91866,8
91867,8
91868,8
91869,8
91870,8
91871,8
91872,8
91873,8
91874,8
91875,8
91876,8
91877,8
91878,8
91879,8
91880,8
91881,8
91882,8
91883,8
91884,8
91885,8
91886,8
91887,8
91888,8
91889,8
91890,8
91891,8
91892,8
91893,8
91894,8
91895,8
91896,8
91897,8
91898,8
91899,8
91900,8
91901,8
91902,8
91903,8
91904,8
91905,8
91906,8
91907,8
91908,8
91909,8
91910,8
91911,8
91912,8
91913,8
91914,8
91915,8
91916,8
91917,8
91918,8
91919,8
91920,8
91921,8
91922,8
91923,8
91924,8
91925,8
91926,8
91927,8
91928,8
91929,8
91930,8
91931,8
91932,8
91933,8
91934,8
91935,8
91936,8
91937,8
91938,8
91939,8
91940,8
91941,8
91942,8
91943,8
91944,8
91945,8
91946,8
91947,8
91948,8
91949,8
91950,8
91951,8
91952,8
91953,8
91954,8
91955,8
91956,8
91957,8
91958,8
91959,8
91960,8
91961,8
91962,8
91963,8
91964,8
91965,8
91966,8
91967,8
91968,8
91969,8
91970,8
91971,8
91972,8
91973,8
91974,8
91975,8
91976,8
91977,8
91978,8
91979,8
91980,8
91981,8
91982,8
91983,8
91984,8
91985,8
91986,8
91987,8
91988,8
91989,8
91990,8
91991,8
91992,8
91993,8
91994,8
91995,8
91996,8
91997,8
91998,8
91999,8
92000,8
92001,8
92002,8
92003,8
92004,8
92005,8
92006,8
92007,8
92008,8
92009,8
92010,8
92011,8
92012,8
92013,8
92014,8
92015,8
92016,8
92017,8
92018,8
92019,8
92020,8
92021,8
92022,8
92023,8
92024,8
92025,8
92026,8
92027,8
92028,8
92029,8
92030,8
92031,8
92032,8
92033,8
92034,8
92035,8
92036,8
92037,8
92038,8
92039,8
92040,8
92041,8
92042,8
92043,8
92044,8
92045,8
92046,8
92047,8
92048,8
92049,8
92050,8
92051,8
92052,8
92053,8
92054,8
92055,8
92056,8
92057,8
92058,8
92059,8
92060,8
92061,8
92062,8
92063,8
92064,8
92065,8
92066,8
92067,8
92068,8
92069,8
92070,8
92071,8
92072,8
92073,8
92074,8
92075,8
92076,8
92077,8
92078,8
92079,8
92080,8
92081,8
92082,8
92083,8
92084,8
92085,8
92086,8
92087,8
92088,8
92089,8
92090,8
92091,8
92092,8
92093,8
92094,8
92095,8
92096,8
92097,8
92098,8
92099,8
92100,8
92101,8
92102,8
92103,8
92104,8
92105,8
92106,8
92107,8
92108,8
92109,8
92110,8
92111,8
92112,8
92113,8
92114,8
92115,8
92116,8
92117,8
92118,8
92119,8
92120,8
92121,8
92122,8
92123,8
92124,8
92125,8
92126,8
92127,8
92128,8
92129,8
92130,8
92131,8
92132,8
92133,8
92134,8
92135,8
92136,8
92137,8
92138,8
92139,8
92140,8
92141,8
92142,8
92143,8
92144,8
92145,8
92146,8
92147,8
92148,8
92149,8
92150,8
92151,8
92152,8
92153,8
92154,8
92155,8
92156,8
92157,8
92158,8
92159,8
92160,8
92161,8
92162,8
92163,8
92164,8
92165,8
92166,8
92167,8
92168,8
92169,8
92170,8
92171,8
92172,8
92173,8
92174,8
92175,8
92176,8
92177,8
92178,8
92179,8
92180,8
92181,8
92182,8
92183,8
92184,8
92185,8
92186,8
92187,8
92188,8
92189,8
92190,8
92191,8
92192,8
92193,8
92194,8
92195,8
92196,8
92197,8
92198,8
92199,8
92200,8
92201,8
92202,8
92203,8
92204,8
92205,8
92206,8
92207,8
92208,8
92209,8
92210,8
92211,8
92212,8
92213,8
92214,8
92215,8
92216,8
92217,8
92218,8
92219,8
92220,8
92221,8
92222,8
92223,8
92224,8
92225,8
92226,8
92227,8
92228,8
92229,8
92230,8
92231,8
92232,8
92233,8
92234,8
92235,8
92236,8
92237,8
92238,8
92239,8
92240,8
92241,8
92242,8
92243,8
92244,8
92245,8
92246,8
92247,8
92248,8
92249,8
92250,8
92251,8
92252,8
92253,8
92254,8
92255,8
92256,8
92257,8
92258,8
92259,8
92260,8
92261,8
92262,8
92263,8
92264,8
92265,8
92266,8
92267,8
92268,8
92269,8
92270,8
92271,8
92272,8
92273,8
92274,8
92275,8
92276,8
92277,8
92278,8
92279,8
92280,8
92281,8
92282,8
92283,8
92284,8
92285,8
92286,8
92287,8
92288,8
92289,8
92290,8
92291,8
92292,8
92293,8
92294,8
92295,8
92296,8
92297,8
92298,8
92299,8
92300,8
92301,8
92302,8
92303,8
92304,8
92305,8
92306,8
92307,8
92308,8
92309,8
92310,8
92311,8
92312,8
92313,8
92314,8
92315,8
92316,8
92317,8
92318,8
92319,8
92320,8
92321,8
92322,8
92323,8
92324,8
92325,8
92326,8
92327,8
92328,8
92329,8
92330,8
92331,8
92332,8
92333,8
92334,8
92335,8
92336,8
92337,8
92338,8
92339,8
92340,8
92341,8
92342,8
92343,8
92344,8
92345,8
92346,8
92347,8
92348,8
92349,8
92350,8
92351,8
92352,8
92353,8
92354,8
92355,8
92356,8
92357,8
92358,8
92359,8
92360,8
92361,8
92362,8
92363,8
92364,8
92365,8
92366,8
92367,8
92368,8
92369,8
92370,8
92371,8
92372,8
92373,8
92374,8
92375,8
92376,8
92377,8
92378,8
92379,8
92380,8
92381,8
92382,8
92383,8
92384,8
92385,8
92386,8
92387,8
92388,8
92389,8
92390,8
92391,8
92392,8
92393,8
92394,8
92395,8
92396,8
92397,8
92398,8
92399,8
92400,8
92401,8
92402,8
92403,8
92404,8
92405,8
92406,8
92407,8
92408,8
92409,8
92410,8
92411,8
92412,8
92413,8
92414,8
92415,8
92416,8
92417,8
92418,8
92419,8
92420,8
92421,8
92422,8
92423,8
92424,8
92425,8
92426,8
92427,8
92428,8
92429,8
92430,8
92431,8
92432,8
92433,8
92434,8
92435,8
92436,8
92437,8
92438,8
92439,8
92440,8
92441,8
92442,8
92443,8
92444,8
92445,8
92446,8
92447,8
92448,8
92449,8
92450,8
92451,8
92452,8
92453,8
92454,8
92455,8
92456,8
92457,8
92458,8
92459,8
92460,8
92461,8
92462,8
92463,8
92464,8
92465,8
92466,8
92467,8
92468,8
92469,8
92470,8
92471,8
92472,8
92473,8
92474,8
92475,8
92476,8
92477,8
92478,8
92479,8
92480,8
92481,8
92482,8
92483,8
92484,8
92485,8
92486,8
92487,8
92488,8
92489,8
92490,8
92491,8
92492,8
92493,8
92494,8
92495,8
92496,8
92497,8
92498,8
92499,8
92500,8
92501,8
92502,8
92503,8
92504,8
92505,8
92506,8
92507,8
92508,8
92509,8
92510,8
92511,8
92512,8
92513,8
92514,8
92515,8
92516,8
92517,8
92518,8
92519,8
92520,8
92521,8
92522,8
92523,8
92524,8
92525,8
92526,8
92527,8
92528,8
92529,8
92530,8
92531,8
92532,8
92533,8
92534,8
92535,8
92536,8
92537,8
92538,8
92539,8
92540,8
92541,8
92542,8
92543,8
92544,8
92545,8
92546,8
92547,8
92548,8
92549,8
92550,8
92551,8
92552,8
92553,8
92554,8
92555,8
92556,8
92557,8
92558,8
92559,8
92560,8
92561,8
92562,8
92563,8
92564,8
92565,8
92566,8
92567,8
92568,8
92569,8
92570,8
92571,8
92572,8
92573,8
92574,8
92575,8
92576,8
92577,8
92578,8
92579,8
92580,8
92581,8
92582,8
92583,8
92584,8
92585,8
92586,8
92587,8
92588,8
92589,8
92590,8
92591,8
92592,8
92593,8
92594,8
92595,8
92596,8
92597,8
92598,8
92599,8
92600,8
92601,8
92602,8
92603,8
92604,8
92605,8
92606,8
92607,8
92608,8
92609,8
92610,8
92611,8
92612,8
92613,8
92614,8
92615,8
92616,8
92617,8
92618,8
92619,8
92620,8
92621,8
92622,8
92623,8
92624,8
92625,8
92626,8
92627,8
92628,8
92629,8
92630,8
92631,8
92632,8
92633,8
92634,8
92635,8
92636,8
92637,8
92638,8
92639,8
92640,8
92641,8
92642,8
92643,8
92644,8
92645,8
92646,8
92647,8
92648,8
92649,8
92650,8
92651,8
92652,8
92653,8
92654,8
92655,8
92656,8
92657,8
92658,8
92659,8
92660,8
92661,8
92662,8
92663,8
92664,8
92665,8
92666,8
92667,8
92668,8
92669,8
92670,8
92671,8
92672,8
92673,8
92674,8
92675,8
92676,8
92677,8
92678,8
92679,8
92680,8
92681,8
92682,8
92683,8
92684,8
92685,8
92686,8
92687,8
92688,8
92689,8
92690,8
92691,8
92692,8
92693,8
92694,8
92695,8
92696,8
92697,8
92698,8
92699,8
92700,8
92701,8
92702,8
92703,8
92704,8
92705,8
92706,8
92707,8
92708,8
92709,8
92710,8
92711,8
92712,8
92713,8
92714,8
92715,8
92716,8
92717,8
92718,8
92719,8
92720,8
92721,8
92722,8
92723,8
92724,8
92725,8
92726,8
92727,8
92728,8
92729,8
92730,8
92731,8
92732,8
92733,8
92734,8
92735,8
92736,8
92737,8
92738,8
92739,8
92740,8
92741,8
92742,8
92743,8
92744,8
92745,8
92746,8
92747,8
92748,8
92749,8
92750,8
92751,8
92752,8
92753,8
92754,8
92755,8
92756,8
92757,8
92758,8
92759,8
92760,8
92761,8
92762,8
92763,8
92764,8
92765,8
92766,8
92767,8
92768,8
92769,8
92770,8
92771,8
92772,8
92773,8
92774,8
92775,8
92776,8
92777,8
92778,8
92779,8
92780,8
92781,8
92782,8
92783,8
92784,8
92785,8
92786,8
92787,8
92788,8
92789,8
92790,8
92791,8
92792,8
92793,8
92794,8
92795,8
92796,8
92797,8
92798,8
92799,8
92800,8
92801,8
92802,8
92803,8
92804,8
92805,8
92806,8
92807,8
92808,8
92809,8
92810,8
92811,8
92812,8
92813,8
92814,8
92815,8
92816,8
92817,8
92818,8
92819,8
92820,8
92821,8
92822,8
92823,8
92824,8
92825,8
92826,8
92827,8
92828,8
92829,8
92830,8
92831,8
92832,8
92833,8
92834,8
92835,8
92836,8
92837,8
92838,8
92839,8
92840,8
92841,8
92842,8
92843,8
92844,8
92845,8
92846,8
92847,8
92848,8
92849,8
92850,8
92851,8
92852,8
92853,8
92854,8
92855,8
92856,8
92857,8
92858,8
92859,8
92860,8
92861,8
92862,8
92863,8
92864,8
92865,8
92866,8
92867,8
92868,8
92869,8
92870,8
92871,8
92872,8
92873,8
92874,8
92875,8
92876,8
92877,8
92878,8
92879,8
92880,8
92881,8
92882,8
92883,8
92884,8
92885,8
92886,8
92887,8
92888,8
92889,8
92890,8
92891,8
92892,8
92893,8
92894,8
92895,8
92896,8
92897,8
92898,8
92899,8
92900,8
92901,8
92902,8
92903,8
92904,8
92905,8
92906,8
92907,8
92908,8
92909,8
92910,8
92911,8
92912,8
92913,8
92914,8
92915,8
92916,8
92917,8
92918,8
92919,8
92920,8
92921,8
92922,8
92923,8
92924,8
92925,8
92926,8
92927,8
92928,8
92929,8
92930,8
92931,8
92932,8
92933,8
92934,8
92935,8
92936,8
92937,8
92938,8
92939,8
92940,8
92941,8
92942,8
92943,8
92944,8
92945,8
92946,8
92947,8
92948,8
92949,8
92950,8
92951,8
92952,8
92953,8
92954,8
92955,8
92956,8
92957,8
92958,8
92959,8
92960,8
92961,8
92962,8
92963,8
92964,8
92965,8
92966,8
92967,8
92968,8
92969,8
92970,8
92971,8
92972,8
92973,8
92974,8
92975,8
92976,8
92977,8
92978,8
92979,8
92980,8
92981,8
92982,8
92983,8
92984,8
92985,8
92986,8
92987,8
92988,8
92989,8
92990,8
92991,8
92992,8
92993,8
92994,8
92995,8
92996,8
92997,8
92998,8
92999,8
93000,8
93001,8
93002,8
93003,8
93004,8
93005,8
93006,8
93007,8
93008,8
93009,8
93010,8
93011,8
93012,8
93013,8
93014,8
93015,8
93016,8
93017,8
93018,8
93019,8
93020,8
93021,8
93022,8
93023,8
93024,8
93025,8
93026,8
93027,8
93028,8
93029,8
93030,8
93031,8
93032,8
93033,8
93034,8
93035,8
93036,8
93037,8
93038,8
93039,8
93040,8
93041,8
93042,8
93043,8
93044,8
93045,8
93046,8
93047,8
93048,8
93049,8
93050,8
93051,8
93052,8
93053,8
93054,8
93055,8
93056,8
93057,8
93058,8
93059,8
93060,8
93061,8
93062,8
93063,8
93064,8
93065,8
93066,8
93067,8
93068,8
93069,8
93070,8
93071,8
93072,8
93073,8
93074,8
93075,8
93076,8
93077,8
93078,8
93079,8
93080,8
93081,8
93082,8
93083,8
93084,8
93085,8
93086,8
93087,8
93088,8
93089,8
93090,8
93091,8
93092,8
93093,8
93094,8
93095,8
93096,8
93097,8
93098,8
93099,8
93100,8
93101,8
93102,8
93103,8
93104,8
93105,8
93106,8
93107,8
93108,8
93109,8
93110,8
93111,8
93112,8
93113,8
93114,8
93115,8
93116,8
93117,8
93118,8
93119,8
93120,8
93121,8
93122,8
93123,8
93124,8
93125,8
93126,8
93127,8
93128,8
93129,8
93130,8
93131,8
93132,8
93133,8
93134,8
93135,8
93136,8
93137,8
93138,8
93139,8
93140,8
93141,8
93142,8
93143,8
93144,8
93145,8
93146,8
93147,8
93148,8
93149,8
93150,8
93151,8
93152,8
93153,8
93154,8
93155,8
93156,8
93157,8
93158,8
93159,8
93160,8
93161,8
93162,8
93163,8
93164,8
93165,8
93166,8
93167,8
93168,8
93169,8
93170,8
93171,8
93172,8
93173,8
93174,8
93175,8
93176,8
93177,8
93178,8
93179,8
93180,8
93181,8
93182,8
93183,8
93184,8
93185,8
93186,8
93187,8
93188,8
93189,8
93190,8
93191,8
93192,8
93193,8
93194,8
93195,8
93196,8
93197,8
93198,8
93199,8
93200,8
93201,8
93202,8
93203,8
93204,8
93205,8
93206,8
93207,8
93208,8
93209,8
93210,8
93211,8
93212,8
93213,8
93214,8
93215,8
93216,8
93217,8
93218,8
93219,8
93220,8
93221,8
93222,8
93223,8
93224,8
93225,8
93226,8
93227,8
93228,8
93229,8
93230,8
93231,8
93232,8
93233,8
93234,8
93235,8
93236,8
93237,8
93238,8
93239,8
93240,8
93241,8
93242,8
93243,8
93244,8
93245,8
93246,8
93247,8
93248,8
93249,8
93250,8
93251,8
93252,8
93253,8
93254,8
93255,8
93256,8
93257,8
93258,8
93259,8
93260,8
93261,8
93262,8
93263,8
93264,8
93265,8
93266,8
93267,8
93268,8
93269,8
93270,8
93271,8
93272,8
93273,8
93274,8
93275,8
93276,8
93277,8
93278,8
93279,8
93280,8
93281,8
93282,8
93283,8
93284,8
93285,8
93286,8
93287,8
93288,8
93289,8
93290,8
93291,8
93292,8
93293,8
93294,8
93295,8
93296,8
93297,8
93298,8
93299,8
93300,8
93301,8
93302,8
93303,8
93304,8
93305,8
93306,8
93307,8
93308,8
93309,8
93310,8
93311,8
93312,8
93313,8
93314,8
93315,8
93316,8
93317,8
93318,8
93319,8
93320,8
93321,8
93322,8
93323,8
93324,8
93325,8
93326,8
93327,8
93328,8
93329,8
93330,8
93331,8
93332,8
93333,8
93334,8
93335,8
93336,8
93337,8
93338,8
93339,8
93340,8
93341,8
93342,8
93343,8
93344,8
93345,8
93346,8
93347,8
93348,8
93349,8
93350,8
93351,8
93352,8
93353,8
93354,8
93355,8
93356,8
93357,8
93358,8
93359,8
93360,8
93361,8
93362,8
93363,8
93364,8
93365,8
93366,8
93367,8
93368,8
93369,8
93370,8
93371,8
93372,8
93373,8
93374,8
93375,8
93376,8
93377,8
93378,8
93379,8
93380,8
93381,8
93382,8
93383,8
93384,8
93385,8
93386,8
93387,8
93388,8
93389,8
93390,8
93391,8
93392,8
93393,8
93394,8
93395,8
93396,8
93397,8
93398,8
93399,8
93400,8
93401,8
93402,8
93403,8
93404,8
93405,8
93406,8
93407,8
93408,8
93409,8
93410,8
93411,8
93412,8
93413,8
93414,8
93415,8
93416,8
93417,8
93418,8
93419,8
93420,8
93421,8
93422,8
93423,8
93424,8
93425,8
93426,8
93427,8
93428,8
93429,8
93430,8
93431,8
93432,8
93433,8
93434,8
93435,8
93436,8
93437,8
93438,8
93439,8
93440,8
93441,8
93442,8
93443,8
93444,8
93445,8
93446,8
93447,8
93448,8
93449,8
93450,8
93451,8
93452,8
93453,8
93454,8
93455,8
93456,8
93457,8
93458,8
93459,8
93460,8
93461,8
93462,8
93463,8
93464,8
93465,8
93466,8
93467,8
93468,8
93469,8
93470,8
93471,8
93472,8
93473,8
93474,8
93475,8
93476,8
93477,8
93478,8
93479,8
93480,8
93481,8
93482,8
93483,8
93484,8
93485,8
93486,8
93487,8
93488,8
93489,8
93490,8
93491,8
93492,8
93493,8
93494,8
93495,8
93496,8
93497,8
93498,8
93499,8
93500,8
93501,8
93502,8
93503,8
93504,8
93505,8
93506,8
93507,8
93508,8
93509,8
93510,8
93511,8
93512,8
93513,8
93514,8
93515,8
93516,8
93517,8
93518,8
93519,8
93520,8
93521,8
93522,8
93523,8
93524,8
93525,8
93526,8
93527,8
93528,8
93529,8
93530,8
93531,8
93532,8
93533,8
93534,8
93535,8
93536,8
93537,8
93538,8
93539,8
93540,8
93541,8
93542,8
93543,8
93544,8
93545,8
93546,8
93547,8
93548,8
93549,8
93550,8
93551,8
93552,8
93553,8
93554,8
93555,8
93556,8
93557,8
93558,8
93559,8
93560,8
93561,8
93562,8
93563,8
93564,8
93565,8
93566,8
93567,8
93568,8
93569,8
93570,8
93571,8
93572,8
93573,8
93574,8
93575,8
93576,8
93577,8
93578,8
93579,8
93580,8
93581,8
93582,8
93583,8
93584,8
93585,8
93586,8
93587,8
93588,8
93589,8
93590,8
93591,8
93592,8
93593,8
93594,8
93595,8
93596,8
93597,8
93598,8
93599,8
93600,8
93601,8
93602,8
93603,8
93604,8
93605,8
93606,8
93607,8
93608,8
93609,8
93610,8
93611,8
93612,8
93613,8
93614,8
93615,8
93616,8
93617,8
93618,8
93619,8
93620,8
93621,8
93622,8
93623,8
93624,8
93625,8
93626,8
93627,8
93628,8
93629,8
93630,8
93631,8
93632,8
93633,8
93634,8
93635,8
93636,8
93637,8
93638,8
93639,8
93640,8
93641,8
93642,8
93643,8
93644,8
93645,8
93646,8
93647,8
93648,8
93649,8
93650,8
93651,8
93652,8
93653,8
93654,8
93655,8
93656,8
93657,8
93658,8
93659,8
93660,8
93661,8
93662,8
93663,8
93664,8
93665,8
93666,8
93667,8
93668,8
93669,8
93670,8
93671,8
93672,8
93673,8
93674,8
93675,8
93676,8
93677,8
93678,8
93679,8
93680,8
93681,8
93682,8
93683,8
93684,8
93685,8
93686,8
93687,8
93688,8
93689,8
93690,8
93691,8
93692,8
93693,8
93694,8
93695,8
93696,8
93697,8
93698,8
93699,8
93700,8
93701,8
93702,8
93703,8
93704,8
93705,8
93706,8
93707,8
93708,8
93709,8
93710,8
93711,8
93712,8
93713,8
93714,8
93715,8
93716,8
93717,8
93718,8
93719,8
93720,8
93721,8
93722,8
93723,8
93724,8
93725,8
93726,8
93727,8
93728,8
93729,8
93730,8
93731,8
93732,8
93733,8
93734,8
93735,8
93736,8
93737,8
93738,8
93739,8
93740,8
93741,8
93742,8
93743,8
93744,8
93745,8
93746,8
93747,8
93748,8
93749,8
93750,8
93751,8
93752,8
93753,8
93754,8
93755,8
93756,8
93757,8
93758,8
93759,8
93760,8
93761,8
93762,8
93763,8
93764,8
93765,8
93766,8
93767,8
93768,8
93769,8
93770,8
93771,8
93772,8
93773,8
93774,8
93775,8
93776,8
93777,8
93778,8
93779,8
93780,8
93781,8
93782,8
93783,8
93784,8
93785,8
93786,8
93787,8
93788,8
93789,8
93790,8
93791,8
93792,8
93793,8
93794,8
93795,8
93796,8
93797,8
93798,8
93799,8
93800,8
93801,8
93802,8
93803,8
93804,8
93805,8
93806,8
93807,8
93808,8
93809,8
93810,8
93811,8
93812,8
93813,8
93814,8
93815,8
93816,8
93817,8
93818,8
93819,8
93820,8
93821,8
93822,8
93823,8
93824,8
93825,8
93826,8
93827,8
93828,8
93829,8
93830,8
93831,8
93832,8
93833,8
93834,8
93835,8
93836,8
93837,8
93838,8
93839,8
93840,8
93841,8
93842,8
93843,8
93844,8
93845,8
93846,8
93847,8
93848,8
93849,8
93850,8
93851,8
93852,8
93853,8
93854,8
93855,8
93856,8
93857,8
93858,8
93859,8
93860,8
93861,8
93862,8
93863,8
93864,8
93865,8
93866,8
93867,8
93868,8
93869,8
93870,8
93871,8
93872,8
93873,8
93874,8
93875,8
93876,8
93877,8
93878,8
93879,8
93880,8
93881,8
93882,8
93883,8
93884,8
93885,8
93886,8
93887,8
93888,8
93889,8
93890,8
93891,8
93892,8
93893,8
93894,8
93895,8
93896,8
93897,8
93898,8
93899,8
93900,8
93901,8
93902,8
93903,8
93904,8
93905,8
93906,8
93907,8
93908,8
93909,8
93910,8
93911,8
93912,8
93913,8
93914,8
93915,8
93916,8
93917,8
93918,8
93919,8
93920,8
93921,8
93922,8
93923,8
93924,8
93925,8
93926,8
93927,8
93928,8
93929,8
93930,8
93931,8
93932,8
93933,8
93934,8
93935,8
93936,8
93937,8
93938,8
93939,8
93940,8
93941,8
93942,8
93943,8
93944,8
93945,8
93946,8
93947,8
93948,8
93949,8
93950,8
93951,8
93952,8
93953,8
93954,8
93955,8
93956,8
93957,8
93958,8
93959,8
93960,8
93961,8
93962,8
93963,8
93964,8
93965,8
93966,8
93967,8
93968,8
93969,8
93970,8
93971,8
93972,8
93973,8
93974,8
93975,8
93976,8
93977,8
93978,8
93979,8
93980,8
93981,8
93982,8
93983,8
93984,8
93985,8
93986,8
93987,8
93988,8
93989,8
93990,8
93991,8
93992,8
93993,8
93994,8
93995,8
93996,8
93997,8
93998,8
93999,8
94000,8
94001,8
94002,8
94003,8
94004,8
94005,8
94006,8
94007,8
94008,8
94009,8
94010,8
94011,8
94012,8
94013,8
94014,8
94015,8
94016,8
94017,8
94018,8
94019,8
94020,8
94021,8
94022,8
94023,8
94024,8
94025,8
94026,8
94027,8
94028,8
94029,8
94030,8
94031,8
94032,8
94033,8
94034,8
94035,8
94036,8
94037,8
94038,8
94039,8
94040,8
94041,8
94042,8
94043,8
94044,8
94045,8
94046,8
94047,8
94048,8
94049,8
94050,8
94051,8
94052,8
94053,8
94054,8
94055,8
94056,8
94057,8
94058,8
94059,8
94060,8
94061,8
94062,8
94063,8
94064,8
94065,8
94066,8
94067,8
94068,8
94069,8
94070,8
94071,8
94072,8
94073,8
94074,8
94075,8
94076,8
94077,8
94078,8
94079,8
94080,8
94081,8
94082,8
94083,8
94084,8
94085,8
94086,8
94087,8
94088,8
94089,8
94090,8
94091,8
94092,8
94093,8
94094,8
94095,8
94096,8
94097,8
94098,8
94099,8
94100,8
94101,8
94102,8
94103,8
94104,8
94105,8
94106,8
94107,8
94108,8
94109,8
94110,8
94111,8
94112,8
94113,8
94114,8
94115,8
94116,8
94117,8
94118,8
94119,8
94120,8
94121,8
94122,8
94123,8
94124,8
94125,8
94126,8
94127,8
94128,8
94129,8
94130,8
94131,8
94132,8
94133,8
94134,8
94135,8
94136,8
94137,8
94138,8
94139,8
94140,8
94141,8
94142,8
94143,8
94144,8
94145,8
94146,8
94147,8
94148,8
94149,8
94150,8
94151,8
94152,8
94153,8
94154,8
94155,8
94156,8
94157,8
94158,8
94159,8
94160,8
94161,8
94162,8
94163,8
94164,8
94165,8
94166,8
94167,8
94168,8
94169,8
94170,8
94171,8
94172,8
94173,8
94174,8
94175,8
94176,8
94177,8
94178,8
94179,8
94180,8
94181,8
94182,8
94183,8
94184,8
94185,8
94186,8
94187,8
94188,8
94189,8
94190,8
94191,8
94192,8
94193,8
94194,8
94195,8
94196,8
94197,8
94198,8
94199,8
94200,8
94201,8
94202,8
94203,8
94204,8
94205,8
94206,8
94207,8
94208,8
94209,8
94210,8
94211,8
94212,8
94213,8
94214,8
94215,8
94216,8
94217,8
94218,8
94219,8
94220,8
94221,8
94222,8
94223,8
94224,8
94225,8
94226,8
94227,8
94228,8
94229,8
94230,8
94231,8
94232,8
94233,8
94234,8
94235,8
94236,8
94237,8
94238,8
94239,8
94240,8
94241,8
94242,8
94243,8
94244,8
94245,8
94246,8
94247,8
94248,8
94249,8
94250,8
94251,8
94252,8
94253,8
94254,8
94255,8
94256,8
94257,8
94258,8
94259,8
94260,8
94261,8
94262,8
94263,8
94264,8
94265,8
94266,8
94267,8
94268,8
94269,8
94270,8
94271,8
94272,8
94273,8
94274,8
94275,8
94276,8
94277,8
94278,8
94279,8
94280,8
94281,8
94282,8
94283,8
94284,8
94285,8
94286,8
94287,8
94288,8
94289,8
94290,8
94291,8
94292,8
94293,8
94294,8
94295,8
94296,8
94297,8
94298,8
94299,8
94300,8
94301,8
94302,8
94303,8
94304,8
94305,8
94306,8
94307,8
94308,8
94309,8
94310,8
94311,8
94312,8
94313,8
94314,8
94315,8
94316,8
94317,8
94318,8
94319,8
94320,8
94321,8
94322,8
94323,8
94324,8
94325,8
94326,8
94327,8
94328,8
94329,8
94330,8
94331,8
94332,8
94333,8
94334,8
94335,8
94336,8
94337,8
94338,8
94339,8
94340,8
94341,8
94342,8
94343,8
94344,8
94345,8
94346,8
94347,8
94348,8
94349,8
94350,8
94351,8
94352,8
94353,8
94354,8
94355,8
94356,8
94357,8
94358,8
94359,8
94360,8
94361,8
94362,8
94363,8
94364,8
94365,8
94366,8
94367,8
94368,8
94369,8
94370,8
94371,8
94372,8
94373,8
94374,8
94375,8
94376,8
94377,8
94378,8
94379,8
94380,8
94381,8
94382,8
94383,8
94384,8
94385,8
94386,8
94387,8
94388,8
94389,8
94390,8
94391,8
94392,8
94393,8
94394,8
94395,8
94396,8
94397,8
94398,8
94399,8
94400,8
94401,8
94402,8
94403,8
94404,8
94405,8
94406,8
94407,8
94408,8
94409,8
94410,8
94411,8
94412,8
94413,8
94414,8
94415,8
94416,8
94417,8
94418,8
94419,8
94420,8
94421,8
94422,8
94423,8
94424,8
94425,8
94426,8
94427,8
94428,8
94429,8
94430,8
94431,8
94432,8
94433,8
94434,8
94435,8
94436,8
94437,8
94438,8
94439,8
94440,8
94441,8
94442,8
94443,8
94444,8
94445,8
94446,8
94447,8
94448,8
94449,8
94450,8
94451,8
94452,8
94453,8
94454,8
94455,8
94456,8
94457,8
94458,8
94459,8
94460,8
94461,8
94462,8
94463,8
94464,8
94465,8
94466,8
94467,8
94468,8
94469,8
94470,8
94471,8
94472,8
94473,8
94474,8
94475,8
94476,8
94477,8
94478,8
94479,8
94480,8
94481,8
94482,8
94483,8
94484,8
94485,8
94486,8
94487,8
94488,8
94489,8
94490,8
94491,8
94492,8
94493,8
94494,8
94495,8
94496,8
94497,8
94498,8
94499,8
94500,8
94501,8
94502,8
94503,8
94504,8
94505,8
94506,8
94507,8
94508,8
94509,8
94510,8
94511,8
94512,8
94513,8
94514,8
94515,8
94516,8
94517,8
94518,8
94519,8
94520,8
94521,8
94522,8
94523,8
94524,8
94525,8
94526,8
94527,8
94528,8
94529,8
94530,8
94531,8
94532,8
94533,8
94534,8
94535,8
94536,8
94537,8
94538,8
94539,8
94540,8
94541,8
94542,8
94543,8
94544,8
94545,8
94546,8
94547,8
94548,8
94549,8
94550,8
94551,8
94552,8
94553,8
94554,8
94555,8
94556,8
94557,8
94558,8
94559,8
94560,8
94561,8
94562,8
94563,8
94564,8
94565,8
94566,8
94567,8
94568,8
94569,8
94570,8
94571,8
94572,8
94573,8
94574,8
94575,8
94576,8
94577,8
94578,8
94579,8
94580,8
94581,8
94582,8
94583,8
94584,8
94585,8
94586,8
94587,8
94588,8
94589,8
94590,8
94591,8
94592,8
94593,8
94594,8
94595,8
94596,8
94597,8
94598,8
94599,8
94600,8
94601,8
94602,8
94603,8
94604,8
94605,8
94606,8
94607,8
94608,8
94609,8
94610,8
94611,8
94612,8
94613,8
94614,8
94615,8
94616,8
94617,8
94618,8
94619,8
94620,8
94621,8
94622,8
94623,8
94624,8
94625,8
94626,8
94627,8
94628,8
94629,8
94630,8
94631,8
94632,8
94633,8
94634,8
94635,8
94636,8
94637,8
94638,8
94639,8
94640,8
94641,8
94642,8
94643,8
94644,8
94645,8
94646,8
94647,8
94648,8
94649,8
94650,8
94651,8
94652,8
94653,8
94654,8
94655,8
94656,8
94657,8
94658,8
94659,8
94660,8
94661,8
94662,8
94663,8
94664,8
94665,8
94666,8
94667,8
94668,8
94669,8
94670,8
94671,8
94672,8
94673,8
94674,8
94675,8
94676,8
94677,8
94678,8
94679,8
94680,8
94681,8
94682,8
94683,8
94684,8
94685,8
94686,8
94687,8
94688,8
94689,8
94690,8
94691,8
94692,8
94693,8
94694,8
94695,8
94696,8
94697,8
94698,8
94699,8
94700,8
94701,8
94702,8
94703,8
94704,8
94705,8
94706,8
94707,8
94708,8
94709,8
94710,8
94711,8
94712,8
94713,8
94714,8
94715,8
94716,8
94717,8
94718,8
94719,8
94720,8
94721,8
94722,8
94723,8
94724,8
94725,8
94726,8
94727,8
94728,8
94729,8
94730,8
94731,8
94732,8
94733,8
94734,8
94735,8
94736,8
94737,8
94738,8
94739,8
94740,8
94741,8
94742,8
94743,8
94744,8
94745,8
94746,8
94747,8
94748,8
94749,8
94750,8
94751,8
94752,8
94753,8
94754,8
94755,8
94756,8
94757,8
94758,8
94759,8
94760,8
94761,8
94762,8
94763,8
94764,8
94765,8
94766,8
94767,8
94768,8
94769,8
94770,8
94771,8
94772,8
94773,8
94774,8
94775,8
94776,8
94777,8
94778,8
94779,8
94780,8
94781,8
94782,8
94783,8
94784,8
94785,8
94786,8
94787,8
94788,8
94789,8
94790,8
94791,8
94792,8
94793,8
94794,8
94795,8
94796,8
94797,8
94798,8
94799,8
94800,8
94801,8
94802,8
94803,8
94804,8
94805,8
94806,8
94807,8
94808,8
94809,8
94810,8
94811,8
94812,8
94813,8
94814,8
94815,8
94816,8
94817,8
94818,8
94819,8
94820,8
94821,8
94822,8
94823,8
94824,8
94825,8
94826,8
94827,8
94828,8
94829,8
94830,8
94831,8
94832,8
94833,8
94834,8
94835,8
94836,8
94837,8
94838,8
94839,8
94840,8
94841,8
94842,8
94843,8
94844,8
94845,8
94846,8
94847,8
94848,8
94849,8
94850,8
94851,8
94852,8
94853,8
94854,8
94855,8
94856,8
94857,8
94858,8
94859,8
94860,8
94861,8
94862,8
94863,8
94864,8
94865,8
94866,8
94867,8
94868,8
94869,8
94870,8
94871,8
94872,8
94873,8
94874,8
94875,8
94876,8
94877,8
94878,8
94879,8
94880,8
94881,8
94882,8
94883,8
94884,8
94885,8
94886,8
94887,8
94888,8
94889,8
94890,8
94891,8
94892,8
94893,8
94894,8
94895,8
94896,8
94897,8
94898,8
94899,8
94900,8
94901,8
94902,8
94903,8
94904,8
94905,8
94906,8
94907,8
94908,8
94909,8
94910,8
94911,8
94912,8
94913,8
94914,8
94915,8
94916,8
94917,8
94918,8
94919,8
94920,8
94921,8
94922,8
94923,8
94924,8
94925,8
94926,8
94927,8
94928,8
94929,8
94930,8
94931,8
94932,8
94933,8
94934,8
94935,8
94936,8
94937,8
94938,8
94939,8
94940,8
94941,8
94942,8
94943,8
94944,8
94945,8
94946,8
94947,8
94948,8
94949,8
94950,8
94951,8
94952,8
94953,8
94954,8
94955,8
94956,8
94957,8
94958,8
94959,8
94960,8
94961,8
94962,8
94963,8
94964,8
94965,8
94966,8
94967,8
94968,8
94969,8
94970,8
94971,8
94972,8
94973,8
94974,8
94975,8
94976,8
94977,8
94978,8
94979,8
94980,8
94981,8
94982,8
94983,8
94984,8
94985,8
94986,8
94987,8
94988,8
94989,8
94990,8
94991,8
94992,8
94993,8
94994,8
94995,8
94996,8
94997,8
94998,8
94999,8
95000,8
95001,8
95002,8
95003,8
95004,8
95005,8
95006,8
95007,8
95008,8
95009,8
95010,8
95011,8
95012,8
95013,8
95014,8
95015,8
95016,8
95017,8
95018,8
95019,8
95020,8
95021,8
95022,8
95023,8
95024,8
95025,8
95026,8
95027,8
95028,8
95029,8
95030,8
95031,8
95032,8
95033,8
95034,8
95035,8
95036,8
95037,8
95038,8
95039,8
95040,8
95041,8
95042,8
95043,8
95044,8
95045,8
95046,8
95047,8
95048,8
95049,8
95050,8
95051,8
95052,8
95053,8
95054,8
95055,8
95056,8
95057,8
95058,8
95059,8
95060,8
95061,8
95062,8
95063,8
95064,8
95065,8
95066,8
95067,8
95068,8
95069,8
95070,8
95071,8
95072,8
95073,8
95074,8
95075,8
95076,8
95077,8
95078,8
95079,8
95080,8
95081,8
95082,8
95083,8
95084,8
95085,8
95086,8
95087,8
95088,8
95089,8
95090,8
95091,8
95092,8
95093,8
95094,8
95095,8
95096,8
95097,8
95098,8
95099,8
95100,8
95101,8
95102,8
95103,8
95104,8
95105,8
95106,8
95107,8
95108,8
95109,8
95110,8
95111,8
95112,8
95113,8
95114,8
95115,8
95116,8
95117,8
95118,8
95119,8
95120,8
95121,8
95122,8
95123,8
95124,8
95125,8
95126,8
95127,8
95128,8
95129,8
95130,8
95131,8
95132,8
95133,8
95134,8
95135,8
95136,8
95137,8
95138,8
95139,8
95140,8
95141,8
95142,8
95143,8
95144,8
95145,8
95146,8
95147,8
95148,8
95149,8
95150,8
95151,8
95152,8
95153,8
95154,8
95155,8
95156,8
95157,8
95158,8
95159,8
95160,8
95161,8
95162,8
95163,8
95164,8
95165,8
95166,8
95167,8
95168,8
95169,8
95170,8
95171,8
95172,8
95173,8
95174,8
95175,8
95176,8
95177,8
95178,8
95179,8
95180,8
95181,8
95182,8
95183,8
95184,8
95185,8
95186,8
95187,8
95188,8
95189,8
95190,8
95191,8
95192,8
95193,8
95194,8
95195,8
95196,8
95197,8
95198,8
95199,8
95200,8
95201,8
95202,8
95203,8
95204,8
95205,8
95206,8
95207,8
95208,8
95209,8
95210,8
95211,8
95212,8
95213,8
95214,8
95215,8
95216,8
95217,8
95218,8
95219,8
95220,8
95221,8
95222,8
95223,8
95224,8
95225,8
95226,8
95227,8
95228,8
95229,8
95230,8
95231,8
95232,8
95233,8
95234,8
95235,8
95236,8
95237,8
95238,8
95239,8
95240,8
95241,8
95242,8
95243,8
95244,8
95245,8
95246,8
95247,8
95248,8
95249,8
95250,8
95251,8
95252,8
95253,8
95254,8
95255,8
95256,8
95257,8
95258,8
95259,8
95260,8
95261,8
95262,8
95263,8
95264,8
95265,8
95266,8
95267,8
95268,8
95269,8
95270,8
95271,8
95272,8
95273,8
95274,8
95275,8
95276,8
95277,8
95278,8
95279,8
95280,8
95281,8
95282,8
95283,8
95284,8
95285,8
95286,8
95287,8
95288,8
95289,8
95290,8
95291,8
95292,8
95293,8
95294,8
95295,8
95296,8
95297,8
95298,8
95299,8
95300,8
95301,8
95302,8
95303,8
95304,8
95305,8
95306,8
95307,8
95308,8
95309,8
95310,8
95311,8
95312,8
95313,8
95314,8
95315,8
95316,8
95317,8
95318,8
95319,8
95320,8
95321,8
95322,8
95323,8
95324,8
95325,8
95326,8
95327,8
95328,8
95329,8
95330,8
95331,8
95332,8
95333,8
95334,8
95335,8
95336,8
95337,8
95338,8
95339,8
95340,8
95341,8
95342,8
95343,8
95344,8
95345,8
95346,8
95347,8
95348,8
95349,8
95350,8
95351,8
95352,8
95353,8
95354,8
95355,8
95356,8
95357,8
95358,8
95359,8
95360,8
95361,8
95362,8
95363,8
95364,8
95365,8
95366,8
95367,8
95368,8
95369,8
95370,8
95371,8
95372,8
95373,8
95374,8
95375,8
95376,8
95377,8
95378,8
95379,8
95380,8
95381,8
95382,8
95383,8
95384,8
95385,8
95386,8
95387,8
95388,8
95389,8
95390,8
95391,8
95392,8
95393,8
95394,8
95395,8
95396,8
95397,8
95398,8
95399,8
95400,8
95401,8
95402,8
95403,8
95404,8
95405,8
95406,8
95407,8
95408,8
95409,8
95410,8
95411,8
95412,8
95413,8
95414,8
95415,8
95416,8
95417,8
95418,8
95419,8
95420,8
95421,8
95422,8
95423,8
95424,8
95425,8
95426,8
95427,8
95428,8
95429,8
95430,8
95431,8
95432,8
95433,8
95434,8
95435,8
95436,8
95437,8
95438,8
95439,8
95440,8
95441,8
95442,8
95443,8
95444,8
95445,8
95446,8
95447,8
95448,8
95449,8
95450,8
95451,8
95452,8
95453,8
95454,8
95455,8
95456,8
95457,8
95458,8
95459,8
95460,8
95461,8
95462,8
95463,8
95464,8
95465,8
95466,8
95467,8
95468,8
95469,8
95470,8
95471,8
95472,8
95473,8
95474,8
95475,8
95476,8
95477,8
95478,8
95479,8
95480,8
95481,8
95482,8
95483,8
95484,8
95485,8
95486,8
95487,8
95488,8
95489,8
95490,8
95491,8
95492,8
95493,8
95494,8
95495,8
95496,8
95497,8
95498,8
95499,8
95500,8
95501,8
95502,8
95503,8
95504,8
95505,8
95506,8
95507,8
95508,8
95509,8
95510,8
95511,8
95512,8
95513,8
95514,8
95515,8
95516,8
95517,8
95518,8
95519,8
95520,8
95521,8
95522,8
95523,8
95524,8
95525,8
95526,8
95527,8
95528,8
95529,8
95530,8
95531,8
95532,8
95533,8
95534,8
95535,8
95536,8
95537,8
95538,8
95539,8
95540,8
95541,8
95542,8
95543,8
95544,8
95545,8
95546,8
95547,8
95548,8
95549,8
95550,8
95551,8
95552,8
95553,8
95554,8
95555,8
95556,8
95557,8
95558,8
95559,8
95560,8
95561,8
95562,8
95563,8
95564,8
95565,8
95566,8
95567,8
95568,8
95569,8
95570,8
95571,8
95572,8
95573,8
95574,8
95575,8
95576,8
95577,8
95578,8
95579,8
95580,8
95581,8
95582,8
95583,8
95584,8
95585,8
95586,8
95587,8
95588,8
95589,8
95590,8
95591,8
95592,8
95593,8
95594,8
95595,8
95596,8
95597,8
95598,8
95599,8
95600,8
95601,8
95602,8
95603,8
95604,8
95605,8
95606,8
95607,8
95608,8
95609,8
95610,8
95611,8
95612,8
95613,8
95614,8
95615,8
95616,8
95617,8
95618,8
95619,8
95620,8
95621,8
95622,8
95623,8
95624,8
95625,8
95626,8
95627,8
95628,8
95629,8
95630,8
95631,8
95632,8
95633,8
95634,8
95635,8
95636,8
95637,8
95638,8
95639,8
95640,8
95641,8
95642,8
95643,8
95644,8
95645,8
95646,8
95647,8
95648,8
95649,8
95650,8
95651,8
95652,8
95653,8
95654,8
95655,8
95656,8
95657,8
95658,8
95659,8
95660,8
95661,8
95662,8
95663,8
95664,8
95665,8
95666,8
95667,8
95668,8
95669,8
95670,8
95671,8
95672,8
95673,8
95674,8
95675,8
95676,8
95677,8
95678,8
95679,8
95680,8
95681,8
95682,8
95683,8
95684,8
95685,8
95686,8
95687,8
95688,8
95689,8
95690,8
95691,8
95692,8
95693,8
95694,8
95695,8
95696,8
95697,8
95698,8
95699,8
95700,8
95701,8
95702,8
95703,8
95704,8
95705,8
95706,8
95707,8
95708,8
95709,8
95710,8
95711,8
95712,8
95713,8
95714,8
95715,8
95716,8
95717,8
95718,8
95719,8
95720,8
95721,8
95722,8
95723,8
95724,8
95725,8
95726,8
95727,8
95728,8
95729,8
95730,8
95731,8
95732,8
95733,8
95734,8
95735,8
95736,8
95737,8
95738,8
95739,8
95740,8
95741,8
95742,8
95743,8
95744,8
95745,8
95746,8
95747,8
95748,8
95749,8
95750,8
95751,8
95752,8
95753,8
95754,8
95755,8
95756,8
95757,8
95758,8
95759,8
95760,8
95761,8
95762,8
95763,8
95764,8
95765,8
95766,8
95767,8
95768,8
95769,8
95770,8
95771,8
95772,8
95773,8
95774,8
95775,8
95776,8
95777,8
95778,8
95779,8
95780,8
95781,8
95782,8
95783,8
95784,8
95785,8
95786,8
95787,8
95788,8
95789,8
95790,8
95791,8
95792,8
95793,8
95794,8
95795,8
95796,8
95797,8
95798,8
95799,8
95800,8
95801,8
95802,8
95803,8
95804,8
95805,8
95806,8
95807,8
95808,8
95809,8
95810,8
95811,8
95812,8
95813,8
95814,8
95815,8
95816,8
95817,8
95818,8
95819,8
95820,8
95821,8
95822,8
95823,8
95824,8
95825,8
95826,8
95827,8
95828,8
95829,8
95830,8
95831,8
95832,8
95833,8
95834,8
95835,8
95836,8
95837,8
95838,8
95839,8
95840,8
95841,8
95842,8
95843,8
95844,8
95845,8
95846,8
95847,8
95848,8
95849,8
95850,8
95851,8
95852,8
95853,8
95854,8
95855,8
95856,8
95857,8
95858,8
95859,8
95860,8
95861,8
95862,8
95863,8
95864,8
95865,8
95866,8
95867,8
95868,8
95869,8
95870,8
95871,8
95872,8
95873,8
95874,8
95875,8
95876,8
95877,8
95878,8
95879,8
95880,8
95881,8
95882,8
95883,8
95884,8
95885,8
95886,8
95887,8
95888,8
95889,8
95890,8
95891,8
95892,8
95893,8
95894,8
95895,8
95896,8
95897,8
95898,8
95899,8
95900,8
95901,8
95902,8
95903,8
95904,8
95905,8
95906,8
95907,8
95908,8
95909,8
95910,8
95911,8
95912,8
95913,8
95914,8
95915,8
95916,8
95917,8
95918,8
95919,8
95920,8
95921,8
95922,8
95923,8
95924,8
95925,8
95926,8
95927,8
95928,8
95929,8
95930,8
95931,8
95932,8
95933,8
95934,8
95935,8
95936,8
95937,8
95938,8
95939,8
95940,8
95941,8
95942,8
95943,8
95944,8
95945,8
95946,8
95947,8
95948,8
95949,8
95950,8
95951,8
95952,8
95953,8
95954,8
95955,8
95956,8
95957,8
95958,8
95959,8
95960,8
95961,8
95962,8
95963,8
95964,8
95965,8
95966,8
95967,8
95968,8
95969,8
95970,8
95971,8
95972,8
95973,8
95974,8
95975,8
95976,8
95977,8
95978,8
95979,8
95980,8
95981,8
95982,8
95983,8
95984,8
95985,8
95986,8
95987,8
95988,8
95989,8
95990,8
95991,8
95992,8
95993,8
95994,8
95995,8
95996,8
95997,8
95998,8
95999,8
96000,8
96001,8
96002,8
96003,8
96004,8
96005,8
96006,8
96007,8
96008,8
96009,8
96010,8
96011,8
96012,8
96013,8
96014,8
96015,8
96016,8
96017,8
96018,8
96019,8
96020,8
96021,8
96022,8
96023,8
96024,8
96025,8
96026,8
96027,8
96028,8
96029,8
96030,8
96031,8
96032,8
96033,8
96034,8
96035,8
96036,8
96037,8
96038,8
96039,8
96040,8
96041,8
96042,8
96043,8
96044,8
96045,8
96046,8
96047,8
96048,8
96049,8
96050,8
96051,8
96052,8
96053,8
96054,8
96055,8
96056,8
96057,8
96058,8
96059,8
96060,8
96061,8
96062,8
96063,8
96064,8
96065,8
96066,8
96067,8
96068,8
96069,8
96070,8
96071,8
96072,8
96073,8
96074,8
96075,8
96076,8
96077,8
96078,8
96079,8
96080,8
96081,8
96082,8
96083,8
96084,8
96085,8
96086,8
96087,8
96088,8
96089,8
96090,8
96091,8
96092,8
96093,8
96094,8
96095,8
96096,8
96097,8
96098,8
96099,8
96100,8
96101,8
96102,8
96103,8
96104,8
96105,8
96106,8
96107,8
96108,8
96109,8
96110,8
96111,8
96112,8
96113,8
96114,8
96115,8
96116,8
96117,8
96118,8
96119,8
96120,8
96121,8
96122,8
96123,8
96124,8
96125,8
96126,8
96127,8
96128,8
96129,8
96130,8
96131,8
96132,8
96133,8
96134,8
96135,8
96136,8
96137,8
96138,8
96139,8
96140,8
96141,8
96142,8
96143,8
96144,8
96145,8
96146,8
96147,8
96148,8
96149,8
96150,8
96151,8
96152,8
96153,8
96154,8
96155,8
96156,8
96157,8
96158,8
96159,8
96160,8
96161,8
96162,8
96163,8
96164,8
96165,8
96166,8
96167,8
96168,8
96169,8
96170,8
96171,8
96172,8
96173,8
96174,8
96175,8
96176,8
96177,8
96178,8
96179,8
96180,8
96181,8
96182,8
96183,8
96184,8
96185,8
96186,8
96187,8
96188,8
96189,8
96190,8
96191,8
96192,8
96193,8
96194,8
96195,8
96196,8
96197,8
96198,8
96199,8
96200,8
96201,8
96202,8
96203,8
96204,8
96205,8
96206,8
96207,8
96208,8
96209,8
96210,8
96211,8
96212,8
96213,8
96214,8
96215,8
96216,8
96217,8
96218,8
96219,8
96220,8
96221,8
96222,8
96223,8
96224,8
96225,8
96226,8
96227,8
96228,8
96229,8
96230,8
96231,8
96232,8
96233,8
96234,8
96235,8
96236,8
96237,8
96238,8
96239,8
96240,8
96241,8
96242,8
96243,8
96244,8
96245,8
96246,8
96247,8
96248,8
96249,8
96250,8
96251,8
96252,8
96253,8
96254,8
96255,8
96256,8
96257,8
96258,8
96259,8
96260,8
96261,8
96262,8
96263,8
96264,8
96265,8
96266,8
96267,8
96268,8
96269,8
96270,8
96271,8
96272,8
96273,8
96274,8
96275,8
96276,8
96277,8
96278,8
96279,8
96280,8
96281,8
96282,8
96283,8
96284,8
96285,8
96286,8
96287,8
96288,8
96289,8
96290,8
96291,8
96292,8
96293,8
96294,8
96295,8
96296,8
96297,8
96298,8
96299,8
96300,8
96301,8
96302,8
96303,8
96304,8
96305,8
96306,8
96307,8
96308,8
96309,8
96310,8
96311,8
96312,8
96313,8
96314,8
96315,8
96316,8
96317,8
96318,8
96319,8
96320,8
96321,8
96322,8
96323,8
96324,8
96325,8
96326,8
96327,8
96328,8
96329,8
96330,8
96331,8
96332,8
96333,8
96334,8
96335,8
96336,8
96337,8
96338,8
96339,8
96340,8
96341,8
96342,8
96343,8
96344,8
96345,8
96346,8
96347,8
96348,8
96349,8
96350,8
96351,8
96352,8
96353,8
96354,8
96355,8
96356,8
96357,8
96358,8
96359,8
96360,8
96361,8
96362,8
96363,8
96364,8
96365,8
96366,8
96367,8
96368,8
96369,8
96370,8
96371,8
96372,8
96373,8
96374,8
96375,8
96376,8
96377,8
96378,8
96379,8
96380,8
96381,8
96382,8
96383,8
96384,8
96385,8
96386,8
96387,8
96388,8
96389,8
96390,8
96391,8
96392,8
96393,8
96394,8
96395,8
96396,8
96397,8
96398,8
96399,8
96400,8
96401,8
96402,8
96403,8
96404,8
96405,8
96406,8
96407,8
96408,8
96409,8
96410,8
96411,8
96412,8
96413,8
96414,8
96415,8
96416,8
96417,8
96418,8
96419,8
96420,8
96421,8
96422,8
96423,8
96424,8
96425,8
96426,8
96427,8
96428,8
96429,8
96430,8
96431,8
96432,8
96433,8
96434,8
96435,8
96436,8
96437,8
96438,8
96439,8
96440,8
96441,8
96442,8
96443,8
96444,8
96445,8
96446,8
96447,8
96448,8
96449,8
96450,8
96451,8
96452,8
96453,8
96454,8
96455,8
96456,8
96457,8
96458,8
96459,8
96460,8
96461,8
96462,8
96463,8
96464,8
96465,8
96466,8
96467,8
96468,8
96469,8
96470,8
96471,8
96472,8
96473,8
96474,8
96475,8
96476,8
96477,8
96478,8
96479,8
96480,8
96481,8
96482,8
96483,8
96484,8
96485,8
96486,8
96487,8
96488,8
96489,8
96490,8
96491,8
96492,8
96493,8
96494,8
96495,8
96496,8
96497,8
96498,8
96499,8
96500,8
96501,8
96502,8
96503,8
96504,8
96505,8
96506,8
96507,8
96508,8
96509,8
96510,8
96511,8
96512,8
96513,8
96514,8
96515,8
96516,8
96517,8
96518,8
96519,8
96520,8
96521,8
96522,8
96523,8
96524,8
96525,8
96526,8
96527,8
96528,8
96529,8
96530,8
96531,8
96532,8
96533,8
96534,8
96535,8
96536,8
96537,8
96538,8
96539,8
96540,8
96541,8
96542,8
96543,8
96544,8
96545,8
96546,8
96547,8
96548,8
96549,8
96550,8
96551,8
96552,8
96553,8
96554,8
96555,8
96556,8
96557,8
96558,8
96559,8
96560,8
96561,8
96562,8
96563,8
96564,8
96565,8
96566,8
96567,8
96568,8
96569,8
96570,8
96571,8
96572,8
96573,8
96574,8
96575,8
96576,8
96577,8
96578,8
96579,8
96580,8
96581,8
96582,8
96583,8
96584,8
96585,8
96586,8
96587,8
96588,8
96589,8
96590,8
96591,8
96592,8
96593,8
96594,8
96595,8
96596,8
96597,8
96598,8
96599,8
96600,8
96601,8
96602,8
96603,8
96604,8
96605,8
96606,8
96607,8
96608,8
96609,8
96610,8
96611,8
96612,8
96613,8
96614,8
96615,8
96616,8
96617,8
96618,8
96619,8
96620,8
96621,8
96622,8
96623,8
96624,8
96625,8
96626,8
96627,8
96628,8
96629,8
96630,8
96631,8
96632,8
96633,8
96634,8
96635,8
96636,8
96637,8
96638,8
96639,8
96640,8
96641,8
96642,8
96643,8
96644,8
96645,8
96646,8
96647,8
96648,8
96649,8
96650,8
96651,8
96652,8
96653,8
96654,8
96655,8
96656,8
96657,8
96658,8
96659,8
96660,8
96661,8
96662,8
96663,8
96664,8
96665,8
96666,8
96667,8
96668,8
96669,8
96670,8
96671,8
96672,8
96673,8
96674,8
96675,8
96676,8
96677,8
96678,8
96679,8
96680,8
96681,8
96682,8
96683,8
96684,8
96685,8
96686,8
96687,8
96688,8
96689,8
96690,8
96691,8
96692,8
96693,8
96694,8
96695,8
96696,8
96697,8
96698,8
96699,8
96700,8
96701,8
96702,8
96703,8
96704,8
96705,8
96706,8
96707,8
96708,8
96709,8
96710,8
96711,8
96712,8
96713,8
96714,8
96715,8
96716,8
96717,8
96718,8
96719,8
96720,8
96721,8
96722,8
96723,8
96724,8
96725,8
96726,8
96727,8
96728,8
96729,8
96730,8
96731,8
96732,8
96733,8
96734,8
96735,8
96736,8
96737,8
96738,8
96739,8
96740,8
96741,8
96742,8
96743,8
96744,8
96745,8
96746,8
96747,8
96748,8
96749,8
96750,8
96751,8
96752,8
96753,8
96754,8
96755,8
96756,8
96757,8
96758,8
96759,8
96760,8
96761,8
96762,8
96763,8
96764,8
96765,8
96766,8
96767,8
96768,8
96769,8
96770,8
96771,8
96772,8
96773,8
96774,8
96775,8
96776,8
96777,8
96778,8
96779,8
96780,8
96781,8
96782,8
96783,8
96784,8
96785,8
96786,8
96787,8
96788,8
96789,8
96790,8
96791,8
96792,8
96793,8
96794,8
96795,8
96796,8
96797,8
96798,8
96799,8
96800,8
96801,8
96802,8
96803,8
96804,8
96805,8
96806,8
96807,8
96808,8
96809,8
96810,8
96811,8
96812,8
96813,8
96814,8
96815,8
96816,8
96817,8
96818,8
96819,8
96820,8
96821,8
96822,8
96823,8
96824,8
96825,8
96826,8
96827,8
96828,8
96829,8
96830,8
96831,8
96832,8
96833,8
96834,8
96835,8
96836,8
96837,8
96838,8
96839,8
96840,8
96841,8
96842,8
96843,8
96844,8
96845,8
96846,8
96847,8
96848,8
96849,8
96850,8
96851,8
96852,8
96853,8
96854,8
96855,8
96856,8
96857,8
96858,8
96859,8
96860,8
96861,8
96862,8
96863,8
96864,8
96865,8
96866,8
96867,8
96868,8
96869,8
96870,8
96871,8
96872,8
96873,8
96874,8
96875,8
96876,8
96877,8
96878,8
96879,8
96880,8
96881,8
96882,8
96883,8
96884,8
96885,8
96886,8
96887,8
96888,8
96889,8
96890,8
96891,8
96892,8
96893,8
96894,8
96895,8
96896,8
96897,8
96898,8
96899,8
96900,8
96901,8
96902,8
96903,8
96904,8
96905,8
96906,8
96907,8
96908,8
96909,8
96910,8
96911,8
96912,8
96913,8
96914,8
96915,8
96916,8
96917,8
96918,8
96919,8
96920,8
96921,8
96922,8
96923,8
96924,8
96925,8
96926,8
96927,8
96928,8
96929,8
96930,8
96931,8
96932,8
96933,8
96934,8
96935,8
96936,8
96937,8
96938,8
96939,8
96940,8
96941,8
96942,8
96943,8
96944,8
96945,8
96946,8
96947,8
96948,8
96949,8
96950,8
96951,8
96952,8
96953,8
96954,8
96955,8
96956,8
96957,9
96958,9
96959,9
96960,9
96961,9
96962,9
96963,9
96964,9
96965,9
96966,9
96967,9
96968,9
96969,9
96970,9
96971,9
96972,9
96973,9
96974,9
96975,9
96976,9
96977,9
96978,9
96979,9
96980,9
96981,9
96982,9
96983,9
96984,9
96985,9
96986,9
96987,9
96988,9
96989,9
96990,9
96991,9
96992,9
96993,9
96994,9
96995,9
96996,9
96997,9
96998,9
96999,9
97000,9
97001,9
97002,9
97003,9
97004,9
97005,9
97006,9
97007,9
97008,9
97009,9
97010,9
97011,9
97012,9
97013,9
97014,9
97015,9
97016,9
97017,9
97018,9
97019,9
97020,9
97021,9
97022,9
97023,9
97024,9
97025,9
97026,9
97027,9
97028,9
97029,9
97030,9
97031,9
97032,9
97033,9
97034,9
97035,9
97036,9
97037,9
97038,9
97039,9
97040,9
97041,9
97042,9
97043,9
97044,9
97045,9
97046,9
97047,9
97048,9
97049,9
97050,9
97051,9
97052,9
97053,9
97054,9
97055,9
97056,9
97057,9
97058,9
97059,9
97060,9
97061,9
97062,9
97063,9
97064,9
97065,9
97066,9
97067,9
97068,9
97069,9
97070,9
97071,9
97072,9
97073,9
97074,9
97075,9
97076,9
97077,9
97078,9
97079,9
97080,9
97081,9
97082,9
97083,9
97084,9
97085,9
97086,9
97087,9
97088,9
97089,9
97090,9
97091,9
97092,9
97093,9
97094,9
97095,9
97096,9
97097,9
97098,9
97099,9
97100,9
97101,9
97102,9
97103,9
97104,9
97105,9
97106,9
97107,9
97108,9
97109,9
97110,9
97111,9
97112,9
97113,9
97114,9
97115,9
97116,9
97117,9
97118,9
97119,9
97120,9
97121,9
97122,9
97123,9
97124,9
97125,9
97126,9
97127,9
97128,9
97129,9
97130,9
97131,9
97132,9
97133,9
97134,9
97135,9
97136,9
97137,9
97138,9
97139,9
97140,9
97141,9
97142,9
97143,9
97144,9
97145,9
97146,9
97147,9
97148,9
97149,9
97150,9
97151,9
97152,9
97153,9
97154,9
97155,9
97156,9
97157,9
97158,9
97159,9
97160,9
97161,9
97162,9
97163,9
97164,9
97165,9
97166,9
97167,9
97168,9
97169,9
97170,9
97171,9
97172,9
97173,9
97174,9
97175,9
97176,9
97177,9
97178,9
97179,9
97180,9
97181,9
97182,9
97183,9
97184,9
97185,9
97186,9
97187,9
97188,9
97189,9
97190,9
97191,9
97192,9
97193,9
97194,9
97195,9
97196,9
97197,9
97198,9
97199,9
97200,9
97201,9
97202,9
97203,9
97204,9
97205,9
97206,9
97207,9
97208,9
97209,9
97210,9
97211,9
97212,9
97213,9
97214,9
97215,9
97216,9
97217,9
97218,9
97219,9
97220,9
97221,9
97222,9
97223,9
97224,9
97225,9
97226,9
97227,9
97228,9
97229,9
97230,9
97231,9
97232,9
97233,9
97234,9
97235,9
97236,9
97237,9
97238,9
97239,9
97240,9
97241,9
97242,9
97243,9
97244,9
97245,9
97246,9
97247,9
97248,9
97249,9
97250,9
97251,9
97252,9
97253,9
97254,9
97255,9
97256,9
97257,9
97258,9
97259,9
97260,9
97261,9
97262,9
97263,9
97264,9
97265,9
97266,9
97267,9
97268,9
97269,9
97270,9
97271,9
97272,9
97273,9
97274,9
97275,9
97276,9
97277,9
97278,9
97279,9
97280,9
97281,9
97282,9
97283,9
97284,9
97285,9
97286,9
97287,9
97288,9
97289,9
97290,9
97291,9
97292,9
97293,9
97294,9
97295,9
97296,9
97297,9
97298,9
97299,9
97300,9
97301,9
97302,9
97303,9
97304,9
97305,9
97306,9
97307,9
97308,9
97309,9
97310,9
97311,9
97312,9
97313,9
97314,9
97315,9
97316,9
97317,9
97318,9
97319,9
97320,9
97321,9
97322,9
97323,9
97324,9
97325,9
97326,9
97327,9
97328,9
97329,9
97330,9
97331,9
97332,9
97333,9
97334,9
97335,9
97336,9
97337,9
97338,9
97339,9
97340,9
97341,9
97342,9
97343,9
97344,9
97345,9
97346,9
97347,9
97348,9
97349,9
97350,9
97351,9
97352,9
97353,9
97354,9
97355,9
97356,9
97357,9
97358,9
97359,9
97360,9
97361,9
97362,9
97363,9
97364,9
97365,9
97366,9
97367,9
97368,9
97369,9
97370,9
97371,9
97372,9
97373,9
97374,9
97375,9
97376,9
97377,9
97378,9
97379,9
97380,9
97381,9
97382,9
97383,9
97384,9
97385,9
97386,9
97387,9
97388,9
97389,9
97390,9
97391,9
97392,9
97393,9
97394,9
97395,9
97396,9
97397,9
97398,9
97399,9
97400,9
97401,9
97402,9
97403,9
97404,9
97405,9
97406,9
97407,9
97408,9
97409,9
97410,9
97411,9
97412,9
97413,9
97414,9
97415,9
97416,9
97417,9
97418,9
97419,9
97420,9
97421,9
97422,9
97423,9
97424,9
97425,9
97426,9
97427,9
97428,9
97429,9
97430,9
97431,9
97432,9
97433,9
97434,9
97435,9
97436,9
97437,9
97438,9
97439,9
97440,9
97441,9
97442,9
97443,9
97444,9
97445,9
97446,9
97447,9
97448,9
97449,9
97450,9
97451,9
97452,9
97453,9
97454,9
97455,9
97456,9
97457,9
97458,9
97459,9
97460,9
97461,9
97462,9
97463,9
97464,9
97465,9
97466,9
97467,9
97468,9
97469,9
97470,9
97471,9
97472,9
97473,9
97474,9
97475,9
97476,9
97477,9
97478,9
97479,9
97480,9
97481,9
97482,9
97483,9
97484,9
97485,9
97486,9
97487,9
97488,9
97489,9
97490,9
97491,9
97492,9
97493,9
97494,9
97495,9
97496,9
97497,9
97498,9
97499,9
97500,9
97501,9
97502,9
97503,9
97504,9
97505,9
97506,9
97507,9
97508,9
97509,9
97510,9
97511,9
97512,9
97513,9
97514,9
97515,9
97516,9
97517,9
97518,9
97519,9
97520,9
97521,9
97522,9
97523,9
97524,9
97525,9
97526,9
97527,9
97528,9
97529,9
97530,9
97531,9
97532,9
97533,9
97534,9
97535,9
97536,9
97537,9
97538,9
97539,9
97540,9
97541,9
97542,9
97543,9
97544,9
97545,9
97546,9
97547,9
97548,9
97549,9
97550,9
97551,9
97552,9
97553,9
97554,9
97555,9
97556,9
97557,9
97558,9
97559,9
97560,9
97561,9
97562,9
97563,9
97564,9
97565,9
97566,9
97567,9
97568,9
97569,9
97570,9
97571,9
97572,9
97573,9
97574,9
97575,9
97576,9
97577,9
97578,9
97579,9
97580,9
97581,9
97582,9
97583,9
97584,9
97585,9
97586,9
97587,9
97588,9
97589,9
97590,9
97591,9
97592,9
97593,9
97594,9
97595,9
97596,9
97597,9
97598,9
97599,9
97600,9
97601,9
97602,9
97603,9
97604,9
97605,9
97606,9
97607,9
97608,9
97609,9
97610,9
97611,9
97612,9
97613,9
97614,9
97615,9
97616,9
97617,9
97618,9
97619,9
97620,9
97621,9
97622,9
97623,9
97624,9
97625,9
97626,9
97627,9
97628,9
97629,9
97630,9
97631,9
97632,9
97633,9
97634,9
97635,9
97636,9
97637,9
97638,9
97639,9
97640,9
97641,9
97642,9
97643,9
97644,9
97645,9
97646,9
97647,9
97648,9
97649,9
97650,9
97651,9
97652,9
97653,9
97654,9
97655,9
97656,9
97657,9
97658,9
97659,9
97660,9
97661,9
97662,9
97663,9
97664,9
97665,9
97666,9
97667,9
97668,9
97669,9
97670,9
97671,9
97672,9
97673,9
97674,9
97675,9
97676,9
97677,9
97678,9
97679,9
97680,9
97681,9
97682,9
97683,9
97684,9
97685,9
97686,9
97687,9
97688,9
97689,9
97690,9
97691,9
97692,9
97693,9
97694,9
97695,9
97696,9
97697,9
97698,9
97699,9
97700,9
97701,9
97702,9
97703,9
97704,9
97705,9
97706,9
97707,9
97708,9
97709,9
97710,9
97711,9
97712,9
97713,9
97714,9
97715,9
97716,9
97717,9
97718,9
97719,9
97720,9
97721,9
97722,9
97723,9
97724,9
97725,9
97726,9
97727,9
97728,9
97729,9
97730,9
97731,9
97732,9
97733,9
97734,9
97735,9
97736,9
97737,9
97738,9
97739,9
97740,9
97741,9
97742,9
97743,9
97744,9
97745,9
97746,9
97747,9
97748,9
97749,9
97750,9
97751,9
97752,9
97753,9
97754,9
97755,9
97756,9
97757,9
97758,9
97759,9
97760,9
97761,9
97762,9
97763,9
97764,9
97765,9
97766,9
97767,9
97768,9
97769,9
97770,9
97771,9
97772,9
97773,9
97774,9
97775,9
97776,9
97777,9
97778,9
97779,9
97780,9
97781,9
97782,9
97783,9
97784,9
97785,9
97786,9
97787,9
97788,9
97789,9
97790,9
97791,9
97792,9
97793,9
97794,9
97795,9
97796,9
97797,9
97798,9
97799,9
97800,9
97801,9
97802,9
97803,9
97804,9
97805,9
97806,9
97807,9
97808,9
97809,9
97810,9
97811,9
97812,9
97813,9
97814,9
97815,9
97816,9
97817,9
97818,9
97819,9
97820,9
97821,9
97822,9
97823,9
97824,9
97825,9
97826,9
97827,9
97828,9
97829,9
97830,9
97831,9
97832,9
97833,9
97834,9
97835,9
97836,9
97837,9
97838,9
97839,9
97840,9
97841,9
97842,9
97843,9
97844,9
97845,9
97846,9
97847,9
97848,9
97849,9
97850,9
97851,9
97852,9
97853,9
97854,9
97855,9
97856,9
97857,9
97858,9
97859,9
97860,9
97861,9
97862,9
97863,9
97864,9
97865,9
97866,9
97867,9
97868,9
97869,9
97870,9
97871,9
97872,9
97873,9
97874,9
97875,9
97876,9
97877,9
97878,9
97879,9
97880,9
97881,9
97882,9
97883,9
97884,9
97885,9
97886,9
97887,9
97888,9
97889,9
97890,9
97891,9
97892,9
97893,9
97894,9
97895,9
97896,9
97897,9
97898,9
97899,9
97900,9
97901,9
97902,9
97903,9
97904,9
97905,9
97906,9
97907,9
97908,9
97909,9
97910,9
97911,9
97912,9
97913,9
97914,9
97915,9
97916,9
97917,9
97918,9
97919,9
97920,9
97921,9
97922,9
97923,9
97924,9
97925,9
97926,9
97927,9
97928,9
97929,9
97930,9
97931,9
97932,9
97933,9
97934,9
97935,9
97936,9
97937,9
97938,9
97939,9
97940,9
97941,9
97942,9
97943,9
97944,9
97945,9
97946,9
97947,9
97948,9
97949,9
97950,9
97951,9
97952,9
97953,9
97954,9
97955,9
97956,9
97957,9
97958,9
97959,9
97960,9
97961,9
97962,9
97963,9
97964,9
97965,9
97966,9
97967,9
97968,9
97969,9
97970,9
97971,9
97972,9
97973,9
97974,9
97975,9
97976,9
97977,9
97978,9
97979,9
97980,9
97981,9
97982,9
97983,9
97984,9
97985,9
97986,9
97987,9
97988,9
97989,9
97990,9
97991,9
97992,9
97993,9
97994,9
97995,9
97996,9
97997,9
97998,9
97999,9
98000,9
98001,9
98002,9
98003,9
98004,9
98005,9
98006,9
98007,9
98008,9
98009,9
98010,9
98011,9
98012,9
98013,9
98014,9
98015,9
98016,9
98017,9
98018,9
98019,9
98020,9
98021,9
98022,9
98023,9
98024,9
98025,9
98026,9
98027,9
98028,9
98029,9
98030,9
98031,9
98032,9
98033,9
98034,9
98035,9
98036,9
98037,9
98038,9
98039,9
98040,9
98041,9
98042,9
98043,9
98044,9
98045,9
98046,9
98047,9
98048,9
98049,9
98050,9
98051,9
98052,9
98053,9
98054,9
98055,9
98056,9
98057,9
98058,9
98059,9
98060,9
98061,9
98062,9
98063,9
98064,9
98065,9
98066,9
98067,9
98068,9
98069,9
98070,9
98071,9
98072,9
98073,9
98074,9
98075,9
98076,9
98077,9
98078,9
98079,9
98080,9
98081,9
98082,9
98083,9
98084,9
98085,9
98086,9
98087,9
98088,9
98089,9
98090,9
98091,9
98092,9
98093,9
98094,9
98095,9
98096,9
98097,9
98098,9
98099,9
98100,9
98101,9
98102,9
98103,9
98104,9
98105,9
98106,9
98107,9
98108,9
98109,9
98110,9
98111,9
98112,9
98113,9
98114,9
98115,9
98116,9
98117,9
98118,9
98119,9
98120,9
98121,9
98122,9
98123,9
98124,9
98125,9
98126,9
98127,9
98128,9
98129,9
98130,9
98131,9
98132,9
98133,9
98134,9
98135,9
98136,9
98137,9
98138,9
98139,9
98140,9
98141,9
98142,9
98143,9
98144,9
98145,9
98146,9
98147,9
98148,9
98149,9
98150,9
98151,9
98152,9
98153,9
98154,9
98155,9
98156,9
98157,9
98158,9
98159,9
98160,9
98161,9
98162,9
98163,9
98164,9
98165,9
98166,9
98167,9
98168,9
98169,9
98170,9
98171,9
98172,9
98173,9
98174,9
98175,9
98176,9
98177,9
98178,9
98179,9
98180,9
98181,9
98182,9
98183,9
98184,9
98185,9
98186,9
98187,9
98188,9
98189,9
98190,9
98191,9
98192,9
98193,9
98194,9
98195,9
98196,9
98197,9
98198,9
98199,9
98200,9
98201,9
98202,9
98203,9
98204,9
98205,9
98206,9
98207,9
98208,9
98209,9
98210,9
98211,9
98212,9
98213,9
98214,9
98215,9
98216,9
98217,9
98218,9
98219,9
98220,9
98221,9
98222,9
98223,9
98224,9
98225,9
98226,9
98227,9
98228,9
98229,9
98230,9
98231,9
98232,9
98233,9
98234,9
98235,9
98236,9
98237,9
98238,9
98239,9
98240,9
98241,9
98242,9
98243,9
98244,9
98245,9
98246,9
98247,9
98248,9
98249,9
98250,9
98251,9
98252,9
98253,9
98254,9
98255,9
98256,9
98257,9
98258,9
98259,9
98260,9
98261,9
98262,9
98263,9
98264,9
98265,9
98266,9
98267,9
98268,9
98269,9
98270,9
98271,9
98272,9
98273,9
98274,9
98275,9
98276,9
98277,9
98278,9
98279,9
98280,9
98281,9
98282,9
98283,9
98284,9
98285,9
98286,9
98287,9
98288,9
98289,9
98290,9
98291,9
98292,9
98293,9
98294,9
98295,9
98296,9
98297,9
98298,9
98299,9
98300,9
98301,9
98302,9
98303,9
98304,9
98305,9
98306,9
98307,9
98308,9
98309,9
98310,9
98311,9
98312,9
98313,9
98314,9
98315,9
98316,9
98317,9
98318,9
98319,9
98320,9
98321,9
98322,9
98323,9
98324,9
98325,9
98326,9
98327,9
98328,9
98329,9
98330,9
98331,9
98332,9
98333,9
98334,9
98335,9
98336,9
98337,9
98338,9
98339,9
98340,9
98341,9
98342,9
98343,9
98344,9
98345,9
98346,9
98347,9
98348,9
98349,9
98350,9
98351,9
98352,9
98353,9
98354,9
98355,9
98356,9
98357,9
98358,9
98359,9
98360,9
98361,9
98362,9
98363,9
98364,9
98365,9
98366,9
98367,9
98368,9
98369,9
98370,9
98371,9
98372,9
98373,9
98374,9
98375,9
98376,9
98377,9
98378,9
98379,9
98380,9
98381,9
98382,9
98383,9
98384,9
98385,9
98386,9
98387,9
98388,9
98389,9
98390,9
98391,9
98392,9
98393,9
98394,9
98395,9
98396,9
98397,9
98398,9
98399,9
98400,9
98401,9
98402,9
98403,9
98404,9
98405,9
98406,9
98407,9
98408,9
98409,9
98410,9
98411,9
98412,9
98413,9
98414,9
98415,9
98416,9
98417,9
98418,9
98419,9
98420,9
98421,9
98422,9
98423,9
98424,9
98425,9
98426,9
98427,9
98428,9
98429,9
98430,9
98431,9
98432,9
98433,9
98434,9
98435,9
98436,9
98437,9
98438,9
98439,9
98440,9
98441,9
98442,9
98443,9
98444,9
98445,9
98446,9
98447,9
98448,9
98449,9
98450,9
98451,9
98452,9
98453,9
98454,9
98455,9
98456,9
98457,9
98458,9
98459,9
98460,9
98461,9
98462,9
98463,9
98464,9
98465,9
98466,9
98467,9
98468,9
98469,9
98470,9
98471,9
98472,9
98473,9
98474,9
98475,9
98476,9
98477,9
98478,9
98479,9
98480,9
98481,9
98482,9
98483,9
98484,9
98485,9
98486,9
98487,9
98488,9
98489,9
98490,9
98491,9
98492,9
98493,9
98494,9
98495,9
98496,9
98497,9
98498,9
98499,9
98500,9
98501,9
98502,9
98503,9
98504,9
98505,9
98506,9
98507,9
98508,9
98509,9
98510,9
98511,9
98512,9
98513,9
98514,9
98515,9
98516,9
98517,9
98518,9
98519,9
98520,9
98521,9
98522,9
98523,9
98524,9
98525,9
98526,9
98527,9
98528,9
98529,9
98530,9
98531,9
98532,9
98533,9
98534,9
98535,9
98536,9
98537,9
98538,9
98539,9
98540,9
98541,9
98542,9
98543,9
98544,9
98545,9
98546,9
98547,9
98548,9
98549,9
98550,9
98551,9
98552,9
98553,9
98554,9
98555,9
98556,9
98557,9
98558,9
98559,9
98560,9
98561,9
98562,9
98563,9
98564,9
98565,9
98566,9
98567,9
98568,9
98569,9
98570,9
98571,9
98572,9
98573,9
98574,9
98575,9
98576,9
98577,9
98578,9
98579,9
98580,9
98581,9
98582,9
98583,9
98584,9
98585,9
98586,9
98587,9
98588,9
98589,9
98590,9
98591,9
98592,9
98593,9
98594,9
98595,9
98596,9
98597,9
98598,9
98599,9
98600,9
98601,9
98602,9
98603,9
98604,9
98605,9
98606,9
98607,9
98608,9
98609,9
98610,9
98611,9
98612,9
98613,9
98614,9
98615,9
98616,9
98617,9
98618,9
98619,9
98620,9
98621,9
98622,9
98623,9
98624,9
98625,9
98626,9
98627,9
98628,9
98629,9
98630,9
98631,9
98632,9
98633,9
98634,9
98635,9
98636,9
98637,9
98638,9
98639,9
98640,9
98641,9
98642,9
98643,9
98644,9
98645,9
98646,9
98647,9
98648,9
98649,9
98650,9
98651,9
98652,9
98653,9
98654,9
98655,9
98656,9
98657,9
98658,9
98659,9
98660,9
98661,9
98662,9
98663,9
98664,9
98665,9
98666,9
98667,9
98668,9
98669,9
98670,9
98671,9
98672,9
98673,9
98674,9
98675,9
98676,9
98677,9
98678,9
98679,9
98680,9
98681,9
98682,9
98683,9
98684,9
98685,9
98686,9
98687,9
98688,9
98689,9
98690,9
98691,9
98692,9
98693,9
98694,9
98695,9
98696,9
98697,9
98698,9
98699,9
98700,9
98701,9
98702,9
98703,9
98704,9
98705,9
98706,9
98707,9
98708,9
98709,9
98710,9
98711,9
98712,9
98713,9
98714,9
98715,9
98716,9
98717,9
98718,9
98719,9
98720,9
98721,9
98722,9
98723,9
98724,9
98725,9
98726,9
98727,9
98728,9
98729,9
98730,9
98731,9
98732,9
98733,9
98734,9
98735,9
98736,9
98737,9
98738,9
98739,9
98740,9
98741,9
98742,9
98743,9
98744,9
98745,9
98746,9
98747,9
98748,9
98749,9
98750,9
98751,9
98752,9
98753,9
98754,9
98755,9
98756,9
98757,9
98758,9
98759,9
98760,9
98761,9
98762,9
98763,9
98764,9
98765,9
98766,9
98767,9
98768,9
98769,9
98770,9
98771,9
98772,9
98773,9
98774,9
98775,9
98776,9
98777,9
98778,9
98779,9
98780,9
98781,9
98782,9
98783,9
98784,9
98785,9
98786,9
98787,9
98788,9
98789,9
98790,9
98791,9
98792,9
98793,9
98794,9
98795,9
98796,9
98797,9
98798,9
98799,9
98800,9
98801,9
98802,9
98803,9
98804,9
98805,9
98806,9
98807,9
98808,9
98809,9
98810,9
98811,9
98812,9
98813,9
98814,9
98815,9
98816,9
98817,9
98818,9
98819,9
98820,9
98821,9
98822,9
98823,9
98824,9
98825,9
98826,9
98827,9
98828,9
98829,9
98830,9
98831,9
98832,9
98833,9
98834,9
98835,9
98836,9
98837,9
98838,9
98839,9
98840,9
98841,9
98842,9
98843,9
98844,9
98845,9
98846,9
98847,9
98848,9
98849,9
98850,9
98851,9
98852,9
98853,9
98854,9
98855,9
98856,9
98857,9
98858,9
98859,9
98860,9
98861,9
98862,9
98863,9
98864,9
98865,9
98866,9
98867,9
98868,9
98869,9
98870,9
98871,9
98872,9
98873,9
98874,9
98875,9
98876,9
98877,9
98878,9
98879,9
98880,9
98881,9
98882,9
98883,9
98884,9
98885,9
98886,9
98887,9
98888,9
98889,9
98890,9
98891,9
98892,9
98893,9
98894,9
98895,9
98896,9
98897,9
98898,9
98899,9
98900,9
98901,9
98902,9
98903,9
98904,9
98905,9
98906,9
98907,9
98908,9
98909,9
98910,9
98911,9
98912,9
98913,9
98914,9
98915,9
98916,9
98917,9
98918,9
98919,9
98920,9
98921,9
98922,9
98923,9
98924,9
98925,9
98926,9
98927,9
98928,9
98929,9
98930,9
98931,9
98932,9
98933,9
98934,9
98935,9
98936,9
98937,9
98938,9
98939,9
98940,9
98941,9
98942,9
98943,9
98944,9
98945,9
98946,9
98947,9
98948,9
98949,9
98950,9
98951,9
98952,9
98953,9
98954,9
98955,9
98956,9
98957,9
98958,9
98959,9
98960,9
98961,9
98962,9
98963,9
98964,9
98965,9
98966,9
98967,9
98968,9
98969,9
98970,9
98971,9
98972,9
98973,9
98974,9
98975,9
98976,9
98977,9
98978,9
98979,9
98980,9
98981,9
98982,9
98983,9
98984,9
98985,9
98986,9
98987,9
98988,9
98989,9
98990,9
98991,9
98992,9
98993,9
98994,9
98995,9
98996,9
98997,9
98998,9
98999,9
99000,9
99001,9
99002,9
99003,9
99004,9
99005,9
99006,9
99007,9
99008,9
99009,9
99010,9
99011,9
99012,9
99013,9
99014,9
99015,9
99016,9
99017,9
99018,9
99019,9
99020,9
99021,9
99022,9
99023,9
99024,9
99025,9
99026,9
99027,9
99028,9
99029,9
99030,9
99031,9
99032,9
99033,9
99034,9
99035,9
99036,9
99037,9
99038,9
99039,9
99040,9
99041,9
99042,9
99043,9
99044,9
99045,9
99046,9
99047,9
99048,9
99049,9
99050,9
99051,9
99052,9
99053,9
99054,9
99055,9
99056,9
99057,9
99058,9
99059,9
99060,9
99061,9
99062,9
99063,9
99064,9
99065,9
99066,9
99067,9
99068,9
99069,9
99070,9
99071,9
99072,9
99073,9
99074,9
99075,9
99076,9
99077,9
99078,9
99079,9
99080,9
99081,9
99082,9
99083,9
99084,9
99085,9
99086,9
99087,9
99088,9
99089,9
99090,9
99091,9
99092,9
99093,9
99094,9
99095,9
99096,9
99097,9
99098,9
99099,9
99100,9
99101,9
99102,9
99103,9
99104,9
99105,9
99106,9
99107,9
99108,9
99109,9
99110,9
99111,9
99112,9
99113,9
99114,9
99115,9
99116,9
99117,9
99118,9
99119,9
99120,9
99121,9
99122,9
99123,9
99124,9
99125,9
99126,9
99127,9
99128,9
99129,9
99130,9
99131,9
99132,9
99133,9
99134,9
99135,9
99136,9
99137,9
99138,9
99139,9
99140,9
99141,9
99142,9
99143,9
99144,9
99145,9
99146,9
99147,9
99148,9
99149,9
99150,9
99151,9
99152,9
99153,9
99154,9
99155,9
99156,9
99157,9
99158,9
99159,9
99160,9
99161,9
99162,9
99163,9
99164,9
99165,9
99166,9
99167,9
99168,9
99169,9
99170,9
99171,9
99172,9
99173,9
99174,9
99175,9
99176,9
99177,9
99178,9
99179,9
99180,9
99181,9
99182,9
99183,9
99184,9
99185,9
99186,9
99187,9
99188,9
99189,9
99190,9
99191,9
99192,9
99193,9
99194,9
99195,9
99196,9
99197,9
99198,9
99199,9
99200,9
99201,9
99202,9
99203,9
99204,9
99205,9
99206,9
99207,9
99208,9
99209,9
99210,9
99211,9
99212,9
99213,9
99214,9
99215,9
99216,9
99217,9
99218,9
99219,9
99220,9
99221,9
99222,9
99223,9
99224,9
99225,9
99226,9
99227,9
99228,9
99229,9
99230,9
99231,9
99232,9
99233,9
99234,9
99235,9
99236,9
99237,9
99238,9
99239,9
99240,9
99241,9
99242,9
99243,9
99244,9
99245,9
99246,9
99247,9
99248,9
99249,9
99250,9
99251,9
99252,9
99253,9
99254,9
99255,9
99256,9
99257,9
99258,9
99259,9
99260,9
99261,9
99262,9
99263,9
99264,9
99265,9
99266,9
99267,9
99268,9
99269,9
99270,9
99271,9
99272,9
99273,9
99274,9
99275,9
99276,9
99277,9
99278,9
99279,9
99280,9
99281,9
99282,9
99283,9
99284,9
99285,9
99286,9
99287,9
99288,9
99289,9
99290,9
99291,9
99292,9
99293,9
99294,9
99295,9
99296,9
99297,9
99298,9
99299,9
99300,9
99301,9
99302,9
99303,9
99304,9
99305,9
99306,9
99307,9
99308,9
99309,9
99310,9
99311,9
99312,9
99313,9
99314,9
99315,9
99316,9
99317,9
99318,9
99319,9
99320,9
99321,9
99322,9
99323,9
99324,9
99325,9
99326,9
99327,9
99328,9
99329,9
99330,9
99331,9
99332,9
99333,9
99334,9
99335,9
99336,9
99337,9
99338,9
99339,9
99340,9
99341,9
99342,9
99343,9
99344,9
99345,9
99346,9
99347,9
99348,9
99349,9
99350,9
99351,9
99352,9
99353,9
99354,9
99355,9
99356,9
99357,9
99358,9
99359,9
99360,9
99361,9
99362,9
99363,9
99364,9
99365,9
99366,9
99367,9
99368,9
99369,9
99370,9
99371,9
99372,9
99373,9
99374,9
99375,9
99376,9
99377,9
99378,9
99379,9
99380,9
99381,9
99382,9
99383,9
99384,9
99385,9
99386,9
99387,9
99388,9
99389,9
99390,9
99391,9
99392,9
99393,9
99394,9
99395,9
99396,9
99397,9
99398,9
99399,9
99400,9
99401,9
99402,9
99403,9
99404,9
99405,9
99406,9
99407,9
99408,9
99409,9
99410,9
99411,9
99412,9
99413,9
99414,9
99415,9
99416,9
99417,9
99418,9
99419,9
99420,9
99421,9
99422,9
99423,9
99424,9
99425,9
99426,9
99427,9
99428,9
99429,9
99430,9
99431,9
99432,9
99433,9
99434,9
99435,9
99436,9
99437,9
99438,9
99439,9
99440,9
99441,9
99442,9
99443,9
99444,9
99445,9
99446,9
99447,9
99448,9
99449,9
99450,9
99451,9
99452,9
99453,9
99454,9
99455,9
99456,9
99457,9
99458,9
99459,9
99460,9
99461,9
99462,9
99463,9
99464,9
99465,9
99466,9
99467,9
99468,9
99469,9
99470,9
99471,9
99472,9
99473,9
99474,9
99475,9
99476,9
99477,9
99478,9
99479,9
99480,9
99481,9
99482,9
99483,9
99484,9
99485,9
99486,9
99487,9
99488,9
99489,9
99490,9
99491,9
99492,9
99493,9
99494,9
99495,9
99496,9
99497,9
99498,9
99499,9
99500,9
99501,9
99502,9
99503,9
99504,9
99505,9
99506,9
99507,9
99508,9
99509,9
99510,9
99511,9
99512,9
99513,9
99514,9
99515,9
99516,9
99517,9
99518,9
99519,9
99520,9
99521,9
99522,9
99523,9
99524,9
99525,9
99526,9
99527,9
99528,9
99529,9
99530,9
99531,9
99532,9
99533,9
99534,9
99535,9
99536,9
99537,9
99538,9
99539,9
99540,9
99541,9
99542,9
99543,9
99544,9
99545,9
99546,9
99547,9
99548,9
99549,9
99550,9
99551,9
99552,9
99553,9
99554,9
99555,9
99556,9
99557,9
99558,9
99559,9
99560,9
99561,9
99562,9
99563,9
99564,9
99565,9
99566,9
99567,9
99568,9
99569,9
99570,9
99571,9
99572,9
99573,9
99574,9
99575,9
99576,9
99577,9
99578,9
99579,9
99580,9
99581,9
99582,9
99583,9
99584,9
99585,9
99586,9
99587,9
99588,9
99589,9
99590,9
99591,9
99592,9
99593,9
99594,9
99595,9
99596,9
99597,9
99598,9
99599,9
99600,9
99601,9
99602,9
99603,9
99604,9
99605,9
99606,9
99607,9
99608,9
99609,9
99610,9
99611,9
99612,9
99613,9
99614,9
99615,9
99616,9
99617,9
99618,9
99619,9
99620,9
99621,9
99622,9
99623,9
99624,9
99625,9
99626,9
99627,9
99628,9
99629,9
99630,9
99631,9
99632,9
99633,9
99634,9
99635,9
99636,9
99637,9
99638,9
99639,9
99640,9
99641,9
99642,9
99643,9
99644,9
99645,9
99646,9
99647,9
99648,9
99649,9
99650,9
99651,9
99652,9
99653,9
99654,9
99655,9
99656,9
99657,9
99658,9
99659,9
99660,9
99661,9
99662,9
99663,9
99664,9
99665,9
99666,9
99667,9
99668,9
99669,9
99670,9
99671,9
99672,9
99673,9
99674,9
99675,9
99676,9
99677,9
99678,9
99679,9
99680,9
99681,9
99682,9
99683,9
99684,9
99685,9
99686,9
99687,9
99688,9
99689,9
99690,9
99691,9
99692,9
99693,9
99694,9
99695,9
99696,9
99697,9
99698,9
99699,9
99700,9
99701,9
99702,9
99703,9
99704,9
99705,9
99706,9
99707,9
99708,9
99709,9
99710,9
99711,9
99712,9
99713,9
99714,9
99715,9
99716,9
99717,9
99718,9
99719,9
99720,9
99721,9
99722,9
99723,9
99724,9
99725,9
99726,9
99727,9
99728,9
99729,9
99730,9
99731,9
99732,9
99733,9
99734,9
99735,9
99736,9
99737,9
99738,9
99739,9
99740,9
99741,9
99742,9
99743,9
99744,9
99745,9
99746,9
99747,9
99748,9
99749,9
99750,9
99751,9
99752,9
99753,9
99754,9
99755,9
99756,9
99757,9
99758,9
99759,9
99760,9
99761,9
99762,9
99763,9
99764,9
99765,9
99766,9
99767,9
99768,9
99769,9
99770,9
99771,9
99772,9
99773,9
99774,9
99775,9
99776,9
99777,9
99778,9
99779,9
99780,9
99781,9
99782,9
99783,9
99784,9
99785,9
99786,9
99787,9
99788,9
99789,9
99790,9
99791,9
99792,9
99793,9
99794,9
99795,9
99796,9
99797,9
99798,9
99799,9
99800,9
99801,9
99802,9
99803,9
99804,9
99805,9
99806,9
99807,9
99808,9
99809,9
99810,9
99811,9
99812,9
99813,9
99814,9
99815,9
99816,9
99817,9
99818,9
99819,9
99820,9
99821,9
99822,9
99823,9
99824,9
99825,9
99826,9
99827,9
99828,9
99829,9
99830,9
99831,9
99832,9
99833,9
99834,9
99835,9
99836,9
99837,9
99838,9
99839,9
99840,9
99841,9
99842,9
99843,9
99844,9
99845,9
99846,9
99847,9
99848,9
99849,9
99850,9
99851,9
99852,9
99853,9
99854,9
99855,9
99856,9
99857,9
99858,9
99859,9
99860,9
99861,9
99862,9
99863,9
99864,9
99865,9
99866,9
99867,9
99868,9
99869,9
99870,9
99871,9
99872,9
99873,9
99874,9
99875,9
99876,9
99877,9
99878,9
99879,9
99880,9
99881,9
99882,9
99883,9
99884,9
99885,9
99886,9
99887,9
99888,9
99889,9
99890,9
99891,9
99892,9
99893,9
99894,9
99895,9
99896,9
99897,9
99898,9
99899,9
99900,9
99901,9
99902,9
99903,9
99904,9
99905,9
99906,9
99907,9
99908,9
99909,9
99910,9
99911,9
99912,9
99913,9
99914,9
99915,9
99916,9
99917,9
99918,9
99919,9
99920,9
99921,9
99922,9
99923,9
99924,9
99925,9
99926,9
99927,9
99928,9
99929,9
99930,9
99931,9
99932,9
99933,9
99934,9
99935,9
99936,9
99937,9
99938,9
99939,9
99940,9
99941,9
99942,9
99943,9
99944,9
99945,9
99946,9
99947,9
99948,9
99949,9
99950,9
99951,9
99952,9
99953,9
99954,9
99955,9
99956,9
99957,9
99958,9
99959,9
99960,9
99961,9
99962,9
99963,9
99964,9
99965,9
99966,9
99967,9
99968,9
99969,9
99970,9
99971,9
99972,9
99973,9
99974,9
99975,9
99976,9
99977,9
99978,9
99979,9
99980,9
99981,9
99982,9
99983,9
99984,9
99985,9
99986,9
99987,9
99988,9
99989,9
99990,9
99991,9
99992,9
99993,9
99994,9
99995,9
99996,9
99997,9
99998,9
99999,9
100000,9
100001,9
100002,9
100003,9
100004,9
100005,9
100006,9
100007,9
100008,9
100009,9
100010,9
100011,9
100012,9
100013,9
100014,9
100015,9
100016,9
100017,9
100018,9
100019,9
100020,9
100021,9
100022,9
100023,9
100024,9
100025,9
100026,9
100027,9
100028,9
100029,9
100030,9
100031,9
100032,9
100033,9
100034,9
100035,9
100036,9
100037,9
100038,9
100039,9
100040,9
100041,9
100042,9
100043,9
100044,9
100045,9
100046,9
100047,9
100048,9
100049,9
100050,9
100051,9
100052,9
100053,9
100054,9
100055,9
100056,9
100057,9
100058,9
100059,9
100060,9
100061,9
100062,9
100063,9
100064,9
100065,9
100066,9
100067,9
100068,9
100069,9
100070,9
100071,9
100072,9
100073,9
100074,9
100075,9
100076,9
100077,9
100078,9
100079,9
100080,9
100081,9
100082,9
100083,9
100084,9
100085,9
100086,9
100087,9
100088,9
100089,9
100090,9
100091,9
100092,9
100093,9
100094,9
100095,9
100096,9
100097,9
100098,9
100099,9
100100,9
100101,9
100102,9
100103,9
100104,9
100105,9
100106,9
100107,9
100108,9
100109,9
100110,9
100111,9
100112,9
100113,9
100114,9
100115,9
100116,9
100117,9
100118,9
100119,9
100120,9
100121,9
100122,9
100123,9
100124,9
100125,9
100126,9
100127,9
100128,9
100129,9
100130,9
100131,9
100132,9
100133,9
100134,9
100135,9
100136,9
100137,9
100138,9
100139,9
100140,9
100141,9
100142,9
100143,9
100144,9
100145,9
100146,9
100147,9
100148,9
100149,9
100150,9
100151,9
100152,9
100153,9
100154,9
100155,9
100156,9
100157,9
100158,9
100159,9
100160,9
100161,9
100162,9
100163,9
100164,9
100165,9
100166,9
100167,9
100168,9
100169,9
100170,9
100171,9
100172,9
100173,9
100174,9
100175,9
100176,9
100177,9
100178,9
100179,9
100180,9
100181,9
100182,9
100183,9
100184,9
100185,9
100186,9
100187,9
100188,9
100189,9
100190,9
100191,9
100192,9
100193,9
100194,9
100195,9
100196,9
100197,9
100198,9
100199,9
100200,9
100201,9
100202,9
100203,9
100204,9
100205,9
100206,9
100207,9
100208,9
100209,9
100210,9
100211,9
100212,9
100213,9
100214,9
100215,9
100216,9
100217,9
100218,9
100219,9
100220,9
100221,9
100222,9
100223,9
100224,9
100225,9
100226,9
100227,9
100228,9
100229,9
100230,9
100231,9
100232,9
100233,9
100234,9
100235,9
100236,9
100237,9
100238,9
100239,9
100240,9
100241,9
100242,9
100243,9
100244,9
100245,9
100246,9
100247,9
100248,9
100249,9
100250,9
100251,9
100252,9
100253,9
100254,9
100255,9
100256,9
100257,9
100258,9
100259,9
100260,9
100261,9
100262,9
100263,9
100264,9
100265,9
100266,9
100267,9
100268,9
100269,9
100270,9
100271,9
100272,9
100273,9
100274,9
100275,9
100276,9
100277,9
100278,9
100279,9
100280,9
100281,9
100282,9
100283,9
100284,9
100285,9
100286,9
100287,9
100288,9
100289,9
100290,9
100291,9
100292,9
100293,9
100294,9
100295,9
100296,9
100297,9
100298,9
100299,9
100300,9
100301,9
100302,9
100303,9
100304,9
100305,9
100306,9
100307,9
100308,9
100309,9
100310,9
100311,9
100312,9
100313,9
100314,9
100315,9
100316,9
100317,9
100318,9
100319,9
100320,9
100321,9
100322,9
100323,9
100324,9
100325,9
100326,9
100327,9
100328,9
100329,9
100330,9
100331,9
100332,9
100333,9
100334,9
100335,9
100336,9
100337,9
100338,9
100339,9
100340,9
100341,9
100342,9
100343,9
100344,9
100345,9
100346,9
100347,9
100348,9
100349,9
100350,9
100351,9
100352,9
100353,9
100354,9
100355,9
100356,9
100357,9
100358,9
100359,9
100360,9
100361,9
100362,9
100363,9
100364,9
100365,9
100366,9
100367,9
100368,9
100369,9
100370,9
100371,9
100372,9
100373,9
100374,9
100375,9
100376,9
100377,9
100378,9
100379,9
100380,9
100381,9
100382,9
100383,9
100384,9
100385,9
100386,9
100387,9
100388,9
100389,9
100390,9
100391,9
100392,9
100393,9
100394,9
100395,9
100396,9
100397,9
100398,9
100399,9
100400,9
100401,9
100402,9
100403,9
100404,9
100405,9
100406,9
100407,9
100408,9
100409,9
100410,9
100411,9
100412,9
100413,9
100414,9
100415,9
100416,9
100417,9
100418,9
100419,9
100420,9
100421,9
100422,9
100423,9
100424,9
100425,9
100426,9
100427,9
100428,9
100429,9
100430,9
100431,9
100432,9
100433,9
100434,9
100435,9
100436,9
100437,9
100438,9
100439,9
100440,9
100441,9
100442,9
100443,9
100444,9
100445,9
100446,9
100447,9
100448,9
100449,9
100450,9
100451,9
100452,9
100453,9
100454,9
100455,9
100456,9
100457,9
100458,9
100459,9
100460,9
100461,9
100462,9
100463,9
100464,9
100465,9
100466,9
100467,9
100468,9
100469,9
100470,9
100471,9
100472,9
100473,9
100474,9
100475,9
100476,9
100477,9
100478,9
100479,9
100480,9
100481,9
100482,9
100483,9
100484,9
100485,9
100486,9
100487,9
100488,9
100489,9
100490,9
100491,9
100492,9
100493,9
100494,9
100495,9
100496,9
100497,9
100498,9
100499,9
100500,9
100501,9
100502,9
100503,9
100504,9
100505,9
100506,9
100507,9
100508,9
100509,9
100510,9
100511,9
100512,9
100513,9
100514,9
100515,9
100516,9
100517,9
100518,9
100519,9
100520,9
100521,9
100522,9
100523,9
100524,9
100525,9
100526,9
100527,9
100528,9
100529,9
100530,9
100531,9
100532,9
100533,9
100534,9
100535,9
100536,9
100537,9
100538,9
100539,9
100540,9
100541,9
100542,9
100543,9
100544,9
100545,9
100546,9
100547,9
100548,9
100549,9
100550,9
100551,9
100552,9
100553,9
100554,9
100555,9
100556,9
100557,9
100558,9
100559,9
100560,9
100561,9
100562,9
100563,9
100564,9
100565,9
100566,9
100567,9
100568,9
100569,9
100570,9
100571,9
100572,9
100573,9
100574,9
100575,9
100576,9
100577,9
100578,9
100579,9
100580,9
100581,9
100582,9
100583,9
100584,9
100585,9
100586,9
100587,9
100588,9
100589,9
100590,9
100591,9
100592,9
100593,9
100594,9
100595,9
100596,9
100597,9
100598,9
100599,9
100600,9
100601,9
100602,9
100603,9
100604,9
100605,9
100606,9
100607,9
100608,9
100609,9
100610,9
100611,9
100612,9
100613,9
100614,9
100615,9
100616,9
100617,9
100618,9
100619,9
100620,9
100621,9
100622,9
100623,9
100624,9
100625,9
100626,9
100627,9
100628,9
100629,9
100630,9
100631,9
100632,9
100633,9
100634,9
100635,9
100636,9
100637,9
100638,9
100639,9
100640,9
100641,9
100642,9
100643,9
100644,9
100645,9
100646,9
100647,9
100648,9
100649,9
100650,9
100651,9
100652,9
100653,9
100654,9
100655,9
100656,9
100657,9
100658,9
100659,9
100660,9
100661,9
100662,9
100663,9
100664,9
100665,9
100666,9
100667,9
100668,9
100669,9
100670,9
100671,9
100672,9
100673,9
100674,9
100675,9
100676,9
100677,9
100678,9
100679,9
100680,9
100681,9
100682,9
100683,9
100684,9
100685,9
100686,9
100687,9
100688,9
100689,9
100690,9
100691,9
100692,9
100693,9
100694,9
100695,9
100696,9
100697,9
100698,9
100699,9
100700,9
100701,9
100702,9
100703,9
100704,9
100705,9
100706,9
100707,9
100708,9
100709,9
100710,9
100711,9
100712,9
100713,9
100714,9
100715,9
100716,9
100717,9
100718,9
100719,9
100720,9
100721,9
100722,9
100723,9
100724,9
100725,9
100726,9
100727,9
100728,9
100729,9
100730,9
100731,9
100732,9
100733,9
100734,9
100735,9
100736,9
100737,9
100738,9
100739,9
100740,9
100741,9
100742,9
100743,9
100744,9
100745,9
100746,9
100747,9
100748,9
100749,9
100750,9
100751,9
100752,9
100753,9
100754,9
100755,9
100756,9
100757,9
100758,9
100759,9
100760,9
100761,9
100762,9
100763,9
100764,9
100765,9
100766,9
100767,9
100768,9
100769,9
100770,9
100771,9
100772,9
100773,9
100774,9
100775,9
100776,9
100777,9
100778,9
100779,9
100780,9
100781,9
100782,9
100783,9
100784,9
100785,9
100786,9
100787,9
100788,9
100789,9
100790,9
100791,9
100792,9
100793,9
100794,9
100795,9
100796,9
100797,9
100798,9
100799,9
100800,9
100801,9
100802,9
100803,9
100804,9
100805,9
100806,9
100807,9
100808,9
100809,9
100810,9
100811,9
100812,9
100813,9
100814,9
100815,9
100816,9
100817,9
100818,9
100819,9
100820,9
100821,9
100822,9
100823,9
100824,9
100825,9
100826,9
100827,9
100828,9
100829,9
100830,9
100831,9
100832,9
100833,9
100834,9
100835,9
100836,9
100837,9
100838,9
100839,9
100840,9
100841,9
100842,9
100843,9
100844,9
100845,9
100846,9
100847,9
100848,9
100849,9
100850,9
100851,9
100852,9
100853,9
100854,9
100855,9
100856,9
100857,9
100858,9
100859,9
100860,9
100861,9
100862,9
100863,9
100864,9
100865,9
100866,9
100867,9
100868,9
100869,9
100870,9
100871,9
100872,9
100873,9
100874,9
100875,9
100876,9
100877,9
100878,9
100879,9
100880,9
100881,9
100882,9
100883,9
100884,9
100885,9
100886,9
100887,9
100888,9
100889,9
100890,9
100891,9
100892,9
100893,9
100894,9
100895,9
100896,9
100897,9
100898,9
100899,9
100900,9
100901,9
100902,9
100903,9
100904,9
100905,9
100906,9
100907,9
100908,9
100909,9
100910,9
100911,9
100912,9
100913,9
100914,9
100915,9
100916,9
100917,9
100918,9
100919,9
100920,9
100921,9
100922,9
100923,9
100924,9
100925,9
100926,9
100927,9
100928,9
100929,9
100930,9
100931,9
100932,9
100933,9
100934,9
100935,9
100936,9
100937,9
100938,9
100939,9
100940,9
100941,9
100942,9
100943,9
100944,9
100945,9
100946,9
100947,9
100948,9
100949,9
100950,9
100951,9
100952,9
100953,9
100954,9
100955,9
100956,9
100957,9
100958,9
100959,9
100960,9
100961,9
100962,9
100963,9
100964,9
100965,9
100966,9
100967,9
100968,9
100969,9
100970,9
100971,9
100972,9
100973,9
100974,9
100975,9
100976,9
100977,9
100978,9
100979,9
100980,9
100981,9
100982,9
100983,9
100984,9
100985,9
100986,9
100987,9
100988,9
100989,9
100990,9
100991,9
100992,9
100993,9
100994,9
100995,9
100996,9
100997,9
100998,9
100999,9
101000,9
101001,9
101002,9
101003,9
101004,9
101005,9
101006,9
101007,9
101008,9
101009,9
101010,9
101011,9
101012,9
101013,9
101014,9
101015,9
101016,9
101017,9
101018,9
101019,9
101020,9
101021,9
101022,9
101023,9
101024,9
101025,9
101026,9
101027,9
101028,9
101029,9
101030,9
101031,9
101032,9
101033,9
101034,9
101035,9
101036,9
101037,9
101038,9
101039,9
101040,9
101041,9
101042,9
101043,9
101044,9
101045,9
101046,9
101047,9
101048,9
101049,9
101050,9
101051,9
101052,9
101053,9
101054,9
101055,9
101056,9
101057,9
101058,9
101059,9
101060,9
101061,9
101062,9
101063,9
101064,9
101065,9
101066,9
101067,9
101068,9
101069,9
101070,9
101071,9
101072,9
101073,9
101074,9
101075,9
101076,9
101077,9
101078,9
101079,9
101080,9
101081,9
101082,9
101083,9
101084,9
101085,9
101086,9
101087,9
101088,9
101089,9
101090,9
101091,9
101092,9
101093,9
101094,9
101095,9
101096,9
101097,9
101098,9
101099,9
101100,9
101101,9
101102,9
101103,9
101104,9
101105,9
101106,9
101107,9
101108,9
101109,9
101110,9
101111,9
101112,9
101113,9
101114,9
101115,9
101116,9
101117,9
101118,9
101119,9
101120,9
101121,9
101122,9
101123,9
101124,9
101125,9
101126,9
101127,9
101128,9
101129,9
101130,9
101131,9
101132,9
101133,9
101134,9
101135,9
101136,9
101137,9
101138,9
101139,9
101140,9
101141,9
101142,9
101143,9
101144,9
101145,9
101146,9
101147,9
101148,9
101149,9
101150,9
101151,9
101152,9
101153,9
101154,9
101155,9
101156,9
101157,9
101158,9
101159,9
101160,9
101161,9
101162,9
101163,9
101164,9
101165,9
101166,9
101167,9
101168,9
101169,9
101170,9
101171,9
101172,9
101173,9
101174,9
101175,9
101176,9
101177,9
101178,9
101179,9
101180,9
101181,9
101182,9
101183,9
101184,9
101185,9
101186,9
101187,9
101188,9
101189,9
101190,9
101191,9
101192,9
101193,9
101194,9
101195,9
101196,9
101197,9
101198,9
101199,9
101200,9
101201,9
101202,9
101203,9
101204,9
101205,9
101206,9
101207,9
101208,9
101209,9
101210,9
101211,9
101212,9
101213,9
101214,9
101215,9
101216,9
101217,9
101218,9
101219,9
101220,9
101221,9
101222,9
101223,9
101224,9
101225,9
101226,9
101227,9
101228,9
101229,9
101230,9
101231,9
101232,9
101233,9
101234,9
101235,9
101236,9
101237,9
101238,9
101239,9
101240,9
101241,9
101242,9
101243,9
101244,9
101245,9
101246,9
101247,9
101248,9
101249,9
101250,9
101251,9
101252,9
101253,9
101254,9
101255,9
101256,9
101257,9
101258,9
101259,9
101260,9
101261,9
101262,9
101263,9
101264,9
101265,9
101266,9
101267,9
101268,9
101269,9
101270,9
101271,9
101272,9
101273,9
101274,9
101275,9
101276,9
101277,9
101278,9
101279,9
101280,9
101281,9
101282,9
101283,9
101284,9
101285,9
101286,9
101287,9
101288,9
101289,9
101290,9
101291,9
101292,9
101293,9
101294,9
101295,9
101296,9
101297,9
101298,9
101299,9
101300,9
101301,9
101302,9
101303,9
101304,9
101305,9
101306,9
101307,9
101308,9
101309,9
101310,9
101311,9
101312,9
101313,9
101314,9
101315,9
101316,9
101317,9
101318,9
101319,9
101320,9
101321,9
101322,9
101323,9
101324,9
101325,9
101326,9
101327,9
101328,9
101329,9
101330,9
101331,9
101332,9
101333,9
101334,9
101335,9
101336,9
101337,9
101338,9
101339,9
101340,9
101341,9
101342,9
101343,9
101344,9
101345,9
101346,9
101347,9
101348,9
101349,9
101350,9
101351,9
101352,9
101353,9
101354,9
101355,9
101356,9
101357,9
101358,9
101359,9
101360,9
101361,9
101362,9
101363,9
101364,9
101365,9
101366,9
101367,9
101368,9
101369,9
101370,9
101371,9
101372,9
101373,9
101374,9
101375,9
101376,9
101377,9
101378,9
101379,9
101380,9
101381,9
101382,9
101383,9
101384,9
101385,9
101386,9
101387,9
101388,9
101389,9
101390,9
101391,9
101392,9
101393,9
101394,9
101395,9
101396,9
101397,9
101398,9
101399,9
101400,9
101401,9
101402,9
101403,9
101404,9
101405,9
101406,9
101407,9
101408,9
101409,9
101410,9
101411,9
101412,9
101413,9
101414,9
101415,9
101416,9
101417,9
101418,9
101419,9
101420,9
101421,9
101422,9
101423,9
101424,9
101425,9
101426,9
101427,9
101428,9
101429,9
101430,9
101431,9
101432,9
101433,9
101434,9
101435,9
101436,9
101437,9
101438,9
101439,9
101440,9
101441,9
101442,9
101443,9
101444,9
101445,9
101446,9
101447,9
101448,9
101449,9
101450,9
101451,9
101452,9
101453,9
101454,9
101455,9
101456,9
101457,9
101458,9
101459,9
101460,9
101461,9
101462,9
101463,9
101464,9
101465,9
101466,9
101467,9
101468,9
101469,9
101470,9
101471,9
101472,9
101473,9
101474,9
101475,9
101476,9
101477,9
101478,9
101479,9
101480,9
101481,9
101482,9
101483,9
101484,9
101485,9
101486,9
101487,9
101488,9
101489,9
101490,9
101491,9
101492,9
101493,9
101494,9
101495,9
101496,9
101497,9
101498,9
101499,9
101500,9
101501,9
101502,9
101503,9
101504,9
101505,9
101506,9
101507,9
101508,9
101509,9
101510,9
101511,9
101512,9
101513,9
101514,9
101515,9
101516,9
101517,9
101518,9
101519,9
101520,9
101521,9
101522,9
101523,9
101524,9
101525,9
101526,9
101527,9
101528,9
101529,9
101530,9
101531,9
101532,9
101533,9
101534,9
101535,9
101536,9
101537,9
101538,9
101539,9
101540,9
101541,9
101542,9
101543,9
101544,9
101545,9
101546,9
101547,9
101548,9
101549,9
101550,9
101551,9
101552,9
101553,9
101554,9
101555,9
101556,9
101557,9
101558,9
101559,9
101560,9
101561,9
101562,9
101563,9
101564,9
101565,9
101566,9
101567,9
101568,9
101569,9
101570,9
101571,9
101572,9
101573,9
101574,9
101575,9
101576,9
101577,9
101578,9
101579,9
101580,9
101581,9
101582,9
101583,9
101584,9
101585,9
101586,9
101587,9
101588,9
101589,9
101590,9
101591,9
101592,9
101593,9
101594,9
101595,9
101596,9
101597,9
101598,9
101599,9
101600,9
101601,9
101602,9
101603,9
101604,9
101605,9
101606,9
101607,9
101608,9
101609,9
101610,9
101611,9
101612,9
101613,9
101614,9
101615,9
101616,9
101617,9
101618,9
101619,9
101620,9
101621,9
101622,9
101623,9
101624,9
101625,9
101626,9
101627,9
101628,9
101629,9
101630,9
101631,9
101632,9
101633,9
101634,9
101635,9
101636,9
101637,9
101638,9
101639,9
101640,9
101641,9
101642,9
101643,9
101644,9
101645,9
101646,9
101647,9
101648,9
101649,9
101650,9
101651,9
101652,9
101653,9
101654,9
101655,9
101656,9
101657,9
101658,9
101659,9
101660,9
101661,9
101662,9
101663,9
101664,9
101665,9
101666,9
101667,9
101668,9
101669,9
101670,9
101671,9
101672,9
101673,9
101674,9
101675,9
101676,9
101677,9
101678,9
101679,9
101680,9
101681,9
101682,9
101683,9
101684,9
101685,9
101686,9
101687,9
101688,9
101689,9
101690,9
101691,9
101692,9
101693,9
101694,9
101695,9
101696,9
101697,9
101698,9
101699,9
101700,9
101701,9
101702,9
101703,9
101704,9
101705,9
101706,9
101707,9
101708,9
101709,9
101710,9
101711,9
101712,9
101713,9
101714,9
101715,9
101716,9
101717,9
101718,9
101719,9
101720,9
101721,9
101722,9
101723,9
101724,9
101725,9
101726,9
101727,9
101728,9
101729,9
101730,9
101731,9
101732,9
101733,9
101734,9
101735,9
101736,9
101737,9
101738,9
101739,9
101740,9
101741,9
101742,9
101743,9
101744,9
101745,9
101746,9
101747,9
101748,9
101749,9
101750,9
101751,9
101752,9
101753,9
101754,9
101755,9
101756,9
101757,9
101758,9
101759,9
101760,9
101761,9
101762,9
101763,9
101764,9
101765,9
101766,9
101767,9
101768,9
101769,9
101770,9
101771,9
101772,9
101773,9
101774,9
101775,9
101776,9
101777,9
101778,9
101779,9
101780,9
101781,9
101782,9
101783,9
101784,9
101785,9
101786,9
101787,9
101788,9
101789,9
101790,9
101791,9
101792,9
101793,9
101794,9
101795,9
101796,9
101797,9
101798,9
101799,9
101800,9
101801,9
101802,9
101803,9
101804,9
101805,9
101806,9
101807,9
101808,9
101809,9
101810,9
101811,9
101812,9
101813,9
101814,9
101815,9
101816,9
101817,9
101818,9
101819,9
101820,9
101821,9
101822,9
101823,9
101824,9
101825,9
101826,9
101827,9
101828,9
101829,9
101830,9
101831,9
101832,9
101833,9
101834,9
101835,9
101836,9
101837,9
101838,9
101839,9
101840,9
101841,9
101842,9
101843,9
101844,9
101845,9
101846,9
101847,9
101848,9
101849,9
101850,9
101851,9
101852,9
101853,9
101854,9
101855,9
101856,9
101857,9
101858,9
101859,9
101860,9
101861,9
101862,9
101863,9
101864,9
101865,9
101866,9
101867,9
101868,9
101869,9
101870,9
101871,9
101872,9
101873,9
101874,9
101875,9
101876,9
101877,9
101878,9
101879,9
101880,9
101881,9
101882,9
101883,9
101884,9
101885,9
101886,9
101887,9
101888,9
101889,9
101890,9
101891,9
101892,9
101893,9
101894,9
101895,9
101896,9
101897,9
101898,9
101899,9
101900,9
101901,9
101902,9
101903,9
101904,9
101905,9
101906,9
101907,9
101908,9
101909,9
101910,9
101911,9
101912,9
101913,9
101914,9
101915,9
101916,9
101917,9
101918,9
101919,9
101920,9
101921,9
101922,9
101923,9
101924,9
101925,9
101926,9
101927,9
101928,9
101929,9
101930,9
101931,9
101932,9
101933,9
101934,9
101935,9
101936,9
101937,9
101938,9
101939,9
101940,9
101941,9
101942,9
101943,9
101944,9
101945,9
101946,9
101947,9
101948,9
101949,9
101950,9
101951,9
101952,9
101953,9
101954,9
101955,9
101956,9
101957,9
101958,9
101959,9
101960,9
101961,9
101962,9
101963,9
101964,9
101965,9
101966,9
101967,9
101968,9
101969,9
101970,9
101971,9
101972,9
101973,9
101974,9
101975,9
101976,9
101977,9
101978,9
101979,9
101980,9
101981,9
101982,9
101983,9
101984,9
101985,9
101986,9
101987,9
101988,9
101989,9
101990,9
101991,9
101992,9
101993,9
101994,9
101995,9
101996,9
101997,9
101998,9
101999,9
102000,9
102001,9
102002,9
102003,9
102004,9
102005,9
102006,9
102007,9
102008,9
102009,9
102010,9
102011,9
102012,9
102013,9
102014,9
102015,9
102016,9
102017,9
102018,9
102019,9
102020,9
102021,9
102022,9
102023,9
102024,9
102025,9
102026,9
102027,9
102028,9
102029,9
102030,9
102031,9
102032,9
102033,9
102034,9
102035,9
102036,9
102037,9
102038,9
102039,9
102040,9
102041,9
102042,9
102043,9
102044,9
102045,9
102046,9
102047,9
102048,9
102049,9
102050,9
102051,9
102052,9
102053,9
102054,9
102055,9
102056,9
102057,9
102058,9
102059,9
102060,9
102061,9
102062,9
102063,9
102064,9
102065,9
102066,9
102067,9
102068,9
102069,9
102070,9
102071,9
102072,9
102073,9
102074,9
102075,9
102076,9
102077,9
102078,9
102079,9
102080,9
102081,9
102082,9
102083,9
102084,9
102085,9
102086,9
102087,9
102088,9
102089,9
102090,9
102091,9
102092,9
102093,9
102094,9
102095,9
102096,9
102097,9
102098,9
102099,9
102100,9
102101,9
102102,9
102103,9
102104,9
102105,9
102106,9
102107,9
102108,9
102109,9
102110,9
102111,9
102112,9
102113,9
102114,9
102115,9
102116,9
102117,9
102118,9
102119,9
102120,9
102121,9
102122,9
102123,9
102124,9
102125,9
102126,9
102127,9
102128,9
102129,9
102130,9
102131,9
102132,9
102133,9
102134,9
102135,9
102136,9
102137,9
102138,9
102139,9
102140,9
102141,9
102142,9
102143,9
102144,9
102145,9
102146,9
102147,9
102148,9
102149,9
102150,9
102151,9
102152,9
102153,9
102154,9
102155,9
102156,9
102157,9
102158,9
102159,9
102160,9
102161,9
102162,9
102163,9
102164,9
102165,9
102166,9
102167,9
102168,9
102169,9
102170,9
102171,9
102172,9
102173,9
102174,9
102175,9
102176,9
102177,9
102178,9
102179,9
102180,9
102181,9
102182,9
102183,9
102184,9
102185,9
102186,9
102187,9
102188,9
102189,9
102190,9
102191,9
102192,9
102193,9
102194,9
102195,9
102196,9
102197,9
102198,9
102199,9
102200,9
102201,9
102202,9
102203,9
102204,9
102205,9
102206,9
102207,9
102208,9
102209,9
102210,9
102211,9
102212,9
102213,9
102214,9
102215,9
102216,9
102217,9
102218,9
102219,9
102220,9
102221,9
102222,9
102223,9
102224,9
102225,9
102226,9
102227,9
102228,9
102229,9
102230,9
102231,9
102232,9
102233,9
102234,9
102235,9
102236,9
102237,9
102238,9
102239,9
102240,9
102241,9
102242,9
102243,9
102244,9
102245,9
102246,9
102247,9
102248,9
102249,9
102250,9
102251,9
102252,9
102253,9
102254,9
102255,9
102256,9
102257,9
102258,9
102259,9
102260,9
102261,9
102262,9
102263,9
102264,9
102265,9
102266,9
102267,9
102268,9
102269,9
102270,9
102271,9
102272,9
102273,9
102274,9
102275,9
102276,9
102277,9
102278,9
102279,9
102280,9
102281,9
102282,9
102283,9
102284,9
102285,9
102286,9
102287,9
102288,9
102289,9
102290,9
102291,9
102292,9
102293,9
102294,9
102295,9
102296,9
102297,9
102298,9
102299,9
102300,9
102301,9
102302,9
102303,9
102304,9
102305,9
102306,9
102307,9
102308,9
102309,9
102310,9
102311,9
102312,9
102313,9
102314,9
102315,9
102316,9
102317,9
102318,9
102319,9
102320,9
102321,9
102322,9
102323,9
102324,9
102325,9
102326,9
102327,9
102328,9
102329,9
102330,9
102331,9
102332,9
102333,9
102334,9
102335,9
102336,9
102337,9
102338,9
102339,9
102340,9
102341,9
102342,9
102343,9
102344,9
102345,9
102346,9
102347,9
102348,9
102349,9
102350,9
102351,9
102352,9
102353,9
102354,9
102355,9
102356,9
102357,9
102358,9
102359,9
102360,9
102361,9
102362,9
102363,9
102364,9
102365,9
102366,9
102367,9
102368,9
102369,9
102370,9
102371,9
102372,9
102373,9
102374,9
102375,9
102376,9
102377,9
102378,9
102379,9
102380,9
102381,9
102382,9
102383,9
102384,9
102385,9
102386,9
102387,9
102388,9
102389,9
102390,9
102391,9
102392,9
102393,9
102394,9
102395,9
102396,9
102397,9
102398,9
102399,9
102400,9
102401,9
102402,9
102403,9
102404,9
102405,9
102406,9
102407,9
102408,9
102409,9
102410,9
102411,9
102412,9
102413,9
102414,9
102415,9
102416,9
102417,9
102418,9
102419,9
102420,9
102421,9
102422,9
102423,9
102424,9
102425,9
102426,9
102427,9
102428,9
102429,9
102430,9
102431,9
102432,9
102433,9
102434,9
102435,9
102436,9
102437,9
102438,9
102439,9
102440,9
102441,9
102442,9
102443,9
102444,9
102445,9
102446,9
102447,9
102448,9
102449,9
102450,9
102451,9
102452,9
102453,9
102454,9
102455,9
102456,9
102457,9
102458,9
102459,9
102460,9
102461,9
102462,9
102463,9
102464,9
102465,9
102466,9
102467,9
102468,9
102469,9
102470,9
102471,9
102472,9
102473,9
102474,9
102475,9
102476,9
102477,9
102478,9
102479,9
102480,9
102481,9
102482,9
102483,9
102484,9
102485,9
102486,9
102487,9
102488,9
102489,9
102490,9
102491,9
102492,9
102493,9
102494,9
102495,9
102496,9
102497,9
102498,9
102499,9
102500,9
102501,9
102502,9
102503,9
102504,9
102505,9
102506,9
102507,9
102508,9
102509,9
102510,9
102511,9
102512,9
102513,9
102514,9
102515,9
102516,9
102517,9
102518,9
102519,9
102520,9
102521,9
102522,9
102523,9
102524,9
102525,9
102526,9
102527,9
102528,9
102529,9
102530,9
102531,9
102532,9
102533,9
102534,9
102535,9
102536,9
102537,9
102538,9
102539,9
102540,9
102541,9
102542,9
102543,9
102544,9
102545,9
102546,9
102547,9
102548,9
102549,9
102550,9
102551,9
102552,9
102553,9
102554,9
102555,9
102556,9
102557,9
102558,9
102559,9
102560,9
102561,9
102562,9
102563,9
102564,9
102565,9
102566,9
102567,9
102568,9
102569,9
102570,9
102571,9
102572,9
102573,9
102574,9
102575,9
102576,9
102577,9
102578,9
102579,9
102580,9
102581,9
102582,9
102583,9
102584,9
102585,9
102586,9
102587,9
102588,9
102589,9
102590,9
102591,9
102592,9
102593,9
102594,9
102595,9
102596,9
102597,9
102598,9
102599,9
102600,9
102601,9
102602,9
102603,9
102604,9
102605,9
102606,9
102607,9
102608,9
102609,9
102610,9
102611,9
102612,9
102613,9
102614,9
102615,9
102616,9
102617,9
102618,9
102619,9
102620,9
102621,9
102622,9
102623,9
102624,9
102625,9
102626,9
102627,9
102628,9
102629,9
102630,9
102631,9
102632,9
102633,9
102634,9
102635,9
102636,9
102637,9
102638,9
102639,9
102640,9
102641,9
102642,9
102643,9
102644,9
102645,9
102646,9
102647,9
102648,9
102649,9
102650,9
102651,9
102652,9
102653,9
102654,9
102655,9
102656,9
102657,9
102658,9
102659,9
102660,9
102661,9
102662,9
102663,9
102664,9
102665,9
102666,9
102667,9
102668,9
102669,9
102670,9
102671,9
102672,9
102673,9
102674,9
102675,9
102676,9
102677,9
102678,9
102679,9
102680,9
102681,9
102682,9
102683,9
102684,9
102685,9
102686,9
102687,9
102688,9
102689,9
102690,9
102691,9
102692,9
102693,9
102694,9
102695,9
102696,9
102697,9
102698,9
102699,9
102700,9
102701,9
102702,9
102703,9
102704,9
102705,9
102706,9
102707,9
102708,9
102709,9
102710,9
102711,9
102712,9
102713,9
102714,9
102715,9
102716,9
102717,9
102718,9
102719,9
102720,9
102721,9
102722,9
102723,9
102724,9
102725,9
102726,9
102727,9
102728,9
102729,9
102730,9
102731,9
102732,9
102733,9
102734,9
102735,9
102736,9
102737,9
102738,9
102739,9
102740,9
102741,9
102742,9
102743,9
102744,9
102745,9
102746,9
102747,9
102748,9
102749,9
102750,9
102751,9
102752,9
102753,9
102754,9
102755,9
102756,9
102757,9
102758,9
102759,9
102760,9
102761,9
102762,9
102763,9
102764,9
102765,9
102766,9
102767,9
102768,9
102769,9
102770,9
102771,9
102772,9
102773,9
102774,9
102775,9
102776,9
102777,9
102778,9
102779,9
102780,9
102781,9
102782,9
102783,9
102784,9
102785,9
102786,9
102787,9
102788,9
102789,9
102790,9
102791,9
102792,9
102793,9
102794,9
102795,9
102796,9
102797,9
102798,9
102799,9
102800,9
102801,9
102802,9
102803,9
102804,9
102805,9
102806,9
102807,9
102808,9
102809,9
102810,9
102811,9
102812,9
102813,9
102814,9
102815,9
102816,9
102817,9
102818,9
102819,9
102820,9
102821,9
102822,9
102823,9
102824,9
102825,9
102826,9
102827,9
102828,9
102829,9
102830,9
102831,9
102832,9
102833,9
102834,9
102835,9
102836,9
102837,9
102838,9
102839,9
102840,9
102841,9
102842,9
102843,9
102844,9
102845,9
102846,9
102847,9
102848,9
102849,9
102850,9
102851,9
102852,9
102853,9
102854,9
102855,9
102856,9
102857,9
102858,9
102859,9
102860,9
102861,9
102862,9
102863,9
102864,9
102865,9
102866,9
102867,9
102868,9
102869,9
102870,9
102871,9
102872,9
102873,9
102874,9
102875,9
102876,9
102877,9
102878,9
102879,9
102880,9
102881,9
102882,9
102883,9
102884,9
102885,9
102886,9
102887,9
102888,9
102889,9
102890,9
102891,9
102892,9
102893,9
102894,9
102895,9
102896,9
102897,9
102898,9
102899,9
102900,9
102901,9
102902,9
102903,9
102904,9
102905,9
102906,9
102907,9
102908,9
102909,9
102910,9
102911,9
102912,9
102913,9
102914,9
102915,9
102916,9
102917,9
102918,9
102919,9
102920,9
102921,9
102922,9
102923,9
102924,9
102925,9
102926,9
102927,9
102928,9
102929,9
102930,9
102931,9
102932,9
102933,9
102934,9
102935,9
102936,9
102937,9
102938,9
102939,9
102940,9
102941,9
102942,9
102943,9
102944,9
102945,9
102946,9
102947,9
102948,9
102949,9
102950,9
102951,9
102952,9
102953,9
102954,9
102955,9
102956,9
102957,9
102958,9
102959,9
102960,9
102961,9
102962,9
102963,9
102964,9
102965,9
102966,9
102967,9
102968,9
102969,9
102970,9
102971,9
102972,9
102973,9
102974,9
102975,9
102976,9
102977,9
102978,9
102979,9
102980,9
102981,9
102982,9
102983,9
102984,9
102985,9
102986,9
102987,9
102988,9
102989,9
102990,9
102991,9
102992,9
102993,9
102994,9
102995,9
102996,9
102997,9
102998,9
102999,9
103000,9
103001,9
103002,9
103003,9
103004,9
103005,9
103006,9
103007,9
103008,9
103009,9
103010,9
103011,9
103012,9
103013,9
103014,9
103015,9
103016,9
103017,9
103018,9
103019,9
103020,9
103021,9
103022,9
103023,9
103024,9
103025,9
103026,9
103027,9
103028,9
103029,9
103030,9
103031,9
103032,9
103033,9
103034,9
103035,9
103036,9
103037,9
103038,9
103039,9
103040,9
103041,9
103042,9
103043,9
103044,9
103045,9
103046,9
103047,9
103048,9
103049,9
103050,9
103051,9
103052,9
103053,9
103054,9
103055,9
103056,9
103057,9
103058,9
103059,9
103060,9
103061,9
103062,9
103063,9
103064,9
103065,9
103066,9
103067,9
103068,9
103069,9
103070,9
103071,9
103072,9
103073,9
103074,9
103075,9
103076,9
103077,9
103078,9
103079,9
103080,9
103081,9
103082,9
103083,9
103084,9
103085,9
103086,9
103087,9
103088,9
103089,9
103090,9
103091,9
103092,9
103093,9
103094,9
103095,9
103096,9
103097,9
103098,9
103099,9
103100,9
103101,9
103102,9
103103,9
103104,9
103105,9
103106,9
103107,9
103108,9
103109,9
103110,9
103111,9
103112,9
103113,9
103114,9
103115,9
103116,9
103117,9
103118,9
103119,9
103120,9
103121,9
103122,9
103123,9
103124,9
103125,9
103126,9
103127,9
103128,9
103129,9
103130,9
103131,9
103132,9
103133,9
103134,9
103135,9
103136,9
103137,9
103138,9
103139,9
103140,9
103141,9
103142,9
103143,9
103144,9
103145,9
103146,9
103147,9
103148,9
103149,9
103150,9
103151,9
103152,9
103153,9
103154,9
103155,9
103156,9
103157,9
103158,9
103159,9
103160,9
103161,9
103162,9
103163,9
103164,9
103165,9
103166,9
103167,9
103168,9
103169,9
103170,9
103171,9
103172,9
103173,9
103174,9
103175,9
103176,9
103177,9
103178,9
103179,9
103180,9
103181,9
103182,9
103183,9
103184,9
103185,9
103186,9
103187,9
103188,9
103189,9
103190,9
103191,9
103192,9
103193,9
103194,9
103195,9
103196,9
103197,9
103198,9
103199,9
103200,9
103201,9
103202,9
103203,9
103204,9
103205,9
103206,9
103207,9
103208,9
103209,9
103210,9
103211,9
103212,9
103213,9
103214,9
103215,9
103216,9
103217,9
103218,9
103219,9
103220,9
103221,9
103222,9
103223,9
103224,9
103225,9
103226,9
103227,9
103228,9
103229,9
103230,9
103231,9
103232,9
103233,9
103234,9
103235,9
103236,9
103237,9
103238,9
103239,9
103240,9
103241,9
103242,9
103243,9
103244,9
103245,9
103246,9
103247,9
103248,9
103249,9
103250,9
103251,9
103252,9
103253,9
103254,9
103255,9
103256,9
103257,9
103258,9
103259,9
103260,9
103261,9
103262,9
103263,9
103264,9
103265,9
103266,9
103267,9
103268,9
103269,9
103270,9
103271,9
103272,9
103273,9
103274,9
103275,9
103276,9
103277,9
103278,9
103279,9
103280,9
103281,9
103282,9
103283,9
103284,9
103285,9
103286,9
103287,9
103288,9
103289,9
103290,9
103291,9
103292,9
103293,9
103294,9
103295,9
103296,9
103297,9
103298,9
103299,9
103300,9
103301,9
103302,9
103303,9
103304,9
103305,9
103306,9
103307,9
103308,9
103309,9
103310,9
103311,9
103312,9
103313,9
103314,9
103315,9
103316,9
103317,9
103318,9
103319,9
103320,9
103321,9
103322,9
103323,9
103324,9
103325,9
103326,9
103327,9
103328,9
103329,9
103330,9
103331,9
103332,9
103333,9
103334,9
103335,9
103336,9
103337,9
103338,9
103339,9
103340,9
103341,9
103342,9
103343,9
103344,9
103345,9
103346,9
103347,9
103348,9
103349,9
103350,9
103351,9
103352,9
103353,9
103354,9
103355,9
103356,9
103357,9
103358,9
103359,9
103360,9
103361,9
103362,9
103363,9
103364,9
103365,9
103366,9
103367,9
103368,9
103369,9
103370,9
103371,9
103372,9
103373,9
103374,9
103375,9
103376,9
103377,9
103378,9
103379,9
103380,9
103381,9
103382,9
103383,9
103384,9
103385,9
103386,9
103387,9
103388,9
103389,9
103390,9
103391,9
103392,9
103393,9
103394,9
103395,9
103396,9
103397,9
103398,9
103399,9
103400,9
103401,9
103402,9
103403,9
103404,9
103405,9
103406,9
103407,9
103408,9
103409,9
103410,9
103411,9
103412,9
103413,9
103414,9
103415,9
103416,9
103417,9
103418,9
103419,9
103420,9
103421,9
103422,9
103423,9
103424,9
103425,9
103426,9
103427,9
103428,9
103429,9
103430,9
103431,9
103432,9
103433,9
103434,9
103435,9
103436,9
103437,9
103438,9
103439,9
103440,9
103441,9
103442,9
103443,9
103444,9
103445,9
103446,9
103447,9
103448,9
103449,9
103450,9
103451,9
103452,9
103453,9
103454,9
103455,9
103456,9
103457,9
103458,9
103459,9
103460,9
103461,9
103462,9
103463,9
103464,9
103465,9
103466,9
103467,9
103468,9
103469,9
103470,9
103471,9
103472,9
103473,9
103474,9
103475,9
103476,9
103477,9
103478,9
103479,9
103480,9
103481,9
103482,9
103483,9
103484,9
103485,9
103486,9
103487,9
103488,9
103489,9
103490,9
103491,9
103492,9
103493,9
103494,9
103495,9
103496,9
103497,9
103498,9
103499,9
103500,9
103501,9
103502,9
103503,9
103504,9
103505,9
103506,9
103507,9
103508,9
103509,9
103510,9
103511,9
103512,9
103513,9
103514,9
103515,9
103516,9
103517,9
103518,9
103519,9
103520,9
103521,9
103522,9
103523,9
103524,9
103525,9
103526,9
103527,9
103528,9
103529,9
103530,9
103531,9
103532,9
103533,9
103534,9
103535,9
103536,9
103537,9
103538,9
103539,9
103540,9
103541,9
103542,9
103543,9
103544,9
103545,9
103546,9
103547,9
103548,9
103549,9
103550,9
103551,9
103552,9
103553,9
103554,9
103555,9
103556,9
103557,9
103558,9
103559,9
103560,9
103561,9
103562,9
103563,9
103564,9
103565,9
103566,9
103567,9
103568,9
103569,9
103570,9
103571,9
103572,9
103573,9
103574,9
103575,9
103576,9
103577,9
103578,9
103579,9
103580,9
103581,9
103582,9
103583,9
103584,9
103585,9
103586,9
103587,9
103588,9
103589,9
103590,9
103591,9
103592,9
103593,9
103594,9
103595,9
103596,9
103597,9
103598,9
103599,9
103600,9
103601,9
103602,9
103603,9
103604,9
103605,9
103606,9
103607,9
103608,9
103609,9
103610,9
103611,9
103612,9
103613,9
103614,9
103615,9
103616,9
103617,9
103618,9
103619,9
103620,9
103621,9
103622,9
103623,9
103624,9
103625,9
103626,9
103627,9
103628,9
103629,9
103630,9
103631,9
103632,9
103633,9
103634,9
103635,9
103636,9
103637,9
103638,9
103639,9
103640,9
103641,9
103642,9
103643,9
103644,9
103645,9
103646,9
103647,9
103648,9
103649,9
103650,9
103651,9
103652,9
103653,9
103654,9
103655,9
103656,9
103657,9
103658,9
103659,9
103660,9
103661,9
103662,9
103663,9
103664,9
103665,9
103666,9
103667,9
103668,9
103669,9
103670,9
103671,9
103672,9
103673,9
103674,9
103675,9
103676,9
103677,9
103678,9
103679,9
103680,9
103681,9
103682,9
103683,9
103684,9
103685,9
103686,9
103687,9
103688,9
103689,9
103690,9
103691,9
103692,9
103693,9
103694,9
103695,9
103696,9
103697,9
103698,9
103699,9
103700,9
103701,9
103702,9
103703,9
103704,9
103705,9
103706,9
103707,9
103708,9
103709,9
103710,9
103711,9
103712,9
103713,9
103714,9
103715,9
103716,9
103717,9
103718,9
103719,9
103720,9
103721,9
103722,9
103723,9
103724,9
103725,9
103726,9
103727,9
103728,9
103729,9
103730,9
103731,9
103732,9
103733,9
103734,9
103735,9
103736,9
103737,9
103738,9
103739,9
103740,9
103741,9
103742,9
103743,9
103744,9
103745,9
103746,9
103747,9
103748,9
103749,9
103750,9
103751,9
103752,9
103753,9
103754,9
103755,9
103756,9
103757,9
103758,9
103759,9
103760,9
103761,9
103762,9
103763,9
103764,9
103765,9
103766,9
103767,9
103768,9
103769,9
103770,9
103771,9
103772,9
103773,9
103774,9
103775,9
103776,9
103777,9
103778,9
103779,9
103780,9
103781,9
103782,9
103783,9
103784,9
103785,9
103786,9
103787,9
103788,9
103789,9
103790,9
103791,9
103792,9
103793,9
103794,9
103795,9
103796,9
103797,9
103798,9
103799,9
103800,9
103801,9
103802,9
103803,9
103804,9
103805,9
103806,9
103807,9
103808,9
103809,9
103810,9
103811,9
103812,9
103813,9
103814,9
103815,9
103816,9
103817,9
103818,9
103819,9
103820,9
103821,9
103822,9
103823,9
103824,9
103825,9
103826,9
103827,9
103828,9
103829,9
103830,9
103831,9
103832,9
103833,9
103834,9
103835,9
103836,9
103837,9
103838,9
103839,9
103840,9
103841,9
103842,9
103843,9
103844,9
103845,9
103846,9
103847,9
103848,9
103849,9
103850,9
103851,9
103852,9
103853,9
103854,9
103855,9
103856,9
103857,9
103858,9
103859,9
103860,9
103861,9
103862,9
103863,9
103864,9
103865,9
103866,9
103867,9
103868,9
103869,9
103870,9
103871,9
103872,9
103873,9
103874,9
103875,9
103876,9
103877,9
103878,9
103879,9
103880,9
103881,9
103882,9
103883,9
103884,9
103885,9
103886,9
103887,9
103888,9
103889,9
103890,9
103891,9
103892,9
103893,9
103894,9
103895,9
103896,9
103897,9
103898,9
103899,9
103900,9
103901,9
103902,9
103903,9
103904,9
103905,9
103906,9
103907,9
103908,9
103909,9
103910,9
103911,9
103912,9
103913,9
103914,9
103915,9
103916,9
103917,9
103918,9
103919,9
103920,9
103921,9
103922,9
103923,9
103924,9
103925,9
103926,9
103927,9
103928,9
103929,9
103930,9
103931,9
103932,9
103933,9
103934,9
103935,9
103936,9
103937,9
103938,9
103939,9
103940,9
103941,9
103942,9
103943,9
103944,9
103945,9
103946,9
103947,9
103948,9
103949,9
103950,9
103951,9
103952,9
103953,9
103954,9
103955,9
103956,9
103957,9
103958,9
103959,9
103960,9
103961,9
103962,9
103963,9
103964,9
103965,9
103966,9
103967,9
103968,9
103969,9
103970,9
103971,9
103972,9
103973,9
103974,9
103975,9
103976,9
103977,9
103978,9
103979,9
103980,9
103981,9
103982,9
103983,9
103984,9
103985,9
103986,9
103987,9
103988,9
103989,9
103990,9
103991,9
103992,9
103993,9
103994,9
103995,9
103996,9
103997,9
103998,9
103999,9
104000,9
104001,9
104002,9
104003,9
104004,9
104005,9
104006,9
104007,9
104008,9
104009,9
104010,9
104011,9
104012,9
104013,9
104014,9
104015,9
104016,9
104017,9
104018,9
104019,9
104020,9
104021,9
104022,9
104023,9
104024,9
104025,9
104026,9
104027,9
104028,9
104029,9
104030,9
104031,9
104032,9
104033,9
104034,9
104035,9
104036,9
104037,9
104038,9
104039,9
104040,9
104041,9
104042,9
104043,9
104044,9
104045,9
104046,9
104047,9
104048,9
104049,9
104050,9
104051,9
104052,9
104053,9
104054,9
104055,9
104056,9
104057,9
104058,9
104059,9
104060,9
104061,9
104062,9
104063,9
104064,9
104065,9
104066,9
104067,9
104068,9
104069,9
104070,9
104071,9
104072,9
104073,9
104074,9
104075,9
104076,9
104077,9
104078,9
104079,9
104080,9
104081,9
104082,9
104083,9
104084,9
104085,9
104086,9
104087,9
104088,9
104089,9
104090,9
104091,9
104092,9
104093,9
104094,9
104095,9
104096,9
104097,9
104098,9
104099,9
104100,9
104101,9
104102,9
104103,9
104104,9
104105,9
104106,9
104107,9
104108,9
104109,9
104110,9
104111,9
104112,9
104113,9
104114,9
104115,9
104116,9
104117,9
104118,9
104119,9
104120,9
104121,9
104122,9
104123,9
104124,9
104125,9
104126,9
104127,9
104128,9
104129,9
104130,9
104131,9
104132,9
104133,9
104134,9
104135,9
104136,9
104137,9
104138,9
104139,9
104140,9
104141,9
104142,9
104143,9
104144,9
104145,9
104146,9
104147,9
104148,9
104149,9
104150,9
104151,9
104152,9
104153,9
104154,9
104155,9
104156,9
104157,9
104158,9
104159,9
104160,9
104161,9
104162,9
104163,9
104164,9
104165,9
104166,9
104167,9
104168,9
104169,9
104170,9
104171,9
104172,9
104173,9
104174,9
104175,9
104176,9
104177,9
104178,9
104179,9
104180,9
104181,9
104182,9
104183,9
104184,9
104185,9
104186,9
104187,9
104188,9
104189,9
104190,9
104191,9
104192,9
104193,9
104194,9
104195,9
104196,9
104197,9
104198,9
104199,9
104200,9
104201,9
104202,9
104203,9
104204,9
104205,9
104206,9
104207,9
104208,9
104209,9
104210,9
104211,9
104212,9
104213,9
104214,9
104215,9
104216,9
104217,9
104218,9
104219,9
104220,9
104221,9
104222,9
104223,9
104224,9
104225,9
104226,9
104227,9
104228,9
104229,9
104230,9
104231,9
104232,9
104233,9
104234,9
104235,9
104236,9
104237,9
104238,9
104239,9
104240,9
104241,9
104242,9
104243,9
104244,9
104245,9
104246,9
104247,9
104248,9
104249,9
104250,9
104251,9
104252,9
104253,9
104254,9
104255,9
104256,9
104257,9
104258,9
104259,9
104260,9
104261,9
104262,9
104263,9
104264,9
104265,9
104266,9
104267,9
104268,9
104269,9
104270,9
104271,9
104272,9
104273,9
104274,9
104275,9
104276,9
104277,9
104278,9
104279,9
104280,9
104281,9
104282,9
104283,9
104284,9
104285,9
104286,9
104287,9
104288,9
104289,9
104290,9
104291,9
104292,9
104293,9
104294,9
104295,9
104296,9
104297,9
104298,9
104299,9
104300,9
104301,9
104302,9
104303,9
104304,9
104305,9
104306,9
104307,9
104308,9
104309,9
104310,9
104311,9
104312,9
104313,9
104314,9
104315,9
104316,9
104317,9
104318,9
104319,9
104320,9
104321,9
104322,9
104323,9
104324,9
104325,9
104326,9
104327,9
104328,9
104329,9
104330,9
104331,9
104332,9
104333,9
104334,9
104335,9
104336,9
104337,9
104338,9
104339,9
104340,9
104341,9
104342,9
104343,9
104344,9
104345,9
104346,9
104347,9
104348,9
104349,9
104350,9
104351,9
104352,9
104353,9
104354,9
104355,9
104356,9
104357,9
104358,9
104359,9
104360,9
104361,9
104362,9
104363,9
104364,9
104365,9
104366,9
104367,9
104368,9
104369,9
104370,9
104371,9
104372,9
104373,9
104374,9
104375,9
104376,9
104377,9
104378,9
104379,9
104380,9
104381,9
104382,9
104383,9
104384,9
104385,9
104386,9
104387,9
104388,9
104389,9
104390,9
104391,9
104392,9
104393,9
104394,9
104395,9
104396,9
104397,9
104398,9
104399,9
104400,9
104401,9
104402,9
104403,9
104404,9
104405,9
104406,9
104407,9
104408,9
104409,9
104410,9
104411,9
104412,9
104413,9
104414,9
104415,9
104416,9
104417,9
104418,9
104419,9
104420,9
104421,9
104422,9
104423,9
104424,9
104425,9
104426,9
104427,9
104428,9
104429,9
104430,9
104431,9
104432,9
104433,9
104434,9
104435,9
104436,9
104437,9
104438,9
104439,9
104440,9
104441,9
104442,9
104443,9
104444,9
104445,9
104446,9
104447,9
104448,9
104449,9
104450,9
104451,9
104452,9
104453,9
104454,9
104455,9
104456,9
104457,9
104458,9
104459,9
104460,9
104461,9
104462,9
104463,9
104464,9
104465,9
104466,9
104467,9
104468,9
104469,9
104470,9
104471,9
104472,9
104473,9
104474,9
104475,9
104476,9
104477,9
104478,9
104479,9
104480,9
104481,9
104482,9
104483,9
104484,9
104485,9
104486,9
104487,9
104488,9
104489,9
104490,9
104491,9
104492,9
104493,9
104494,9
104495,9
104496,9
104497,9
104498,9
104499,9
104500,9
104501,9
104502,9
104503,9
104504,9
104505,9
104506,9
104507,9
104508,9
104509,9
104510,9
104511,9
104512,9
104513,9
104514,9
104515,9
104516,9
104517,9
104518,9
104519,9
104520,9
104521,9
104522,9
104523,9
104524,9
104525,9
104526,9
104527,9
104528,9
104529,9
104530,9
104531,9
104532,9
104533,9
104534,9
104535,9
104536,9
104537,9
104538,9
104539,9
104540,9
104541,9
104542,9
104543,9
104544,9
104545,9
104546,9
104547,9
104548,9
104549,9
104550,9
104551,9
104552,9
104553,9
104554,9
104555,9
104556,9
104557,9
104558,9
104559,9
104560,9
104561,9
104562,9
104563,9
104564,9
104565,9
104566,9
104567,9
104568,9
104569,9
104570,9
104571,9
104572,9
104573,9
104574,9
104575,9
104576,9
104577,9
104578,9
104579,9
104580,9
104581,9
104582,9
104583,9
104584,9
104585,9
104586,9
104587,9
104588,9
104589,9
104590,9
104591,9
104592,9
104593,9
104594,9
104595,9
104596,9
104597,9
104598,9
104599,9
104600,9
104601,9
104602,9
104603,9
104604,9
104605,9
104606,9
104607,9
104608,9
104609,9
104610,9
104611,9
104612,9
104613,9
104614,9
104615,9
104616,9
104617,9
104618,9
104619,9
104620,9
104621,9
104622,9
104623,9
104624,9
104625,9
104626,9
104627,9
104628,9
104629,9
104630,9
104631,9
104632,9
104633,9
104634,9
104635,9
104636,9
104637,9
104638,9
104639,9
104640,9
104641,9
104642,9
104643,9
104644,9
104645,9
104646,9
104647,9
104648,9
104649,9
104650,9
104651,9
104652,9
104653,9
104654,9
104655,9
104656,9
104657,9
104658,9
104659,9
104660,9
104661,9
104662,9
104663,9
104664,9
104665,9
104666,9
104667,9
104668,9
104669,9
104670,9
104671,9
104672,9
104673,9
104674,9
104675,9
104676,9
104677,9
104678,9
104679,9
104680,9
104681,9
104682,9
104683,9
104684,9
104685,9
104686,9
104687,9
104688,9
104689,9
104690,9
104691,9
104692,9
104693,9
104694,9
104695,9
104696,9
104697,9
104698,9
104699,9
104700,9
104701,9
104702,9
104703,9
104704,9
104705,9
104706,9
104707,9
104708,9
104709,9
104710,9
104711,9
104712,9
104713,9
104714,9
104715,9
104716,9
104717,9
104718,9
104719,9
104720,9
104721,9
104722,9
104723,9
104724,9
104725,9
104726,9
104727,9
104728,9
104729,9
104730,9
104731,9
104732,9
104733,9
104734,9
104735,9
104736,9
104737,9
104738,9
104739,9
104740,9
104741,9
104742,9
104743,9
104744,9
104745,9
104746,9
104747,9
104748,9
104749,9
104750,9
104751,9
104752,9
104753,9
104754,9
104755,9
104756,9
104757,9
104758,9
104759,9
104760,9
104761,9
104762,9
104763,9
104764,9
104765,9
104766,9
104767,9
104768,9
104769,9
104770,9
104771,9
104772,9
104773,9
104774,9
104775,9
104776,9
104777,9
104778,9
104779,9
104780,9
104781,9
104782,9
104783,9
104784,9
104785,9
104786,9
104787,9
104788,9
104789,9
104790,9
104791,9
104792,9
104793,9
104794,9
104795,9
104796,9
104797,9
104798,9
104799,9
104800,9
104801,9
104802,9
104803,9
104804,9
104805,9
104806,9
104807,9
104808,9
104809,9
104810,9
104811,9
104812,9
104813,9
104814,9
104815,9
104816,9
104817,9
104818,9
104819,9
104820,9
104821,9
104822,9
104823,9
104824,9
104825,9
104826,9
104827,9
104828,9
104829,9
104830,9
104831,9
104832,9
104833,9
104834,9
104835,9
104836,9
104837,9
104838,9
104839,9
104840,9
104841,9
104842,9
104843,9
104844,9
104845,9
104846,9
104847,9
104848,9
104849,9
104850,9
104851,9
104852,9
104853,9
104854,9
104855,9
104856,9
104857,9
104858,9
104859,9
104860,9
104861,9
104862,9
104863,9
104864,9
104865,9
104866,9
104867,9
104868,9
104869,9
104870,9
104871,9
104872,9
104873,9
104874,9
104875,9
104876,9
104877,9
104878,9
104879,9
104880,9
104881,9
104882,9
104883,9
104884,9
104885,9
104886,9
104887,9
104888,9
104889,9
104890,9
104891,9
104892,9
104893,9
104894,9
104895,9
104896,9
104897,9
104898,9
104899,9
104900,9
104901,9
104902,9
104903,9
104904,9
104905,9
104906,9
104907,9
104908,9
104909,9
104910,9
104911,9
104912,9
104913,9
104914,9
104915,9
104916,9
104917,9
104918,9
104919,9
104920,9
104921,9
104922,9
104923,9
104924,9
104925,9
104926,9
104927,9
104928,9
104929,9
104930,9
104931,9
104932,9
104933,9
104934,9
104935,9
104936,9
104937,9
104938,9
104939,9
104940,9
104941,9
104942,9
104943,9
104944,9
104945,9
104946,9
104947,9
104948,9
104949,9
104950,9
104951,9
104952,9
104953,9
104954,9
104955,9
104956,9
104957,9
104958,9
104959,9
104960,9
104961,9
104962,9
104963,9
104964,9
104965,9
104966,9
104967,9
104968,9
104969,9
104970,9
104971,9
104972,9
104973,9
104974,9
104975,9
104976,9
104977,9
104978,9
104979,9
104980,9
104981,9
104982,9
104983,9
104984,9
104985,9
104986,9
104987,9
104988,9
104989,9
104990,9
104991,9
104992,9
104993,9
104994,9
104995,9
104996,9
104997,9
104998,9
104999,9
105000,9
105001,9
105002,9
105003,9
105004,9
105005,9
105006,9
105007,9
105008,9
105009,9
105010,9
105011,9
105012,9
105013,9
105014,9
105015,9
105016,9
105017,9
105018,9
105019,9
105020,9
105021,9
105022,9
105023,9
105024,9
105025,9
105026,9
105027,9
105028,9
105029,9
105030,9
105031,9
105032,9
105033,9
105034,9
105035,9
105036,9
105037,9
105038,9
105039,9
105040,9
105041,9
105042,9
105043,9
105044,9
105045,9
105046,9
105047,9
105048,9
105049,9
105050,9
105051,9
105052,9
105053,9
105054,9
105055,9
105056,9
105057,9
105058,9
105059,9
105060,9
105061,9
105062,9
105063,9
105064,9
105065,9
105066,9
105067,9
105068,9
105069,9
105070,9
105071,9
105072,9
105073,9
105074,9
105075,9
105076,9
105077,9
105078,9
105079,9
105080,9
105081,9
105082,9
105083,9
105084,9
105085,9
105086,9
105087,9
105088,9
105089,9
105090,9
105091,9
105092,9
105093,9
105094,9
105095,9
105096,9
105097,9
105098,9
105099,9
105100,9
105101,9
105102,9
105103,9
105104,9
105105,9
105106,9
105107,9
105108,9
105109,9
105110,9
105111,9
105112,9
105113,9
105114,9
105115,9
105116,9
105117,9
105118,9
105119,9
105120,9
105121,9
105122,9
105123,9
105124,9
105125,9
105126,9
105127,9
105128,9
105129,9
105130,9
105131,9
105132,9
105133,9
105134,9
105135,9
105136,9
105137,9
105138,9
105139,9
105140,9
105141,9
105142,9
105143,9
105144,9
105145,9
105146,9
105147,9
105148,9
105149,9
105150,9
105151,9
105152,9
105153,9
105154,9
105155,9
105156,9
105157,9
105158,9
105159,9
105160,9
105161,9
105162,9
105163,9
105164,9
105165,9
105166,9
105167,9
105168,9
105169,9
105170,9
105171,9
105172,9
105173,9
105174,9
105175,9
105176,9
105177,9
105178,9
105179,9
105180,9
105181,9
105182,9
105183,9
105184,9
105185,9
105186,9
105187,9
105188,9
105189,9
105190,9
105191,9
105192,9
105193,9
105194,9
105195,9
105196,9
105197,9
105198,9
105199,9
105200,9
105201,9
105202,9
105203,9
105204,9
105205,9
105206,9
105207,9
105208,9
105209,9
105210,9
105211,9
105212,9
105213,9
105214,9
105215,9
105216,9
105217,9
105218,9
105219,9
105220,9
105221,9
105222,9
105223,9
105224,9
105225,9
105226,9
105227,9
105228,9
105229,9
105230,9
105231,9
105232,9
105233,9
105234,9
105235,9
105236,9
105237,9
105238,9
105239,9
105240,9
105241,9
105242,9
105243,9
105244,9
105245,9
105246,9
105247,9
105248,9
105249,9
105250,9
105251,9
105252,9
105253,9
105254,9
105255,9
105256,9
105257,9
105258,9
105259,9
105260,9
105261,9
105262,9
105263,9
105264,9
105265,9
105266,9
105267,9
105268,9
105269,9
105270,9
105271,9
105272,9
105273,9
105274,9
105275,9
105276,9
105277,9
105278,9
105279,9
105280,9
105281,9
105282,9
105283,9
105284,9
105285,9
105286,9
105287,9
105288,9
105289,9
105290,9
105291,9
105292,9
105293,9
105294,9
105295,9
105296,9
105297,9
105298,9
105299,9
105300,9
105301,9
105302,9
105303,9
105304,9
105305,9
105306,9
105307,9
105308,9
105309,9
105310,9
105311,9
105312,9
105313,9
105314,9
105315,9
105316,9
105317,9
105318,9
105319,9
105320,9
105321,9
105322,9
105323,9
105324,9
105325,9
105326,9
105327,9
105328,9
105329,9
105330,9
105331,9
105332,9
105333,9
105334,9
105335,9
105336,9
105337,9
105338,9
105339,9
105340,9
105341,9
105342,9
105343,9
105344,9
105345,9
105346,9
105347,9
105348,9
105349,9
105350,9
105351,9
105352,9
105353,9
105354,9
105355,9
105356,9
105357,9
105358,9
105359,9
105360,9
105361,9
105362,9
105363,9
105364,9
105365,9
105366,9
105367,9
105368,9
105369,9
105370,9
105371,9
105372,9
105373,9
105374,9
105375,9
105376,9
105377,9
105378,9
105379,9
105380,9
105381,9
105382,9
105383,9
105384,9
105385,9
105386,9
105387,9
105388,9
105389,9
105390,9
105391,9
105392,9
105393,9
105394,9
105395,9
105396,9
105397,9
105398,9
105399,9
105400,9
105401,9
105402,9
105403,9
105404,9
105405,9
105406,9
105407,9
105408,9
105409,9
105410,9
105411,9
105412,9
105413,9
105414,9
105415,9
105416,9
105417,9
105418,9
105419,9
105420,9
105421,9
105422,9
105423,9
105424,9
105425,9
105426,9
105427,9
105428,9
105429,9
105430,9
105431,9
105432,9
105433,9
105434,9
105435,9
105436,9
105437,9
105438,9
105439,9
105440,9
105441,9
105442,9
105443,9
105444,9
105445,9
105446,9
105447,9
105448,9
105449,9
105450,9
105451,9
105452,9
105453,9
105454,9
105455,9
105456,9
105457,9
105458,9
105459,9
105460,9
105461,9
105462,9
105463,9
105464,9
105465,9
105466,9
105467,9
105468,9
105469,9
105470,9
105471,9
105472,9
105473,9
105474,9
105475,9
105476,9
105477,9
105478,9
105479,9
105480,9
105481,9
105482,9
105483,9
105484,9
105485,9
105486,9
105487,9
105488,9
105489,9
105490,9
105491,9
105492,9
105493,9
105494,9
105495,9
105496,9
105497,9
105498,9
105499,9
105500,9
105501,9
105502,9
105503,9
105504,9
105505,9
105506,9
105507,9
105508,9
105509,9
105510,9
105511,9
105512,9
105513,9
105514,9
105515,9
105516,9
105517,9
105518,9
105519,9
105520,9
105521,9
105522,9
105523,9
105524,9
105525,9
105526,9
105527,9
105528,9
105529,9
105530,9
105531,9
105532,9
105533,9
105534,9
105535,9
105536,9
105537,9
105538,9
105539,9
105540,9
105541,9
105542,9
105543,9
105544,9
105545,9
105546,9
105547,9
105548,9
105549,9
105550,9
105551,9
105552,9
105553,9
105554,9
105555,9
105556,9
105557,9
105558,9
105559,9
105560,9
105561,9
105562,9
105563,9
105564,9
105565,9
105566,9
105567,9
105568,9
105569,9
105570,9
105571,9
105572,9
105573,9
105574,9
105575,9
105576,9
105577,9
105578,9
105579,9
105580,9
105581,9
105582,9
105583,9
105584,9
105585,9
105586,9
105587,9
105588,9
105589,9
105590,9
105591,9
105592,9
105593,9
105594,9
105595,9
105596,9
105597,9
105598,9
105599,9
105600,9
105601,9
105602,9
105603,9
105604,9
105605,9
105606,9
105607,9
105608,9
105609,9
105610,9
105611,9
105612,9
105613,9
105614,9
105615,9
105616,9
105617,9
105618,9
105619,9
105620,9
105621,9
105622,9
105623,9
105624,9
105625,9
105626,9
105627,9
105628,9
105629,9
105630,9
105631,9
105632,9
105633,9
105634,9
105635,9
105636,9
105637,9
105638,9
105639,9
105640,9
105641,9
105642,9
105643,9
105644,9
105645,9
105646,9
105647,9
105648,9
105649,9
105650,9
105651,9
105652,9
105653,9
105654,9
105655,9
105656,9
105657,9
105658,9
105659,9
105660,9
105661,9
105662,9
105663,9
105664,9
105665,9
105666,9
105667,9
105668,9
105669,9
105670,9
105671,9
105672,9
105673,9
105674,9
105675,9
105676,9
105677,9
105678,9
105679,9
105680,9
105681,9
105682,9
105683,9
105684,9
105685,9
105686,9
105687,9
105688,9
105689,9
105690,9
105691,9
105692,9
105693,9
105694,9
105695,9
105696,9
105697,9
105698,9
105699,9
105700,9
105701,9
105702,9
105703,9
105704,9
105705,9
105706,9
105707,9
105708,9
105709,9
105710,9
105711,9
105712,9
105713,9
105714,9
105715,9
105716,9
105717,9
105718,9
105719,9
105720,9
105721,9
105722,9
105723,9
105724,9
105725,9
105726,9
105727,9
105728,9
105729,9
105730,9
105731,9
105732,9
105733,9
105734,9
105735,9
105736,9
105737,9
105738,9
105739,9
105740,9
105741,9
105742,9
105743,9
105744,9
105745,9
105746,9
105747,9
105748,9
105749,9
105750,9
105751,9
105752,9
105753,9
105754,9
105755,9
105756,9
105757,9
105758,9
105759,9
105760,9
105761,9
105762,9
105763,9
105764,9
105765,9
105766,9
105767,9
105768,9
105769,9
105770,9
105771,9
105772,9
105773,9
105774,9
105775,9
105776,9
105777,9
105778,9
105779,9
105780,9
105781,9
105782,9
105783,9
105784,9
105785,9
105786,9
105787,9
105788,9
105789,9
105790,9
105791,9
105792,9
105793,9
105794,9
105795,9
105796,9
105797,9
105798,9
105799,9
105800,9
105801,9
105802,9
105803,9
105804,9
105805,9
105806,9
105807,9
105808,9
105809,9
105810,9
105811,9
105812,9
105813,9
105814,9
105815,9
105816,9
105817,9
105818,9
105819,9
105820,9
105821,9
105822,9
105823,9
105824,9
105825,9
105826,9
105827,9
105828,9
105829,9
105830,9
105831,9
105832,9
105833,9
105834,9
105835,9
105836,9
105837,9
105838,9
105839,9
105840,9
105841,9
105842,9
105843,9
105844,9
105845,9
105846,9
105847,9
105848,9
105849,9
105850,9
105851,9
105852,9
105853,9
105854,9
105855,9
105856,9
105857,9
105858,9
105859,9
105860,9
105861,9
105862,9
105863,9
105864,9
105865,9
105866,9
105867,9
105868,9
105869,9
105870,9
105871,9
105872,9
105873,9
105874,9
105875,9
105876,9
105877,9
105878,9
105879,9
105880,9
105881,9
105882,9
105883,9
105884,9
105885,9
105886,9
105887,9
105888,9
105889,9
105890,9
105891,9
105892,9
105893,9
105894,9
105895,9
105896,9
105897,9
105898,9
105899,9
105900,9
105901,9
105902,9
105903,9
105904,9
105905,9
105906,9
105907,9
105908,9
105909,9
105910,9
105911,9
105912,9
105913,9
105914,9
105915,9
105916,9
105917,9
105918,9
105919,9
105920,9
105921,9
105922,9
105923,9
105924,9
105925,9
105926,9
105927,9
105928,9
105929,9
105930,9
105931,9
105932,9
105933,9
105934,9
105935,9
105936,9
105937,9
105938,9
105939,9
105940,9
105941,9
105942,9
105943,9
105944,9
105945,9
105946,9
105947,9
105948,9
105949,9
105950,9
105951,9
105952,9
105953,9
105954,9
105955,9
105956,9
105957,9
105958,9
105959,9
105960,9
105961,9
105962,9
105963,9
105964,9
105965,9
105966,9
105967,9
105968,9
105969,9
105970,9
105971,9
105972,9
105973,9
105974,9
105975,9
105976,9
105977,9
105978,9
105979,9
105980,9
105981,9
105982,9
105983,9
105984,9
105985,9
105986,9
105987,9
105988,9
105989,9
105990,9
105991,9
105992,9
105993,9
105994,9
105995,9
105996,9
105997,9
105998,9
105999,9
106000,9
106001,9
106002,9
106003,9
106004,9
106005,9
106006,9
106007,9
106008,9
106009,9
106010,9
106011,9
106012,9
106013,9
106014,9
106015,9
106016,9
106017,9
106018,9
106019,9
106020,9
106021,9
106022,9
106023,9
106024,9
106025,9
106026,9
106027,9
106028,9
106029,9
106030,9
106031,9
106032,9
106033,9
106034,9
106035,9
106036,9
106037,9
106038,9
106039,9
106040,9
106041,9
106042,9
106043,9
106044,9
106045,9
106046,9
106047,9
106048,9
106049,9
106050,9
106051,9
106052,9
106053,9
106054,9
106055,9
106056,9
106057,9
106058,9
106059,9
106060,9
106061,9
106062,9
106063,9
106064,9
106065,9
106066,9
106067,9
106068,9
106069,9
106070,9
106071,9
106072,9
106073,9
106074,9
106075,9
106076,9
106077,9
106078,9
106079,9
106080,9
106081,9
106082,9
106083,9
106084,9
106085,9
106086,9
106087,9
106088,9
106089,9
106090,9
106091,9
106092,9
106093,9
106094,9
106095,9
106096,9
106097,9
106098,9
106099,9
106100,9
106101,9
106102,9
106103,9
106104,9
106105,9
106106,9
106107,9
106108,9
106109,9
106110,9
106111,9
106112,9
106113,9
106114,9
106115,9
106116,9
106117,9
106118,9
106119,9
106120,9
106121,9
106122,9
106123,9
106124,9
106125,9
106126,9
106127,9
106128,9
106129,9
106130,9
106131,9
106132,9
106133,9
106134,9
106135,9
106136,9
106137,9
106138,9
106139,9
106140,9
106141,9
106142,9
106143,9
106144,9
106145,9
106146,9
106147,9
106148,9
106149,9
106150,9
106151,9
106152,9
106153,9
106154,9
106155,9
106156,9
106157,9
106158,9
106159,9
106160,9
106161,9
106162,9
106163,9
106164,9
106165,9
106166,9
106167,9
106168,9
106169,9
106170,9
106171,9
106172,9
106173,9
106174,9
106175,9
106176,9
106177,9
106178,9
106179,9
106180,9
106181,9
106182,9
106183,9
106184,9
106185,9
106186,9
106187,9
106188,9
106189,9
106190,9
106191,9
106192,9
106193,9
106194,9
106195,9
106196,9
106197,9
106198,9
106199,9
106200,9
106201,9
106202,9
106203,9
106204,9
106205,9
106206,9
106207,9
106208,9
106209,9
106210,9
106211,9
106212,9
106213,9
106214,9
106215,9
106216,9
106217,9
106218,9
106219,9
106220,9
106221,9
106222,9
106223,9
106224,9
106225,9
106226,9
106227,9
106228,9
106229,9
106230,9
106231,9
106232,9
106233,9
106234,9
106235,9
106236,9
106237,9
106238,9
106239,9
106240,9
106241,9
106242,9
106243,9
106244,9
106245,9
106246,9
106247,9
106248,9
106249,9
106250,9
106251,9
106252,9
106253,9
106254,9
106255,9
106256,9
106257,9
106258,9
106259,9
106260,9
106261,9
106262,9
106263,9
106264,9
106265,9
106266,9
106267,9
106268,9
106269,9
106270,9
106271,9
106272,9
106273,9
106274,9
106275,9
106276,9
106277,9
106278,9
106279,9
106280,9
106281,9
106282,9
106283,9
106284,9
106285,9
106286,9
106287,9
106288,9
106289,9
106290,9
106291,9
106292,9
106293,9
106294,9
106295,9
106296,9
106297,9
106298,9
106299,9
106300,9
106301,9
106302,9
106303,9
106304,9
106305,9
106306,9
106307,9
106308,9
106309,9
106310,9
106311,9
106312,9
106313,9
106314,9
106315,9
106316,9
106317,9
106318,9
106319,9
106320,9
106321,9
106322,9
106323,9
106324,9
106325,9
106326,9
106327,9
106328,9
106329,9
106330,9
106331,9
106332,9
106333,9
106334,9
106335,9
106336,9
106337,9
106338,9
106339,9
106340,9
106341,9
106342,9
106343,9
106344,9
106345,9
106346,9
106347,9
106348,9
106349,9
106350,9
106351,9
106352,9
106353,9
106354,9
106355,9
106356,9
106357,9
106358,9
106359,9
106360,9
106361,9
106362,9
106363,9
106364,9
106365,9
106366,9
106367,9
106368,9
106369,9
106370,9
106371,9
106372,9
106373,9
106374,9
106375,9
106376,9
106377,9
106378,9
106379,9
106380,9
106381,9
106382,9
106383,9
106384,9
106385,9
106386,9
106387,9
106388,9
106389,9
106390,9
106391,9
106392,9
106393,9
106394,9
106395,9
106396,9
106397,9
106398,9
106399,9
106400,9
106401,9
106402,9
106403,9
106404,9
106405,9
106406,9
106407,9
106408,9
106409,9
106410,9
106411,9
106412,9
106413,9
106414,9
106415,9
106416,9
106417,9
106418,9
106419,9
106420,9
106421,9
106422,9
106423,9
106424,9
106425,9
106426,9
106427,9
106428,9
106429,9
106430,9
106431,9
106432,9
106433,9
106434,9
106435,9
106436,9
106437,9
106438,9
106439,9
106440,9
106441,9
106442,9
106443,9
106444,9
106445,9
106446,9
106447,9
106448,9
106449,9
106450,9
106451,9
106452,9
106453,9
106454,9
106455,9
106456,9
106457,9
106458,9
106459,9
106460,9
106461,9
106462,9
106463,9
106464,9
106465,9
106466,9
106467,9
106468,9
106469,9
106470,9
106471,9
106472,9
106473,9
106474,9
106475,9
106476,9
106477,9
106478,9
106479,9
106480,9
106481,9
106482,9
106483,9
106484,9
106485,9
106486,9
106487,9
106488,9
106489,9
106490,9
106491,9
106492,9
106493,9
106494,9
106495,9
106496,9
106497,9
106498,9
106499,9
106500,9
106501,9
106502,9
106503,9
106504,9
106505,9
106506,9
106507,9
106508,9
106509,9
106510,9
106511,9
106512,9
106513,9
106514,9
106515,9
106516,9
106517,9
106518,9
106519,9
106520,9
106521,9
106522,9
106523,9
106524,9
106525,9
106526,9
106527,9
106528,9
106529,9
106530,9
106531,9
106532,9
106533,9
106534,9
106535,9
106536,9
106537,9
106538,9
106539,9
106540,9
106541,9
106542,9
106543,9
106544,9
106545,9
106546,9
106547,9
106548,9
106549,9
106550,9
106551,9
106552,9
106553,9
106554,9
106555,9
106556,9
106557,9
106558,9
106559,9
106560,9
106561,9
106562,9
106563,9
106564,9
106565,9
106566,9
106567,9
106568,9
106569,9
106570,9
106571,9
106572,9
106573,9
106574,9
106575,9
106576,9
106577,9
106578,9
106579,9
106580,9
106581,9
106582,9
106583,9
106584,9
106585,9
106586,9
106587,9
106588,9
106589,9
106590,9
106591,9
106592,9
106593,9
106594,9
106595,9
106596,9
106597,9
106598,9
106599,9
106600,9
106601,9
106602,9
106603,9
106604,9
106605,9
106606,9
106607,9
106608,9
106609,9
106610,9
106611,9
106612,9
106613,9
106614,9
106615,9
106616,9
106617,9
106618,9
106619,9
106620,9
106621,9
106622,9
106623,9
106624,9
106625,9
106626,9
106627,9
106628,9
106629,9
106630,9
106631,9
106632,9
106633,9
106634,9
106635,9
106636,9
106637,9
106638,9
106639,9
106640,9
106641,9
106642,9
106643,9
106644,9
106645,9
106646,9
106647,9
106648,9
106649,9
106650,9
106651,9
106652,9
106653,9
106654,9
106655,9
106656,9
106657,9
106658,9
106659,9
106660,9
106661,9
106662,9
106663,9
106664,9
106665,9
106666,9
106667,9
106668,9
106669,9
106670,9
106671,9
106672,9
106673,9
106674,9
106675,9
106676,9
106677,9
106678,9
106679,9
106680,9
106681,9
106682,9
106683,9
106684,9
106685,9
106686,9
106687,9
106688,9
106689,9
106690,9
106691,9
106692,9
106693,9
106694,9
106695,9
106696,9
106697,9
106698,9
106699,9
106700,9
106701,9
106702,9
106703,9
106704,9
106705,9
106706,9
106707,9
106708,9
106709,9
106710,9
106711,9
106712,9
106713,9
106714,9
106715,9
106716,9
106717,9
106718,9
106719,9
106720,9
106721,9
106722,9
106723,9
106724,9
106725,9
106726,9
106727,9
106728,9
106729,9
106730,9
106731,9
106732,9
106733,9
106734,9
106735,9
106736,9
106737,9
106738,9
106739,9
106740,9
106741,9
106742,9
106743,9
106744,9
106745,9
106746,9
106747,9
106748,9
106749,9
106750,9
106751,9
106752,9
106753,9
106754,9
106755,9
106756,9
106757,9
106758,9
106759,9
106760,9
106761,9
106762,9
106763,9
106764,9
106765,9
106766,9
106767,9
106768,9
106769,9
106770,9
106771,9
106772,9
106773,9
106774,9
106775,9
106776,9
106777,9
106778,9
106779,9
106780,9
106781,9
106782,9
106783,9
106784,9
106785,9
106786,9
106787,9
106788,9
106789,9
106790,9
106791,9
106792,9
106793,9
106794,9
106795,9
106796,9
106797,9
106798,9
106799,9
106800,9
106801,9
106802,9
106803,9
106804,9
106805,9
106806,9
106807,9
106808,9
106809,9
106810,9
106811,9
106812,9
106813,9
106814,9
106815,9
106816,9
106817,9
106818,9
106819,9
106820,9
106821,9
106822,9
106823,9
106824,9
106825,9
106826,9
106827,9
106828,9
106829,9
106830,9
106831,9
106832,9
106833,9
106834,9
106835,9
106836,9
106837,9
106838,9
106839,9
106840,9
106841,9
106842,9
106843,9
106844,9
106845,9
106846,9
106847,9
106848,9
106849,9
106850,9
106851,9
106852,9
106853,9
106854,9
106855,9
106856,9
106857,9
106858,9
106859,9
106860,9
106861,9
106862,9
106863,9
106864,9
106865,9
106866,9
106867,9
106868,9
106869,9
106870,9
106871,9
106872,9
106873,9
106874,9
106875,9
106876,9
106877,9
106878,9
106879,9
106880,9
106881,9
106882,9
106883,9
106884,9
106885,9
106886,9
106887,9
106888,9
106889,9
106890,9
106891,9
106892,9
106893,9
106894,9
106895,9
106896,9
106897,9
106898,9
106899,9
106900,9
106901,9
106902,9
106903,9
106904,9
106905,9
106906,9
106907,9
106908,9
106909,9
106910,9
106911,9
106912,9
106913,9
106914,9
106915,9
106916,9
106917,9
106918,9
106919,9
106920,9
106921,9
106922,9
106923,9
106924,9
106925,9
106926,9
106927,9
106928,9
106929,9
106930,9
106931,9
106932,9
106933,9
106934,9
106935,9
106936,9
106937,9
106938,9
106939,9
106940,9
106941,9
106942,9
106943,9
106944,9
106945,9
106946,9
106947,9
106948,9
106949,9
106950,9
106951,9
106952,9
106953,9
106954,9
106955,9
106956,9
106957,9
106958,9
106959,9
106960,9
106961,9
106962,9
106963,9
106964,9
106965,9
106966,9
106967,9
106968,9
106969,9
106970,9
106971,9
106972,9
106973,9
106974,9
106975,9
106976,9
106977,9
106978,9
106979,9
106980,9
106981,9
106982,9
106983,9
106984,9
106985,9
106986,9
106987,9
106988,9
106989,9
106990,9
106991,9
106992,9
106993,9
106994,9
106995,9
106996,9
106997,9
106998,9
106999,9
107000,9
107001,9
107002,9
107003,9
107004,9
107005,9
107006,9
107007,9
107008,9
107009,9
107010,9
107011,9
107012,9
107013,9
107014,9
107015,9
107016,9
107017,9
107018,9
107019,9
107020,9
107021,9
107022,9
107023,9
107024,9
107025,9
107026,9
107027,9
107028,9
107029,9
107030,9
107031,9
107032,9
107033,9
107034,9
107035,9
107036,9
107037,9
107038,9
107039,9
107040,9
107041,9
107042,9
107043,9
107044,9
107045,9
107046,9
107047,9
107048,9
107049,9
107050,9
107051,9
107052,9
107053,9
107054,9
107055,9
107056,9
107057,9
107058,9
107059,9
107060,9
107061,9
107062,9
107063,9
107064,9
107065,9
107066,9
107067,9
107068,9
107069,9
107070,9
107071,9
107072,9
107073,9
107074,9
107075,9
107076,9
107077,9
107078,9
107079,9
107080,9
107081,9
107082,9
107083,9
107084,9
107085,9
107086,9
107087,9
107088,9
107089,9
107090,9
107091,9
107092,9
107093,9
107094,9
107095,9
107096,9
107097,9
107098,9
107099,9
107100,9
107101,9
107102,9
107103,9
107104,9
107105,9
107106,9
107107,9
107108,9
107109,9
107110,9
107111,9
107112,9
107113,9
107114,9
107115,9
107116,9
107117,9
107118,9
107119,9
107120,9
107121,9
107122,9
107123,9
107124,9
107125,9
107126,9
107127,9
107128,9
107129,9
107130,9
107131,9
107132,9
107133,9
107134,9
107135,9
107136,9
107137,9
107138,9
107139,9
107140,9
107141,9
107142,9
107143,9
107144,9
107145,9
107146,9
107147,9
107148,9
107149,9
107150,9
107151,9
107152,9
107153,9
107154,9
107155,9
107156,9
107157,9
107158,9
107159,9
107160,9
107161,9
107162,9
107163,9
107164,9
107165,9
107166,9
107167,9
107168,9
107169,9
107170,9
107171,9
107172,9
107173,9
107174,9
107175,9
107176,9
107177,9
107178,9
107179,9
107180,9
107181,9
107182,9
107183,9
107184,9
107185,9
107186,9
107187,9
107188,9
107189,9
107190,9
107191,9
107192,9
107193,9
107194,9
107195,9
107196,9
107197,9
107198,9
107199,9
107200,9
107201,9
107202,9
107203,9
107204,9
107205,9
107206,9
107207,9
107208,9
107209,9
107210,9
107211,9
107212,9
107213,9
107214,9
107215,9
107216,9
107217,9
107218,9
107219,9
107220,9
107221,9
107222,9
107223,9
107224,9
107225,9
107226,9
107227,9
107228,9
107229,9
107230,9
107231,9
107232,9
107233,9
107234,9
107235,9
107236,9
107237,9
107238,9
107239,9
107240,9
107241,9
107242,9
107243,9
107244,9
107245,9
107246,9
107247,9
107248,9
107249,9
107250,9
107251,9
107252,9
107253,9
107254,9
107255,9
107256,9
107257,9
107258,9
107259,9
107260,9
107261,9
107262,9
107263,9
107264,9
107265,9
107266,9
107267,9
107268,9
107269,9
107270,9
107271,9
107272,9
107273,9
107274,9
107275,9
107276,9
107277,9
107278,9
107279,9
107280,9
107281,9
107282,9
107283,9
107284,9
107285,9
107286,9
107287,9
107288,9
107289,9
107290,9
107291,9
107292,9
107293,9
107294,9
107295,9
107296,9
107297,9
107298,9
107299,9
107300,9
107301,9
107302,9
107303,9
107304,9
107305,9
107306,9
107307,9
107308,9
107309,9
107310,9
107311,9
107312,9
107313,9
107314,9
107315,9
107316,9
107317,9
107318,9
107319,9
107320,9
107321,9
107322,9
107323,9
107324,9
107325,9
107326,9
107327,9
107328,9
107329,9
107330,9
107331,9
107332,9
107333,9
107334,9
107335,9
107336,9
107337,9
107338,9
107339,9
107340,9
107341,9
107342,9
107343,9
107344,9
107345,9
107346,9
107347,9
107348,9
107349,9
107350,9
107351,9
107352,9
107353,9
107354,9
107355,9
107356,9
107357,9
107358,9
107359,9
107360,9
107361,9
107362,9
107363,9
107364,9
107365,9
107366,9
107367,9
107368,9
107369,9
107370,9
107371,9
107372,9
107373,9
107374,9
107375,9
107376,9
107377,9
107378,9
107379,9
107380,9
107381,9
107382,9
107383,9
107384,9
107385,9
107386,9
107387,9
107388,9
107389,9
107390,9
107391,9
107392,9
107393,9
107394,9
107395,9
107396,9
107397,9
107398,9
107399,9
107400,9
107401,9
107402,9
107403,9
107404,9
107405,9
107406,9
107407,9
107408,9
107409,9
107410,9
107411,9
107412,9
107413,9
107414,9
107415,9
107416,9
107417,9
107418,9
107419,9
107420,9
107421,9
107422,9
107423,9
107424,9
107425,9
107426,9
107427,9
107428,9
107429,9
107430,9
107431,9
107432,9
107433,9
107434,9
107435,9
107436,9
107437,9
107438,9
107439,9
107440,9
107441,9
107442,9
107443,9
107444,9
107445,9
107446,9
107447,9
107448,9
107449,9
107450,9
107451,9
107452,9
107453,9
107454,9
107455,9
107456,9
107457,9
107458,9
107459,9
107460,9
107461,9
107462,9
107463,9
107464,9
107465,9
107466,9
107467,9
107468,9
107469,9
107470,9
107471,9
107472,9
107473,9
107474,9
107475,9
107476,9
107477,9
107478,9
107479,9
107480,9
107481,9
107482,9
107483,9
107484,9
107485,9
107486,9
107487,9
107488,9
107489,9
107490,9
107491,9
107492,9
107493,9
107494,9
107495,9
107496,9
107497,9
107498,9
107499,9
107500,9
107501,9
107502,9
107503,9
107504,9
107505,9
107506,9
107507,9
107508,9
107509,9
107510,9
107511,9
107512,9
107513,9
107514,9
107515,9
107516,9
107517,9
107518,9
107519,9
107520,9
107521,9
107522,9
107523,9
107524,9
107525,9
107526,9
107527,9
107528,9
107529,9
107530,9
107531,9
107532,9
107533,9
107534,9
107535,9
107536,9
107537,9
107538,9
107539,9
107540,9
107541,9
107542,9
107543,9
107544,9
107545,9
107546,9
107547,9
107548,9
107549,9
107550,9
107551,9
107552,9
107553,9
107554,9
107555,9
107556,9
107557,9
107558,9
107559,9
107560,9
107561,9
107562,9
107563,9
107564,9
107565,9
107566,9
107567,9
107568,9
107569,9
107570,9
107571,9
107572,9
107573,9
107574,9
107575,9
107576,9
107577,9
107578,9
107579,9
107580,9
107581,9
107582,9
107583,9
107584,9
107585,9
107586,9
107587,9
107588,9
107589,9
107590,9
107591,9
107592,9
107593,9
107594,9
107595,9
107596,9
107597,9
107598,9
107599,9
107600,9
107601,9
107602,9
107603,9
107604,9
107605,9
107606,9
107607,9
107608,9
107609,9
107610,9
107611,9
107612,9
107613,9
107614,9
107615,9
107616,9
107617,9
107618,9
107619,9
107620,9
107621,9
107622,9
107623,9
107624,9
107625,9
107626,9
107627,9
107628,9
107629,9
107630,9
107631,9
107632,9
107633,9
107634,9
107635,9
107636,9
107637,9
107638,9
107639,9
107640,9
107641,9
107642,9
107643,9
107644,9
107645,9
107646,9
107647,9
107648,9
107649,9
107650,9
107651,9
107652,9
107653,9
107654,9
107655,9
107656,9
107657,9
107658,9
107659,9
107660,9
107661,9
107662,9
107663,9
107664,9
107665,9
107666,9
107667,9
107668,9
107669,9
107670,9
107671,9
107672,9
107673,9
107674,9
107675,9
107676,9
107677,9
107678,9
107679,9
107680,9
107681,9
107682,9
107683,9
107684,9
107685,9
107686,9
107687,9
107688,9
107689,9
107690,9
107691,9
107692,9
107693,9
107694,9
107695,9
107696,9
107697,9
107698,9
107699,9
107700,9
107701,9
107702,9
107703,9
107704,9
107705,9
107706,9
107707,9
107708,9
107709,9
107710,9
107711,9
107712,9
107713,9
107714,9
107715,9
107716,9
107717,9
107718,9
107719,9
107720,9
107721,9
107722,9
107723,9
107724,9
107725,9
107726,9
107727,9
107728,9
107729,9
